time,matched_duration,annotation1_chord,annotation2_chord,sps,vl,tbt,binary
0.0,0.25,Eb_MAJOR_inv0,Eb_MAJOR_inv0,0.0,0.0,0.0,0
0.25,0.25,Bb_MAJOR_inv0,Bb_MAJOR_inv0,0.0,0.0,0.0,0
0.5,0.375,C_MINOR_inv0,C_MINOR_inv0,0.0,0.0,0.0,0
0.875,0.09375,Ab_MAJOR_inv1,C_MINOR_inv0,0.05292593750585495,1.0,0.4285714285714286,1
0.96875,0.03125,Ab_MAJOR_inv1,C_MINOR_inv0,0.05292593750585495,1.0,0.4285714285714286,1
1.0,0.125,E_DIMINISHED_inv2,E_DIM7_inv2,0.05322977422030373,3.0,0.125,1
1.125,0.09375,E_DIM7_inv2,E_DIM7_inv2,0.0,0.0,0.0,0
1.21875,0.03125,E_DIM7_inv2,E_DIM7_inv2,0.0,0.0,0.0,0
1.25,0.125,F_MAJOR_inv1,F_MAJOR_inv1,0.0,0.0,0.0,0
1.375,0.03125,D_MAJ_MIN7_inv0,Gb_MAJOR_inv0,0.6190269150206635,17.0,0.8888888888888888,1
1.40625,0.01041666666666674,D_MAJ_MIN7_inv0,Gb_MAJOR_inv0,0.6190269150206635,17.0,0.8888888888888888,1
1.4166666666666667,0.010416666666666519,D_MAJ_MIN7_inv0,Gb_MAJOR_inv0,0.6190269150206635,17.0,0.8888888888888888,1
1.4270833333333333,0.01041666666666674,D_MAJ_MIN7_inv0,Gb_MAJOR_inv0,0.6190269150206635,17.0,0.8888888888888888,1
1.4375,0.03125,D_MAJ_MIN7_inv0,Gb_MAJOR_inv0,0.6190269150206635,17.0,0.8888888888888888,1
1.46875,0.03125,D_MAJ_MIN7_inv0,Gb_MAJOR_inv0,0.6190269150206635,17.0,0.8888888888888888,1
1.5,0.125,G_MAJOR_inv0,C_MINOR_inv2,0.03726734388909181,0.0,0.2857142857142857,1
1.625,0.0625,Gb_DIM7_inv1,Gb_DIM7_inv1,0.0,0.0,0.0,0
1.6875,0.0625,Gb_DIM7_inv1,Gb_DIM7_inv1,0.0,0.0,0.0,0
1.75,0.125,G_MAJOR_inv0,G_MAJOR_inv0,0.0,0.0,0.0,0
1.875,0.0625,G_MAJOR_inv0,G_MAJOR_inv0,0.6342779456344596,2.0,0.2857142857142857,0
1.9375,0.0625,G_MAJOR_inv0,G_MAJOR_inv0,0.6342779456344596,2.0,0.2857142857142857,0
2.0,0.125,G_MAJOR_inv0,C_MINOR_inv2,0.03726734388909181,0.0,0.2857142857142857,1
2.125,0.0625,Gb_DIM7_inv1,Gb_DIM7_inv1,0.0,0.0,0.0,0
2.1875,0.0625,Gb_DIM7_inv1,Gb_DIM7_inv1,0.0,0.0,0.0,0
2.25,0.125,G_MAJOR_inv0,G_MAJOR_inv0,0.0,0.0,0.0,0
2.375,0.125,G_MINOR_inv0,G_MINOR_inv0,0.0,0.0,0.0,0
2.5,0.125,Bb_MAJ_MIN7_inv2,Bb_MAJ_MIN7_inv2,0.0,0.0,0.0,0
2.625,0.125,Eb_MAJOR_inv0,Eb_MAJOR_inv0,0.0,0.0,0.0,0
2.75,0.04166666666666652,Bb_MAJOR_inv1,Bb_MAJOR_inv1,0.0,0.0,0.0,0
2.7916666666666665,0.04166666666666696,Bb_MAJOR_inv1,Bb_MAJOR_inv1,0.0,0.0,0.0,0
2.8333333333333335,0.04166666666666652,Bb_MAJOR_inv1,Bb_MAJOR_inv1,0.0,0.0,0.0,0
2.875,0.04166666666666652,Bb_MAJ_MIN7_inv0,Bb_MAJ_MIN7_inv0,0.0,0.0,0.0,0
2.9166666666666665,0.04166666666666696,Bb_MAJ_MIN7_inv0,Bb_MAJ_MIN7_inv0,0.0,0.0,0.0,0
2.9583333333333335,0.04166666666666652,Bb_MAJ_MIN7_inv0,Bb_MAJ_MIN7_inv0,0.0,0.0,0.0,0
3.0,0.25,E_DIM7_inv2,E_DIM7_inv2,0.0,0.0,0.0,0
3.25,0.25,Bb_MAJ_MIN7_inv0,Bb_MAJ_MIN7_inv0,0.0,0.0,0.0,0
3.5,0.375,B_MAJOR_inv0,B_MAJOR_inv0,0.0,0.0,0.0,0
3.875,0.09375,B_MAJOR_inv0,B_MAJOR_inv0,0.0,0.0,0.0,0
3.96875,0.03125,B_MAJOR_inv0,B_MAJOR_inv0,0.0,0.0,0.0,0
4.0,0.125,Gb_MAJ_MIN7_inv2,Gb_MAJ_MIN7_inv2,0.0080062960691768,1.0,0.125,0
4.125,0.09375,Gb_MAJ_MIN7_inv2,Gb_MAJ_MIN7_inv2,0.0,0.0,0.0,0
4.21875,0.03125,Gb_MAJ_MIN7_inv2,Gb_MAJ_MIN7_inv2,0.0,0.0,0.0,0
4.25,0.125,B_MAJOR_inv0,B_MAJOR_inv0,0.0,0.0,0.0,0
4.375,0.03125,Eb_MINOR_inv2,Eb_MINOR_inv2,0.0,0.0,0.0,0
4.40625,0.010416666666666963,Eb_MINOR_inv2,Eb_MINOR_inv2,0.0,0.0,0.0,0
4.416666666666667,0.010416666666666075,Eb_MINOR_inv2,Eb_MINOR_inv2,0.0,0.0,0.0,0
4.427083333333333,0.010416666666666963,Eb_MINOR_inv2,Eb_MINOR_inv2,0.0,0.0,0.0,0
4.4375,0.03125,Eb_MINOR_inv2,Eb_MINOR_inv2,0.0,0.0,0.0,0
4.46875,0.03125,Eb_MINOR_inv2,Eb_MINOR_inv2,0.0,0.0,0.0,0
4.5,0.125,A_DIM7_inv0,A_DIM7_inv0,0.0,0.0,0.0,0
4.625,0.0625,F_MAJ_MIN7_inv1,A_DIM7_inv0,0.04488693654163656,1.0,0.33333333333333337,1
4.6875,0.0625,F_MAJ_MIN7_inv1,A_DIM7_inv0,0.04488693654163656,1.0,0.33333333333333337,1
4.75,0.125,Bb_MAJOR_inv0,Bb_MAJOR_inv0,0.0,0.0,0.0,0
4.875,0.03125,Bb_HALF_DIM7_inv3,Bb_HALF_DIM7_inv3,0.0,0.0,0.0,0
4.90625,0.010416666666666963,Bb_HALF_DIM7_inv3,Bb_HALF_DIM7_inv3,0.0,0.0,0.0,0
4.916666666666667,0.010416666666666075,Bb_HALF_DIM7_inv3,Bb_HALF_DIM7_inv3,0.0,0.0,0.0,0
4.927083333333333,0.010416666666666963,Bb_HALF_DIM7_inv3,Bb_HALF_DIM7_inv3,0.0,0.0,0.0,0
4.9375,0.03125,Bb_HALF_DIM7_inv3,Bb_HALF_DIM7_inv3,0.0,0.0,0.0,0
4.96875,0.03125,Bb_HALF_DIM7_inv3,Bb_HALF_DIM7_inv3,0.0,0.0,0.0,0
5.0,0.125,G_DIM7_inv0,G_DIM7_inv0,0.0,0.0,0.0,0
5.125,0.0625,Eb_MAJ_MIN7_inv1,Eb_MAJ_MIN7_inv1,9.521421824310039e-07,0.0,0.0,0
5.1875,0.03125,Eb_MAJ_MIN7_inv1,Eb_MAJ_MIN7_inv1,9.521421824310039e-07,0.0,0.0,0
5.21875,0.03125,Eb_MAJ_MIN7_inv1,Eb_MAJ_MIN7_inv1,9.521421824310039e-07,0.0,0.0,0
5.25,0.125,Ab_MINOR_inv0,Ab_MINOR_inv0,0.0,0.0,0.0,0
5.375,0.125,Eb_MINOR_inv1,Eb_MINOR_inv1,0.0,0.0,0.0,0
5.5,0.3125,Bb_MAJ_MIN7_inv2,Bb_MAJ_MIN7_inv2,0.0,0.0,0.0,0
5.8125,0.0625,Bb_MAJ_MIN7_inv2,Bb_MAJ_MIN7_inv2,0.0,0.0,0.0,0
5.875,0.0625,Eb_MINOR_inv0,Eb_MINOR_inv0,0.0,0.0,0.0,0
5.9375,0.0625,Eb_MINOR_inv0,Eb_MINOR_inv0,0.0,0.0,0.0,0
6.0,0.3125,Bb_MAJOR_inv1,Bb_MAJOR_inv1,0.0,0.0,0.0,0
6.3125,0.0625,Bb_MAJ_MIN7_inv2,Bb_MAJOR_inv1,0.16794918213439436,11.0,0.375,1
6.375,0.0625,Eb_MINOR_inv0,Eb_MINOR_inv0,0.0,0.0,0.0,0
6.4375,0.0625,Eb_MINOR_inv0,Eb_MINOR_inv0,0.0,0.0,0.0,0
6.5,0.3125,Bb_MAJOR_inv1,Bb_MAJOR_inv1,0.0,0.0,0.0,0
6.8125,0.0625,Bb_MAJOR_inv1,Bb_MAJOR_inv1,0.0,0.0,0.0,0
6.875,0.0625,Eb_MAJ_MIN7_inv3,Eb_MAJ_MIN7_inv3,0.0,0.0,0.0,0
6.9375,0.0625,Ab_MINOR_inv1,Ab_MINOR_inv1,0.0,0.0,0.0,0
7.0,0.3125,Ab_MINOR_inv1,Ab_MINOR_inv1,0.0,0.0,0.0,0
7.3125,0.0625,Bb_MAJOR_inv1,Bb_MAJOR_inv1,0.0,0.0,0.0,0
7.375,0.0625,Eb_MAJ_MIN7_inv3,Eb_MAJ_MIN7_inv3,0.0,0.0,0.0,0
7.4375,0.1875,Ab_MAJOR_inv1,Ab_MAJOR_inv1,0.0,0.0,0.0,0
7.625,0.25,Ab_MAJOR_inv1,Ab_MAJOR_inv1,0.0,0.0,0.0,0
7.875,0.125,Ab_MAJOR_inv1,Ab_MAJOR_inv1,0.0,0.0,0.0,0
8.0,0.75,Ab_MAJOR_inv1,Ab_MAJOR_inv1,0.0,0.0,0.0,0
8.75,0.125,G_MAJOR_inv1,G_MAJ_MIN7_inv1,0.05764708300084209,2.0,0.125,1
8.875,0.125,G_DIMINISHED_inv1,G_MAJ_MIN7_inv1,0.5277707249182599,6.0,0.625,1
9.0,0.25,G_DIMINISHED_inv1,G_DIMINISHED_inv1,0.0,0.0,0.0,0
9.25,0.125,F_MAJOR_inv1,F_MAJOR_inv1,0.0,0.0,0.0,0
9.375,0.125,F_DIMINISHED_inv1,F_MAJOR_inv1,0.520371078705157,4.0,0.5714285714285714,1
9.5,0.25,F_DIMINISHED_inv1,F_MINOR_inv1,0.12042146654373553,1.0,0.1428571428571429,1
9.75,0.125,Eb_MAJOR_inv1,Eb_MAJOR_inv1,0.0,0.0,0.0,0
9.875,0.125,Eb_DIMINISHED_inv1,Eb_MAJOR_inv1,0.5264771585842261,4.0,0.5714285714285714,1
10.0,0.5,Bb_MAJ_MIN7_inv2,Bb_MAJ_MIN7_inv2,0.1880244190543522,1.0,0.125,0
10.5,0.25,Bb_MAJ_MIN7_inv2,Bb_MAJ_MIN7_inv2,0.0,0.0,0.0,0
10.75,0.25,Eb_MAJOR_inv0,Eb_MAJOR_inv0,0.0,0.0,0.0,0
11.0,0.25,Bb_MAJOR_inv1,Bb_MAJOR_inv1,0.0,0.0,0.0,0
11.25,0.25,C_MINOR_inv0,C_MIN_MIN7_inv0,0.0052879467238111655,2.0,0.125,1
11.5,0.25,Bb_MAJ_MIN7_inv0,Bb_MAJ_MIN7_inv0,0.0,0.0,0.0,0
11.75,0.25,Bb_MAJOR_inv0,Bb_MAJ_MIN7_inv0,0.009006348233015604,2.0,0.125,1
12.0,0.125,Eb_MAJOR_inv0,Eb_MAJOR_inv0,0.0,0.0,0.0,0
12.125,0.125,Eb_MAJOR_inv0,Eb_MAJOR_inv0,0.0,0.0,0.0,0
12.25,0.125,Eb_MAJOR_inv0,Eb_MAJOR_inv0,0.0,0.0,0.0,0
12.375,0.125,Eb_MAJOR_inv0,Eb_MAJOR_inv0,0.0,0.0,0.0,0
12.5,0.125,Eb_MAJOR_inv0,Eb_MAJOR_inv0,0.0,0.0,0.0,0
12.625,0.125,Eb_MAJOR_inv0,Eb_MAJOR_inv0,0.0,0.0,0.0,0
12.75,0.125,Eb_MAJOR_inv0,Eb_MAJOR_inv0,0.0,0.0,0.0,0
12.875,0.125,Eb_MAJOR_inv0,Eb_MAJOR_inv0,0.0,0.0,0.0,0
13.0,0.125,Bb_MAJ_MIN7_inv2,Bb_MAJ_MIN7_inv2,0.0,0.0,0.0,0
13.125,0.125,Bb_MAJ_MIN7_inv2,Bb_MAJ_MIN7_inv2,0.0,0.0,0.0,0
13.25,0.125,Bb_MAJ_MIN7_inv2,Bb_MAJ_MIN7_inv2,0.0,0.0,0.0,0
13.375,0.125,Bb_MAJ_MIN7_inv2,Bb_MAJ_MIN7_inv2,0.0,0.0,0.0,0
13.5,0.125,Bb_MAJ_MIN7_inv2,Bb_MAJ_MIN7_inv2,0.0,0.0,0.0,0
13.625,0.125,Bb_MAJ_MIN7_inv2,Bb_MAJ_MIN7_inv2,0.0,0.0,0.0,0
13.75,0.125,Bb_MAJ_MIN7_inv2,Bb_MAJ_MIN7_inv2,0.0,0.0,0.0,0
13.875,0.125,Bb_MAJ_MIN7_inv2,Bb_MAJ_MIN7_inv2,0.0,0.0,0.0,0
14.0,0.125,Eb_MAJOR_inv1,Eb_MAJOR_inv1,0.0,0.0,0.0,0
14.125,0.125,Eb_MAJOR_inv1,Eb_MAJOR_inv1,0.0,0.0,0.0,0
14.25,0.125,Eb_MAJOR_inv1,Eb_MAJOR_inv1,0.0,0.0,0.0,0
14.375,0.125,Eb_MAJOR_inv1,Eb_MAJOR_inv1,0.0,0.0,0.0,0
14.5,0.125,Eb_MAJOR_inv1,Eb_MAJOR_inv1,0.0,0.0,0.0,0
14.625,0.125,Eb_MAJOR_inv1,Eb_MAJOR_inv1,0.0,0.0,0.0,0
14.75,0.125,Eb_MAJOR_inv1,Eb_MAJOR_inv1,0.0,0.0,0.0,0
14.875,0.125,Eb_MAJOR_inv1,Eb_MAJOR_inv1,0.0,0.0,0.0,0
15.0,0.125,Bb_MAJ_MIN7_inv3,Bb_MAJ_MIN7_inv3,0.0,0.0,0.0,0
15.125,0.125,Bb_MAJ_MIN7_inv3,Bb_MAJ_MIN7_inv3,0.0,0.0,0.0,0
15.25,0.125,Bb_MAJ_MIN7_inv3,Bb_MAJ_MIN7_inv3,0.0,0.0,0.0,0
15.375,0.125,Bb_MAJ_MIN7_inv3,Bb_MAJ_MIN7_inv3,0.0,0.0,0.0,0
15.5,0.125,Bb_MAJOR_inv0,Bb_MAJOR_inv0,0.0013989072945522762,1.0,0.125,0
15.625,0.125,Bb_MAJOR_inv0,Bb_MAJOR_inv0,0.0013989072945522762,1.0,0.125,0
15.75,0.125,Bb_MAJOR_inv0,Bb_MAJOR_inv0,0.0,0.0,0.0,0
15.875,0.125,Bb_MAJOR_inv0,Bb_MAJOR_inv0,0.0,0.0,0.0,0
16.0,0.125,Eb_MAJOR_inv0,Eb_MAJOR_inv0,0.0,0.0,0.0,0
16.125,0.125,Eb_MAJOR_inv0,Eb_MAJOR_inv0,0.0,0.0,0.0,0
16.25,0.125,Eb_MAJOR_inv0,Eb_MAJOR_inv0,0.0,0.0,0.0,0
16.375,0.125,Eb_MAJOR_inv0,Eb_MAJOR_inv0,0.0,0.0,0.0,0
16.5,0.125,Eb_MAJOR_inv0,Eb_MAJOR_inv0,0.0,0.0,0.0,0
16.625,0.125,Eb_MAJOR_inv0,Eb_MAJOR_inv0,0.0,0.0,0.0,0
16.75,0.125,Eb_MAJOR_inv0,Eb_MAJOR_inv0,0.0,0.0,0.0,0
16.875,0.125,Eb_MAJOR_inv0,Eb_MAJOR_inv0,0.0,0.0,0.0,0
17.0,0.125,Bb_MAJ_MIN7_inv2,Bb_MAJ_MIN7_inv2,0.0,0.0,0.0,0
17.125,0.125,Bb_MAJ_MIN7_inv2,Bb_MAJ_MIN7_inv2,0.0,0.0,0.0,0
17.25,0.125,Bb_MAJ_MIN7_inv2,Bb_MAJ_MIN7_inv2,0.0,0.0,0.0,0
17.375,0.125,Bb_MAJ_MIN7_inv2,Bb_MAJ_MIN7_inv2,0.0,0.0,0.0,0
17.5,0.125,Bb_MAJ_MIN7_inv2,Bb_MAJ_MIN7_inv2,0.0,0.0,0.0,0
17.625,0.125,Bb_MAJ_MIN7_inv2,Bb_MAJ_MIN7_inv2,0.0,0.0,0.0,0
17.75,0.125,Bb_MAJ_MIN7_inv2,Bb_MAJ_MIN7_inv2,0.0,0.0,0.0,0
17.875,0.125,Bb_MAJ_MIN7_inv2,Bb_MAJ_MIN7_inv2,0.0,0.0,0.0,0
18.0,0.125,Eb_MAJOR_inv1,Eb_MAJOR_inv1,0.0,0.0,0.0,0
18.125,0.125,Eb_MAJOR_inv1,Eb_MAJOR_inv1,0.0,0.0,0.0,0
18.25,0.125,Eb_MAJOR_inv1,Eb_MAJOR_inv1,0.0,0.0,0.0,0
18.375,0.125,Eb_MAJOR_inv1,Eb_MAJOR_inv1,0.0,0.0,0.0,0
18.5,0.125,Eb_MAJOR_inv1,Eb_MAJOR_inv1,0.0,0.0,0.0,0
18.625,0.125,Eb_MAJOR_inv1,Eb_MAJOR_inv1,0.0,0.0,0.0,0
18.75,0.125,Eb_MAJOR_inv1,Eb_MAJOR_inv1,0.0,0.0,0.0,0
18.875,0.125,Eb_MAJOR_inv1,Eb_MAJOR_inv1,0.0,0.0,0.0,0
19.0,0.125,F_MIN_MIN7_inv1,F_MIN_MIN7_inv1,0.1047477573136344,1.0,0.11111111111111116,0
19.125,0.125,F_MIN_MIN7_inv1,F_MIN_MIN7_inv1,0.1047477573136344,1.0,0.11111111111111116,0
19.25,0.125,F_MIN_MIN7_inv1,F_MIN_MIN7_inv1,0.0,0.0,0.0,0
19.375,0.125,F_MIN_MIN7_inv1,F_MIN_MIN7_inv1,0.0,0.0,0.0,0
19.5,0.125,F_MAJ_MIN7_inv1,F_MAJ_MIN7_inv1,0.0,0.0,0.0,0
19.625,0.125,F_MAJ_MIN7_inv1,F_MAJ_MIN7_inv1,0.0,0.0,0.0,0
19.75,0.125,F_MAJ_MIN7_inv1,F_MAJ_MIN7_inv1,0.0,0.0,0.0,0
19.875,0.125,F_MAJ_MIN7_inv1,F_MAJ_MIN7_inv1,0.0,0.0,0.0,0
20.0,0.125,Bb_MAJOR_inv0,Bb_MAJ_MIN7_inv0,0.009006348233015604,2.0,0.125,1
20.125,0.125,Bb_MAJOR_inv0,Bb_MAJ_MIN7_inv0,0.009006348233015604,2.0,0.125,1
20.25,0.125,A_DIMINISHED_inv2,Bb_MAJ_MIN7_inv0,0.9285321131232857,21.0,1.0,1
20.375,0.125,Bb_MAJOR_inv1,Bb_MAJ_MIN7_inv0,0.18021308542820536,14.0,0.375,1
20.5,0.125,A_DIMINISHED_inv1,Bb_MAJ_MIN7_inv0,0.8676274989724084,10.0,1.0,1
20.625,0.125,Bb_MAJOR_inv0,Bb_MAJ_MIN7_inv0,0.009006348233015604,2.0,0.125,1
20.75,0.125,A_DIMINISHED_inv0,Bb_MAJ_MIN7_inv0,0.9170523812394856,9.0,1.0,1
20.875,0.125,D_DIMINISHED_inv2,Bb_MAJ_MIN7_inv0,0.23738017746599183,8.0,0.625,1
21.0,0.125,Eb_MAJOR_inv1,Eb_MAJOR_inv1,0.0,0.0,0.0,0
21.125,0.125,Eb_MAJOR_inv1,Eb_MAJOR_inv1,0.0,0.0,0.0,0
21.25,0.125,Eb_MAJOR_inv0,Eb_MAJOR_inv1,0.13307145192728131,12.0,0.2857142857142857,1
21.375,0.125,Eb_MAJOR_inv0,Eb_MAJOR_inv1,0.13307145192728131,12.0,0.2857142857142857,1
21.5,0.125,Eb_MAJOR_inv0,Eb_MAJOR_inv1,0.13307145192728131,12.0,0.2857142857142857,1
21.625,0.125,Eb_MAJOR_inv0,Eb_MAJOR_inv1,0.13307145192728131,12.0,0.2857142857142857,1
21.75,0.125,Eb_MAJOR_inv0,Eb_MAJOR_inv1,0.13307145192728131,12.0,0.2857142857142857,1
21.875,0.125,Eb_MAJOR_inv0,Eb_MAJOR_inv1,0.13307145192728131,12.0,0.2857142857142857,1
22.0,0.25,Bb_MAJOR_inv0,Bb_MAJ_MIN7_inv0,0.009006348233015604,2.0,0.125,1
22.25,0.125,Bb_MAJOR_inv0,Bb_MAJ_MIN7_inv0,0.009006348233015604,2.0,0.125,1
22.375,0.125,Bb_MAJOR_inv0,Bb_MAJ_MIN7_inv0,0.009006348233015604,2.0,0.125,1
22.5,0.125,Eb_MAJOR_inv0,Bb_MAJ_MIN7_inv0,0.4455511241147826,19.0,0.875,1
22.625,0.125,Eb_MAJOR_inv0,Bb_MAJ_MIN7_inv0,0.4455511241147826,19.0,0.875,1
22.75,0.125,Eb_MAJOR_inv0,Bb_MAJ_MIN7_inv0,0.4455511241147826,19.0,0.875,1
22.875,0.125,Eb_MAJOR_inv0,Bb_MAJ_MIN7_inv0,0.4455511241147826,19.0,0.875,1
23.0,0.25,Bb_MAJOR_inv0,Bb_MAJ_MIN7_inv0,0.009006348233015604,2.0,0.125,1
23.25,0.125,D_HALF_DIM7_inv2,Bb_MAJ_MIN7_inv0,0.391983593840727,8.0,0.625,1
23.375,0.125,Eb_MAJOR_inv1,Bb_MAJ_MIN7_inv0,0.4243216901351061,13.0,0.875,1
23.5,0.125,B_DIM7_inv2,Bb_MAJ_MIN7_inv0,0.4139388135817472,16.0,0.625,1
23.625,0.125,C_MINOR_inv1,Bb_MAJ_MIN7_inv0,0.8544624141311679,21.0,1.0,1
23.75,0.125,G_MAJ_MIN7_inv2,Bb_MAJ_MIN7_inv0,0.40926488210441314,14.0,0.75,1
23.875,0.125,Gb_DIM7_inv2,Bb_MAJ_MIN7_inv0,0.8986722331263906,9.0,1.0,1
24.0,0.125,G_MAJOR_inv1,G_MAJ_MIN7_inv1,0.05764708300084209,2.0,0.125,1
24.125,0.125,D_MAJOR_inv2,G_MAJ_MIN7_inv1,0.5799489909494033,8.0,0.875,1
24.25,0.125,G_MAJOR_inv0,G_MAJ_MIN7_inv1,0.14242880364433952,14.0,0.375,1
24.375,0.125,G_MAJ_MIN7_inv3,G_MAJ_MIN7_inv1,0.08336857226853422,18.0,0.25,1
24.5,0.125,C_MINOR_inv1,C_MINOR_inv1,0.0,0.0,0.0,0
24.625,0.125,B_DIMINISHED_inv1,C_MINOR_inv1,0.9091133578751569,6.0,1.0,1
24.75,0.125,C_MINOR_inv0,C_MINOR_inv1,0.1653287987079769,9.0,0.2857142857142857,1
24.875,0.125,C_MAJ_MIN7_inv3,C_MINOR_inv1,0.36945625617164757,18.0,0.5,1
25.0,0.5,C_MAJ_MIN7_inv3,C_MAJ_MIN7_inv3,0.0,0.0,0.0,0
25.5,0.5,F_MAJOR_inv1,F_MAJOR_inv1,0.0,0.0,0.0,0
26.0,0.75,C_HALF_DIM7_inv2,C_DIM7_inv2,0.15469499922232666,1.0,0.125,1
26.75,0.25,F_MAJOR_inv0,C_DIM7_inv2,0.5697283997353411,6.0,0.875,1
27.0,0.25,C_HALF_DIM7_inv1,C_DIM7_inv1,0.08389749461002316,1.0,0.125,1
27.25,0.125,C_HALF_DIM7_inv1,C_DIM7_inv1,0.08389749461002316,1.0,0.125,1
27.375,0.125,C_HALF_DIM7_inv1,C_DIM7_inv1,0.08389749461002316,1.0,0.125,1
27.5,0.125,C_HALF_DIM7_inv1,C_DIM7_inv1,0.08389749461002316,1.0,0.125,1
27.625,0.125,C_HALF_DIM7_inv1,C_DIM7_inv1,0.08389749461002316,1.0,0.125,1
27.75,0.125,C_HALF_DIM7_inv1,C_DIM7_inv1,0.08389749461002316,1.0,0.125,1
27.875,0.125,C_HALF_DIM7_inv1,C_DIM7_inv1,0.08389749461002316,1.0,0.125,1
28.0,0.75,C_HALF_DIM7_inv2,C_DIM7_inv2,0.15469499922232666,1.0,0.125,1
28.75,0.25,F_MAJOR_inv0,C_DIM7_inv2,0.5697283997353411,6.0,0.875,1
29.0,0.25,C_MAJ_MIN7_inv1,C_MAJ_MIN7_inv1,0.0,0.0,0.0,0
29.25,0.125,C_MAJ_MIN7_inv1,C_MAJ_MIN7_inv1,0.0,0.0,0.0,0
29.375,0.125,C_MAJ_MIN7_inv1,C_MAJ_MIN7_inv1,0.0,0.0,0.0,0
29.5,0.125,C_MAJ_MIN7_inv1,C_MAJ_MIN7_inv1,0.0,0.0,0.0,0
29.625,0.125,C_MAJ_MIN7_inv1,C_MAJ_MIN7_inv1,0.0,0.0,0.0,0
29.75,0.125,C_MAJ_MIN7_inv1,C_MAJ_MIN7_inv1,0.0,0.0,0.0,0
29.875,0.125,C_MAJ_MIN7_inv1,C_MAJ_MIN7_inv1,0.0,0.0,0.0,0
30.0,0.25,F_MAJOR_inv0,C_DIM7_inv1,0.19547042577544205,6.0,0.625,1
30.25,0.125,F_MAJOR_inv0,C_DIM7_inv1,0.19547042577544205,6.0,0.625,1
30.375,0.125,F_MAJOR_inv0,C_DIM7_inv1,0.19547042577544205,6.0,0.625,1
30.5,0.125,F_MAJOR_inv0,C_DIM7_inv1,0.19547042577544205,6.0,0.625,1
30.625,0.125,F_MAJOR_inv0,C_DIM7_inv1,0.19547042577544205,6.0,0.625,1
30.75,0.125,F_MAJOR_inv0,C_DIM7_inv1,0.19547042577544205,6.0,0.625,1
30.875,0.125,F_MAJOR_inv0,C_DIM7_inv1,0.19547042577544205,6.0,0.625,1
31.0,0.25,F_MAJOR_inv0,D_MIN_MIN7_inv1,0.42835612834256753,3.0,0.5,1
31.25,0.125,F_MAJOR_inv0,D_MIN_MIN7_inv1,0.42835612834256753,3.0,0.5,1
31.375,0.125,F_MAJOR_inv0,D_MIN_MIN7_inv1,0.42835612834256753,3.0,0.5,1
31.5,0.125,F_MAJOR_inv0,D_MIN_MIN7_inv1,0.42835612834256753,3.0,0.5,1
31.625,0.125,F_MAJOR_inv0,D_MIN_MIN7_inv1,0.42835612834256753,3.0,0.5,1
31.75,0.125,F_MAJOR_inv0,D_MIN_MIN7_inv1,0.42835612834256753,3.0,0.5,1
31.875,0.125,F_MAJOR_inv0,D_MIN_MIN7_inv1,0.42835612834256753,3.0,0.5,1
32.0,0.25,F_MAJ_MIN7_inv0,F_MAJ_MIN7_inv0,0.0,0.0,0.0,0
32.25,0.125,F_MAJ_MIN7_inv0,F_MAJ_MIN7_inv0,0.0,0.0,0.0,0
32.375,0.125,F_MAJ_MIN7_inv0,F_MAJ_MIN7_inv0,0.0,0.0,0.0,0
32.5,0.25,F_MAJOR_inv0,Bb_MAJOR_inv2,0.13273632869953977,0.0,0.2857142857142857,1
32.75,0.125,F_MAJOR_inv0,Bb_MAJOR_inv2,0.13273632869953977,0.0,0.2857142857142857,1
32.875,0.125,F_MAJOR_inv0,Bb_MAJOR_inv2,0.13273632869953977,0.0,0.2857142857142857,1
33.0,0.25,F_MAJOR_inv0,F_MAJOR_inv0,0.0,0.0,0.0,0
33.25,0.125,F_MAJOR_inv0,F_MAJOR_inv0,0.0,0.0,0.0,0
33.375,0.125,F_MAJOR_inv0,F_MAJOR_inv0,0.0,0.0,0.0,0
33.5,0.25,F_MAJOR_inv0,Bb_MAJOR_inv2,0.13273632869953977,0.0,0.2857142857142857,1
33.75,0.125,F_MAJOR_inv0,Bb_MAJOR_inv2,0.13273632869953977,0.0,0.2857142857142857,1
33.875,0.125,F_MAJOR_inv0,Bb_MAJOR_inv2,0.13273632869953977,0.0,0.2857142857142857,1
34.0,0.25,F_MAJOR_inv0,C_DIM7_inv1,0.19547042577544205,6.0,0.625,1
34.25,0.125,F_MAJOR_inv0,C_DIM7_inv1,0.19547042577544205,6.0,0.625,1
34.375,0.125,F_MAJOR_inv0,C_DIM7_inv1,0.19547042577544205,6.0,0.625,1
34.5,0.125,F_MAJOR_inv0,C_DIM7_inv1,0.19547042577544205,6.0,0.625,1
34.625,0.125,F_MAJOR_inv0,C_DIM7_inv1,0.19547042577544205,6.0,0.625,1
34.75,0.125,F_MAJOR_inv0,C_DIM7_inv1,0.19547042577544205,6.0,0.625,1
34.875,0.125,F_MAJOR_inv0,C_DIM7_inv1,0.19547042577544205,6.0,0.625,1
35.0,0.25,F_MAJOR_inv0,D_MIN_MIN7_inv1,0.42835612834256753,3.0,0.5,1
35.25,0.125,F_MAJOR_inv0,D_MIN_MIN7_inv1,0.42835612834256753,3.0,0.5,1
35.375,0.125,F_MAJOR_inv0,D_MIN_MIN7_inv1,0.42835612834256753,3.0,0.5,1
35.5,0.125,F_MAJOR_inv0,D_MIN_MIN7_inv1,0.42835612834256753,3.0,0.5,1
35.625,0.125,F_MAJOR_inv0,D_MIN_MIN7_inv1,0.42835612834256753,3.0,0.5,1
35.75,0.125,F_MAJOR_inv0,D_MIN_MIN7_inv1,0.42835612834256753,3.0,0.5,1
35.875,0.125,F_MAJOR_inv0,D_MIN_MIN7_inv1,0.42835612834256753,3.0,0.5,1
36.0,0.25,F_MAJ_MIN7_inv0,F_MAJ_MIN7_inv0,0.0,0.0,0.0,0
36.25,0.125,F_MAJ_MIN7_inv0,F_MAJ_MIN7_inv0,0.0,0.0,0.0,0
36.375,0.125,F_MAJ_MIN7_inv0,F_MAJ_MIN7_inv0,0.0,0.0,0.0,0
36.5,0.25,F_MAJOR_inv0,Bb_MAJOR_inv2,0.13273632869953977,0.0,0.2857142857142857,1
36.75,0.125,F_MAJOR_inv0,Bb_MAJOR_inv2,0.13273632869953977,0.0,0.2857142857142857,1
36.875,0.125,F_MAJOR_inv0,Bb_MAJOR_inv2,0.13273632869953977,0.0,0.2857142857142857,1
37.0,0.25,F_MAJ_MIN7_inv0,F_MAJ_MIN7_inv0,0.0,0.0,0.0,0
37.25,0.125,F_MAJ_MIN7_inv0,F_MAJ_MIN7_inv0,0.0,0.0,0.0,0
37.375,0.125,F_MAJ_MIN7_inv0,F_MAJ_MIN7_inv0,0.0,0.0,0.0,0
37.5,0.25,F_MAJOR_inv0,F_MAJ_MIN7_inv0,0.049701958921674394,2.0,0.125,1
37.75,0.125,A_DIMINISHED_inv0,F_MAJ_MIN7_inv0,0.09900319539724434,14.0,0.625,1
37.875,0.125,A_DIMINISHED_inv0,F_MAJ_MIN7_inv0,0.09900319539724434,14.0,0.625,1
38.0,0.125,Bb_MAJOR_inv0,F_MAJ_MIN7_inv0,0.3906320767215974,16.0,0.625,1
38.125,0.125,Bb_MAJOR_inv0,F_MAJ_MIN7_inv0,0.3906320767215974,16.0,0.625,1
38.25,0.125,Bb_MAJOR_inv1,F_MAJ_MIN7_inv0,0.5237071927234668,13.0,0.875,1
38.375,0.125,Bb_MAJOR_inv1,F_MAJ_MIN7_inv0,0.5237071927234668,13.0,0.875,1
38.5,0.25,F_MAJOR_inv0,F_MAJ_MIN7_inv0,0.049701958921674394,2.0,0.125,1
38.75,0.125,A_DIMINISHED_inv0,F_MAJ_MIN7_inv0,0.09900319539724434,14.0,0.625,1
38.875,0.125,A_DIMINISHED_inv0,F_MAJ_MIN7_inv0,0.09900319539724434,14.0,0.625,1
39.0,0.125,Bb_MAJOR_inv0,F_MAJ_MIN7_inv0,0.3906320767215974,16.0,0.625,1
39.125,0.125,Bb_MAJOR_inv0,F_MAJ_MIN7_inv0,0.3906320767215974,16.0,0.625,1
39.25,0.125,Bb_MAJOR_inv1,F_MAJ_MIN7_inv0,0.5237071927234668,13.0,0.875,1
39.375,0.125,Bb_MAJOR_inv1,F_MAJ_MIN7_inv0,0.5237071927234668,13.0,0.875,1
39.5,0.25,F_MAJOR_inv0,F_MAJ_MIN7_inv0,0.049701958921674394,2.0,0.125,1
39.75,0.25,A_HALF_DIM7_inv2,F_MAJ_MIN7_inv0,0.307328242965457,8.0,0.625,1
40.0,0.25,Bb_MAJOR_inv1,F_MAJ_MIN7_inv0,0.5331468339792216,14.0,0.875,1
40.25,0.25,Bb_MINOR_inv1,F_MAJ_MIN7_inv0,0.5688865542500129,16.0,0.875,1
40.5,0.25,C_MIN_MIN7_inv0,F_MAJ_MIN7_inv0,0.4111011277040788,20.0,0.75,1
40.75,0.25,F_MAJ_MIN7_inv0,F_MAJ_MIN7_inv0,0.0,0.0,0.0,0
41.0,0.125,Bb_MAJOR_inv0,Bb_MAJOR_inv0,0.0,0.0,0.0,0
41.125,0.125,Bb_MAJOR_inv0,Bb_MAJOR_inv0,0.0,0.0,0.0,0
41.25,0.125,Bb_MAJOR_inv0,Db_DIMINISHED_inv0,0.43344616311345696,13.0,0.75,1
41.375,0.125,Bb_MAJOR_inv0,Db_DIMINISHED_inv0,0.43344616311345696,13.0,0.75,1
41.5,0.125,Bb_MAJOR_inv0,Db_DIMINISHED_inv0,0.43344616311345696,13.0,0.75,1
41.625,0.125,Bb_MAJOR_inv0,Db_DIMINISHED_inv0,0.43344616311345696,13.0,0.75,1
41.75,0.125,Bb_MAJOR_inv0,Bb_MAJOR_inv0,0.0,0.0,0.0,0
41.875,0.125,Bb_MAJOR_inv0,Bb_MAJOR_inv0,0.0,0.0,0.0,0
42.0,0.125,A_DIM7_inv3,Bb_MAJOR_inv0,0.950830525960604,17.0,1.0,1
42.125,0.125,A_DIM7_inv3,Bb_MAJOR_inv0,0.950830525960604,17.0,1.0,1
42.25,0.125,A_DIM7_inv3,A_DIM7_inv3,0.0,0.0,0.0,0
42.375,0.125,A_DIM7_inv3,A_DIM7_inv3,0.0,0.0,0.0,0
42.5,0.125,A_DIM7_inv3,A_DIM7_inv3,0.0,0.0,0.0,0
42.625,0.125,A_DIM7_inv3,A_DIM7_inv3,0.0,0.0,0.0,0
42.75,0.125,F_MAJ_MIN7_inv0,Bb_MAJOR_inv0,0.6163258117778695,19.0,0.875,1
42.875,0.125,F_MAJ_MIN7_inv0,Bb_MAJOR_inv0,0.6163258117778695,19.0,0.875,1
43.0,0.125,Bb_MAJOR_inv0,Bb_MAJOR_inv0,0.0,0.0,0.0,0
43.125,0.125,Bb_MAJOR_inv0,Bb_MAJOR_inv0,0.0,0.0,0.0,0
43.25,0.125,Bb_MAJOR_inv0,Bb_MAJOR_inv0,0.0,0.0,0.0,0
43.375,0.125,Bb_MAJOR_inv0,Bb_MAJOR_inv0,0.0,0.0,0.0,0
43.5,0.125,Eb_MAJOR_inv0,Eb_MAJOR_inv0,0.0,0.0,0.0,0
43.625,0.125,Eb_MAJOR_inv0,Eb_MAJOR_inv0,0.0,0.0,0.0,0
43.75,0.125,Bb_MAJOR_inv0,Bb_MAJOR_inv0,0.0,0.0,0.0,0
43.875,0.125,Bb_MAJOR_inv0,Bb_MAJOR_inv0,0.0,0.0,0.0,0
44.0,0.125,F_MAJOR_inv0,Bb_MAJOR_inv2,0.13273632869953977,0.0,0.2857142857142857,1
44.125,0.125,F_MAJOR_inv0,Bb_MAJOR_inv2,0.13273632869953977,0.0,0.2857142857142857,1
44.25,0.125,F_MAJ_MIN7_inv0,F_MAJ_MIN7_inv0,0.0,0.0,0.0,0
44.375,0.125,F_MAJ_MIN7_inv0,F_MAJ_MIN7_inv0,0.0,0.0,0.0,0
44.5,0.125,F_MAJOR_inv0,Bb_MAJOR_inv2,0.13273632869953977,0.0,0.2857142857142857,1
44.625,0.125,F_MAJOR_inv0,Bb_MAJOR_inv2,0.13273632869953977,0.0,0.2857142857142857,1
44.75,0.125,F_MAJOR_inv0,F_MAJOR_inv0,0.0,0.0,0.0,0
44.875,0.125,F_MAJOR_inv0,F_MAJOR_inv0,0.0,0.0,0.0,0
45.0,0.125,Bb_MAJOR_inv0,Bb_MAJOR_inv0,0.0,0.0,0.0,0
45.125,0.125,Bb_MAJOR_inv0,Bb_MAJOR_inv0,0.0,0.0,0.0,0
45.25,0.125,Bb_MAJOR_inv0,Db_DIMINISHED_inv0,0.43344616311345696,13.0,0.75,1
45.375,0.125,Bb_MAJOR_inv0,Db_DIMINISHED_inv0,0.43344616311345696,13.0,0.75,1
45.5,0.125,Bb_MAJOR_inv0,Db_DIMINISHED_inv0,0.43344616311345696,13.0,0.75,1
45.625,0.125,Bb_MAJOR_inv0,Db_DIMINISHED_inv0,0.43344616311345696,13.0,0.75,1
45.75,0.125,Bb_MAJOR_inv0,Bb_MAJOR_inv0,0.0,0.0,0.0,0
45.875,0.125,Bb_MAJOR_inv0,Bb_MAJOR_inv0,0.0,0.0,0.0,0
46.0,0.125,A_DIM7_inv3,Bb_MAJOR_inv0,0.950830525960604,17.0,1.0,1
46.125,0.125,A_DIM7_inv3,Bb_MAJOR_inv0,0.950830525960604,17.0,1.0,1
46.25,0.125,A_DIM7_inv3,A_DIM7_inv3,0.0,0.0,0.0,0
46.375,0.125,A_DIM7_inv3,A_DIM7_inv3,0.0,0.0,0.0,0
46.5,0.125,A_DIM7_inv3,A_DIM7_inv3,0.0,0.0,0.0,0
46.625,0.125,A_DIM7_inv3,A_DIM7_inv3,0.0,0.0,0.0,0
46.75,0.125,F_MAJ_MIN7_inv0,Bb_MAJOR_inv0,0.6163258117778695,19.0,0.875,1
46.875,0.125,F_MAJ_MIN7_inv0,Bb_MAJOR_inv0,0.6163258117778695,19.0,0.875,1
47.0,0.125,Bb_MAJOR_inv0,Bb_MAJOR_inv0,0.0,0.0,0.0,0
47.125,0.125,Bb_MAJOR_inv0,Bb_MAJOR_inv0,0.0,0.0,0.0,0
47.25,0.125,Bb_MAJOR_inv0,Bb_MAJOR_inv0,0.0,0.0,0.0,0
47.375,0.125,Bb_MAJOR_inv0,Bb_MAJOR_inv0,0.0,0.0,0.0,0
47.5,0.125,Eb_MAJOR_inv0,Eb_MAJOR_inv0,0.0,0.0,0.0,0
47.625,0.125,Eb_MAJOR_inv0,Eb_MAJOR_inv0,0.0,0.0,0.0,0
47.75,0.125,Bb_MAJOR_inv0,Bb_MAJOR_inv0,0.0,0.0,0.0,0
47.875,0.125,Bb_MAJOR_inv0,Bb_MAJOR_inv0,0.0,0.0,0.0,0
48.0,0.125,F_MAJOR_inv0,Bb_MAJOR_inv2,0.13273632869953977,0.0,0.2857142857142857,1
48.125,0.125,F_MAJOR_inv0,Bb_MAJOR_inv2,0.13273632869953977,0.0,0.2857142857142857,1
48.25,0.125,F_MAJ_MIN7_inv0,F_MAJ_MIN7_inv0,0.0,0.0,0.0,0
48.375,0.125,F_MAJ_MIN7_inv0,F_MAJ_MIN7_inv0,0.0,0.0,0.0,0
48.5,0.125,F_MAJOR_inv0,Bb_MAJOR_inv2,0.13273632869953977,0.0,0.2857142857142857,1
48.625,0.125,F_MAJOR_inv0,Bb_MAJOR_inv2,0.13273632869953977,0.0,0.2857142857142857,1
48.75,0.125,F_MAJOR_inv0,F_MAJOR_inv0,0.0,0.0,0.0,0
48.875,0.125,F_MAJOR_inv0,F_MAJOR_inv0,0.0,0.0,0.0,0
49.0,0.125,Bb_MAJOR_inv0,Bb_MAJOR_inv0,0.19234161550794027,1.0,0.1428571428571429,0
49.125,0.125,Bb_MAJOR_inv0,Bb_MAJOR_inv0,0.19234161550794027,1.0,0.1428571428571429,0
49.25,0.125,Bb_MAJOR_inv0,Bb_MAJOR_inv0,0.19234161550794027,1.0,0.1428571428571429,0
49.375,0.125,Bb_MAJOR_inv0,Bb_MAJOR_inv0,0.19234161550794027,1.0,0.1428571428571429,0
49.5,0.125,Bb_MAJOR_inv2,Bb_MAJOR_inv0,0.05812548410286322,15.0,0.2857142857142857,1
49.625,0.125,Bb_MAJOR_inv2,Bb_MAJOR_inv0,0.05812548410286322,15.0,0.2857142857142857,1
49.75,0.125,Bb_MAJOR_inv0,Bb_MAJOR_inv0,0.0,0.0,0.0,0
49.875,0.125,Bb_MAJOR_inv0,Bb_MAJOR_inv0,0.0,0.0,0.0,0
50.0,0.125,F_MAJOR_inv0,F_MAJ_MIN7_inv0,0.14849814914425907,3.0,0.25,1
50.125,0.125,F_MAJOR_inv0,F_MAJ_MIN7_inv0,0.14849814914425907,3.0,0.25,1
50.25,0.125,F_MAJ_MIN7_inv3,F_MAJ_MIN7_inv0,0.12467580038237092,6.0,0.25,1
50.375,0.125,Bb_MAJOR_inv1,F_MAJ_MIN7_inv0,0.5237071927234668,13.0,0.875,1
50.5,0.125,A_DIMINISHED_inv1,F_MAJ_MIN7_inv0,0.12071600228809276,17.0,0.625,1
50.625,0.125,Bb_MAJOR_inv0,F_MAJ_MIN7_inv0,0.6163258117778695,19.0,0.875,1
50.75,0.125,F_MAJ_MIN7_inv0,F_MAJ_MIN7_inv0,0.0,0.0,0.0,0
50.875,0.125,F_MAJOR_inv0,F_MAJ_MIN7_inv0,0.049701958921674394,2.0,0.125,1
51.0,0.125,Bb_MAJOR_inv0,Bb_MAJOR_inv0,0.19234161550794027,1.0,0.1428571428571429,0
51.125,0.125,Bb_MAJOR_inv0,Bb_MAJOR_inv0,0.19234161550794027,1.0,0.1428571428571429,0
51.25,0.125,Bb_MAJOR_inv0,Bb_MAJOR_inv0,0.19234161550794027,1.0,0.1428571428571429,0
51.375,0.125,Bb_MAJOR_inv0,Bb_MAJOR_inv0,0.19234161550794027,1.0,0.1428571428571429,0
51.5,0.125,Bb_MAJOR_inv2,Bb_MAJOR_inv0,0.05812548410286322,15.0,0.2857142857142857,1
51.625,0.125,Bb_MAJOR_inv2,Bb_MAJOR_inv0,0.05812548410286322,15.0,0.2857142857142857,1
51.75,0.125,Bb_MAJOR_inv0,Bb_MAJOR_inv0,0.0,0.0,0.0,0
51.875,0.125,Bb_MAJOR_inv0,Bb_MAJOR_inv0,0.0,0.0,0.0,0
52.0,0.125,F_MAJOR_inv0,F_MAJ_MIN7_inv0,0.14849814914425907,3.0,0.25,1
52.125,0.125,F_MAJOR_inv0,F_MAJ_MIN7_inv0,0.14849814914425907,3.0,0.25,1
52.25,0.125,F_MAJ_MIN7_inv3,F_MAJ_MIN7_inv0,0.12467580038237092,6.0,0.25,1
52.375,0.125,Bb_MAJOR_inv1,F_MAJ_MIN7_inv0,0.5237071927234668,13.0,0.875,1
52.5,0.125,A_DIMINISHED_inv1,F_MAJ_MIN7_inv0,0.12071600228809276,17.0,0.625,1
52.625,0.125,Bb_MAJOR_inv0,F_MAJ_MIN7_inv0,0.6163258117778695,19.0,0.875,1
52.75,0.125,F_MAJ_MIN7_inv0,F_MAJ_MIN7_inv0,0.0,0.0,0.0,0
52.875,0.125,A_DIMINISHED_inv1,F_MAJ_MIN7_inv0,0.12071600228809276,17.0,0.625,1
53.0,0.125,Bb_MAJOR_inv0,Bb_MAJOR_inv0,0.0,0.0,0.0,0
53.125,0.125,Bb_MAJOR_inv0,Bb_MAJOR_inv0,0.0,0.0,0.0,0
53.25,0.125,Bb_MAJOR_inv0,Bb_MAJOR_inv0,0.0,0.0,0.0,0
53.375,0.125,Bb_MAJOR_inv0,Bb_MAJOR_inv0,0.0,0.0,0.0,0
53.5,0.125,Bb_MAJOR_inv0,Bb_MAJOR_inv0,0.0,0.0,0.0,0
53.625,0.125,Bb_MAJOR_inv0,Bb_MAJOR_inv0,0.0,0.0,0.0,0
53.75,0.125,Bb_MAJOR_inv0,Bb_MAJOR_inv0,0.0,0.0,0.0,0
53.875,0.125,Bb_MAJOR_inv0,Bb_MAJOR_inv0,0.0,0.0,0.0,0
54.0,0.125,Bb_MAJOR_inv2,Bb_MAJOR_inv0,0.05812548410286322,15.0,0.2857142857142857,1
54.125,0.125,Bb_MAJOR_inv2,Bb_MAJOR_inv0,0.05812548410286322,15.0,0.2857142857142857,1
54.25,0.125,Bb_MAJOR_inv2,Bb_MAJOR_inv0,0.05812548410286322,15.0,0.2857142857142857,1
54.375,0.125,Bb_MAJOR_inv2,Bb_MAJOR_inv0,0.05812548410286322,15.0,0.2857142857142857,1
54.5,0.125,Bb_MAJOR_inv1,Bb_MAJOR_inv0,0.12461091515242317,12.0,0.2857142857142857,1
54.625,0.125,Bb_MAJOR_inv1,Bb_MAJOR_inv0,0.12461091515242317,12.0,0.2857142857142857,1
54.75,0.125,Bb_MAJOR_inv1,Bb_MAJOR_inv0,0.12461091515242317,12.0,0.2857142857142857,1
54.875,0.125,Bb_MAJOR_inv1,Bb_MAJOR_inv0,0.12461091515242317,12.0,0.2857142857142857,1
55.0,0.125,Bb_MAJOR_inv0,Bb_MAJOR_inv0,0.0,0.0,0.0,0
55.125,0.125,Bb_MAJOR_inv0,Bb_MAJOR_inv0,0.0,0.0,0.0,0
55.25,0.125,Bb_MAJOR_inv0,Bb_MAJOR_inv0,0.0,0.0,0.0,0
55.375,0.125,Bb_MAJOR_inv0,Bb_MAJOR_inv0,0.0,0.0,0.0,0
55.5,0.125,Bb_MAJOR_inv2,Bb_MAJOR_inv0,0.05812548410286322,15.0,0.2857142857142857,1
55.625,0.125,Bb_MAJOR_inv2,Bb_MAJOR_inv0,0.05812548410286322,15.0,0.2857142857142857,1
55.75,0.125,Bb_MAJOR_inv2,Bb_MAJOR_inv0,0.05812548410286322,15.0,0.2857142857142857,1
55.875,0.125,Bb_MAJOR_inv2,Bb_MAJOR_inv0,0.05812548410286322,15.0,0.2857142857142857,1
56.0,0.125,Bb_MAJOR_inv1,Bb_MAJOR_inv0,0.12461091515242317,12.0,0.2857142857142857,1
56.125,0.125,Bb_MAJOR_inv1,Bb_MAJOR_inv0,0.12461091515242317,12.0,0.2857142857142857,1
56.25,0.125,Bb_MAJOR_inv1,Bb_MAJOR_inv0,0.12461091515242317,12.0,0.2857142857142857,1
56.375,0.125,Bb_MAJOR_inv1,Bb_MAJOR_inv0,0.12461091515242317,12.0,0.2857142857142857,1
56.5,0.125,Bb_MAJOR_inv0,Bb_MAJOR_inv0,0.0,0.0,0.0,0
56.625,0.125,Bb_MAJOR_inv0,Bb_MAJOR_inv0,0.0,0.0,0.0,0
56.75,0.125,Bb_MAJOR_inv0,Bb_MAJOR_inv0,0.0,0.0,0.0,0
56.875,0.125,Bb_MAJOR_inv0,Bb_MAJOR_inv0,0.0,0.0,0.0,0
57.0,1.0,Bb_MAJ_MIN7_inv0,Bb_MAJ_MIN7_inv0,0.0,0.0,0.0,0
58.0,1.0,Eb_MAJOR_inv0,Eb_MAJOR_inv0,0.0,0.0,0.0,0
59.0,1.0,Bb_MAJOR_inv1,Bb_MAJOR_inv1,0.0,0.0,0.0,0
60.0,1.0,Ab_MAJOR_inv1,Ab_MAJOR_inv1,0.0,0.0,0.0,0
61.0,0.75,G_MAJOR_inv1,G_MAJOR_inv1,0.0,0.0,0.0,0
61.75,0.125,G_MINOR_inv1,G_MINOR_inv1,0.0,0.0,0.0,0
61.875,0.125,G_MINOR_inv1,G_MINOR_inv1,0.0,0.0,0.0,0
62.0,0.25,F_MAJOR_inv1,F_MAJOR_inv1,0.2753557557022429,2.0,0.1428571428571429,0
62.25,0.125,F_MAJOR_inv1,F_MAJOR_inv1,0.2753557557022429,2.0,0.1428571428571429,0
62.375,0.125,F_MAJOR_inv1,F_MAJOR_inv1,0.2753557557022429,2.0,0.1428571428571429,0
62.5,0.25,F_MINOR_inv1,F_MINOR_inv1,0.0,0.0,0.0,0
62.75,0.125,F_MINOR_inv1,F_MINOR_inv1,0.0,0.0,0.0,0
62.875,0.125,F_MINOR_inv1,F_MINOR_inv1,0.0,0.0,0.0,0
63.0,0.25,G_MAJOR_inv0,C_MINOR_inv2,0.03726734388909181,0.0,0.2857142857142857,1
63.25,0.125,D_MAJ_MIN7_inv1,D_MAJ_MIN7_inv1,0.0,0.0,0.0,0
63.375,0.125,D_MAJ_MIN7_inv1,D_MAJ_MIN7_inv1,0.0,0.0,0.0,0
63.5,0.25,G_MAJ_MIN7_inv3,G_MAJ_MIN7_inv3,0.0,0.0,0.0,0
63.75,0.125,C_MINOR_inv1,C_MINOR_inv1,0.0,0.0,0.0,0
63.875,0.125,C_MINOR_inv1,C_MINOR_inv1,0.0,0.0,0.0,0
64.0,1.0,F_MINOR_inv0,C_MINOR_inv1,0.3304975524437551,7.0,0.8571428571428572,1
65.0,1.0,C_MINOR_inv1,C_MINOR_inv1,0.0,0.0,0.0,0
66.0,0.25,A_DIM7_inv3,A_DIM7_inv3,0.0,0.0,0.0,0
66.25,0.125,A_DIM7_inv1,A_DIM7_inv3,0.07683651214770448,18.0,0.25,1
66.375,0.125,A_DIM7_inv1,A_DIM7_inv3,0.07683651214770448,18.0,0.25,1
66.5,0.25,A_DIM7_inv1,A_DIM7_inv3,0.07683651214770448,18.0,0.25,1
66.75,0.125,A_DIM7_inv0,A_DIM7_inv3,0.05799853653230436,9.0,0.25,1
66.875,0.125,A_DIM7_inv0,A_DIM7_inv3,0.05799853653230436,9.0,0.25,1
67.0,0.25,A_DIM7_inv0,F_MAJ_MIN7_inv3,0.3378991329726092,19.0,0.625,1
67.25,0.125,F_MAJ_MIN7_inv0,F_MAJ_MIN7_inv3,0.13251833350132147,6.0,0.2222222222222222,1
67.375,0.125,F_MAJ_MIN7_inv0,F_MAJ_MIN7_inv3,0.13251833350132147,6.0,0.2222222222222222,1
67.5,0.25,F_MAJ_MIN7_inv0,F_MAJ_MIN7_inv3,0.13251833350132147,6.0,0.2222222222222222,1
67.75,0.25,Bb_MINOR_inv1,Bb_MINOR_inv1,0.0,0.0,0.0,0
68.0,1.0,Bb_MINOR_inv1,Bb_MINOR_inv1,0.0,0.0,0.0,0
69.0,1.0,A_DIMINISHED_inv1,Bb_MINOR_inv1,0.8637783258906225,6.0,1.0,1
70.0,0.25,D_MAJ_MIN7_inv3,D_MAJ_MIN7_inv3,0.0,0.0,0.0,0
70.25,0.125,D_MAJ_MIN7_inv0,D_MAJ_MIN7_inv3,0.1367762919911476,6.0,0.25,1
70.375,0.125,D_MAJ_MIN7_inv0,D_MAJ_MIN7_inv3,0.1367762919911476,6.0,0.25,1
70.5,0.25,D_MAJ_MIN7_inv0,D_MAJ_MIN7_inv3,0.1367762919911476,6.0,0.25,1
70.75,0.125,D_MAJ_MIN7_inv1,D_MAJ_MIN7_inv3,0.07008012496497273,18.0,0.25,1
70.875,0.125,D_MAJ_MIN7_inv1,D_MAJ_MIN7_inv3,0.07008012496497273,18.0,0.25,1
71.0,0.25,D_MAJ_MIN7_inv1,D_MAJ_MIN7_inv3,0.07008012496497273,18.0,0.25,1
71.25,0.125,D_MAJ_MIN7_inv0,D_MAJ_MIN7_inv3,0.1367762919911476,6.0,0.25,1
71.375,0.125,D_MAJ_MIN7_inv0,D_MAJ_MIN7_inv3,0.1367762919911476,6.0,0.25,1
71.5,0.25,D_MAJ_MIN7_inv0,D_MAJ_MIN7_inv3,0.1367762919911476,6.0,0.25,1
71.75,0.125,D_MAJ_MIN7_inv0,D_MAJ_MIN7_inv3,0.1367762919911476,6.0,0.25,1
71.875,0.125,D_MAJ_MIN7_inv0,D_MAJ_MIN7_inv3,0.1367762919911476,6.0,0.25,1
72.0,1.0,Gb_DIMINISHED_inv2,D_MAJ_MIN7_inv3,0.07170593884782683,2.0,0.375,1
73.0,1.0,G_MAJOR_inv1,D_MAJ_MIN7_inv3,0.5590102233915356,6.0,0.875,1
74.0,0.25,A_DIM7_inv1,A_MAJOR_inv0,0.7727012188803096,15.0,0.6666666666666667,1
74.25,0.125,A_DIM7_inv1,A_MAJOR_inv0,0.7727012188803096,15.0,0.6666666666666667,1
74.375,0.125,A_DIM7_inv1,A_MAJOR_inv0,0.7727012188803096,15.0,0.6666666666666667,1
74.5,0.25,A_DIM7_inv1,A_MAJOR_inv0,0.7727012188803096,15.0,0.6666666666666667,1
74.75,0.125,A_DIM7_inv1,A_MAJOR_inv0,0.7727012188803096,15.0,0.6666666666666667,1
74.875,0.125,A_DIM7_inv1,A_MAJOR_inv0,0.7727012188803096,15.0,0.6666666666666667,1
75.0,0.25,A_DIM7_inv1,A_MAJOR_inv0,0.7727012188803096,15.0,0.6666666666666667,1
75.25,0.125,A_DIM7_inv1,A_MAJOR_inv0,0.7727012188803096,15.0,0.6666666666666667,1
75.375,0.125,A_DIM7_inv1,A_MAJOR_inv0,0.7727012188803096,15.0,0.6666666666666667,1
75.5,0.25,A_DIM7_inv1,A_MAJOR_inv0,0.7727012188803096,15.0,0.6666666666666667,1
75.75,0.125,A_DIM7_inv1,A_MAJOR_inv0,0.7727012188803096,15.0,0.6666666666666667,1
75.875,0.125,A_DIM7_inv1,A_MAJOR_inv0,0.7727012188803096,15.0,0.6666666666666667,1
76.0,1.0,A_DIM7_inv1,A_MAJOR_inv0,0.7727012188803096,15.0,0.6666666666666667,1
77.0,1.0,Bb_MAJOR_inv0,A_MAJOR_inv0,0.9543094900416453,5.0,1.0,1
78.0,0.25,Bb_MAJ_MIN7_inv0,Bb_MAJ_MIN7_inv0,0.0,0.0,0.0,0
78.25,0.125,Bb_MAJ_MIN7_inv3,Bb_MAJ_MIN7_inv0,0.022002521769662775,6.0,0.25,1
78.375,0.125,Bb_MAJ_MIN7_inv3,Bb_MAJ_MIN7_inv0,0.022002521769662775,6.0,0.25,1
78.5,0.25,Bb_MAJ_MIN7_inv3,Bb_MAJ_MIN7_inv0,0.022002521769662775,6.0,0.25,1
78.75,0.125,Bb_MAJ_MIN7_inv2,Bb_MAJ_MIN7_inv0,0.07335027354237089,15.0,0.25,1
78.875,0.125,Bb_MAJ_MIN7_inv2,Bb_MAJ_MIN7_inv0,0.07335027354237089,15.0,0.25,1
79.0,0.25,Bb_MAJ_MIN7_inv2,Bb_MAJ_MIN7_inv0,0.07335027354237089,15.0,0.25,1
79.25,0.125,Bb_MAJ_MIN7_inv1,Bb_MAJ_MIN7_inv0,0.1081634472933426,12.0,0.25,1
79.375,0.125,Bb_MAJ_MIN7_inv1,Bb_MAJ_MIN7_inv0,0.1081634472933426,12.0,0.25,1
79.5,0.25,F_DIMINISHED_inv0,Bb_MAJ_MIN7_inv0,0.484818814944058,19.0,0.75,1
79.75,0.125,Bb_MAJ_MIN7_inv1,Bb_MAJ_MIN7_inv0,0.1081634472933426,12.0,0.25,1
79.875,0.125,Bb_MAJ_MIN7_inv1,Bb_MAJ_MIN7_inv0,0.1081634472933426,12.0,0.25,1
80.0,0.25,Bb_MAJ_MIN7_inv0,Bb_MAJ_MIN7_inv0,0.0,0.0,0.0,0
80.25,0.125,Bb_MAJ_MIN7_inv3,Bb_MAJ_MIN7_inv0,0.022002521769662775,6.0,0.25,1
80.375,0.125,Bb_MAJ_MIN7_inv3,Bb_MAJ_MIN7_inv0,0.022002521769662775,6.0,0.25,1
80.5,0.25,Bb_MAJ_MIN7_inv3,Bb_MAJ_MIN7_inv0,0.022002521769662775,6.0,0.25,1
80.75,0.125,Bb_MAJ_MIN7_inv2,Bb_MAJ_MIN7_inv0,0.07335027354237089,15.0,0.25,1
80.875,0.125,Bb_MAJ_MIN7_inv2,Bb_MAJ_MIN7_inv0,0.07335027354237089,15.0,0.25,1
81.0,0.25,Bb_MAJ_MIN7_inv2,Bb_MAJ_MIN7_inv0,0.07335027354237089,15.0,0.25,1
81.25,0.25,Bb_MAJOR_inv1,Bb_MAJ_MIN7_inv0,0.18021308542820536,14.0,0.375,1
81.5,0.25,B_MAJOR_inv1,Bb_MAJ_MIN7_inv0,0.9331535234785262,20.0,1.0,1
81.75,0.25,Bb_MAJOR_inv1,Bb_MAJ_MIN7_inv0,0.18021308542820536,14.0,0.375,1
82.0,0.75,Eb_MAJ_MIN7_inv3,Eb_MAJ_MIN7_inv3,0.0,0.0,0.0,0
82.75,0.125,Db_MAJ_MIN7_inv3,Db_MAJ_MIN7_inv3,0.0,0.0,0.0,0
82.875,0.125,Db_MAJ_MIN7_inv3,Db_MAJ_MIN7_inv3,0.0,0.0,0.0,0
83.0,0.25,Gb_MAJOR_inv1,Gb_MAJOR_inv1,0.0,0.0,0.0,0
83.25,0.125,Db_MAJ_MIN7_inv2,Db_MAJ_MIN7_inv2,0.0,0.0,0.0,0
83.375,0.125,Db_MAJ_MIN7_inv2,Db_MAJ_MIN7_inv2,0.0,0.0,0.0,0
83.5,0.25,Db_MAJ_MIN7_inv1,Db_MAJ_MIN7_inv1,0.0,0.0,0.0,0
83.75,0.25,Gb_MAJOR_inv0,Gb_MAJOR_inv0,0.0,0.0,0.0,0
84.0,0.25,Ab_MINOR_inv1,Ab_MINOR_inv1,0.0,0.0,0.0,0
84.25,0.25,Gb_MAJOR_inv0,Gb_MAJOR_inv1,0.05350264033337482,12.0,0.2857142857142857,1
84.5,0.25,F_DIMINISHED_inv1,F_DIMINISHED_inv1,0.0,0.0,0.0,0
84.75,0.25,Gb_MAJOR_inv0,Db_MAJ_MIN7_inv1,0.6004547606616949,6.0,0.875,1
85.0,0.25,Db_MAJ_MIN7_inv1,B_DIM7_inv2,0.10080058791631574,1.0,0.375,1
85.25,0.125,Db_MAJ_MIN7_inv1,B_DIM7_inv2,0.10080058791631574,1.0,0.375,1
85.375,0.125,Db_MAJ_MIN7_inv1,B_DIM7_inv2,0.10080058791631574,1.0,0.375,1
85.5,0.25,Db_MAJ_MIN7_inv1,B_DIM7_inv2,0.10080058791631574,1.0,0.375,1
85.75,0.125,Db_MAJ_MIN7_inv1,B_DIM7_inv2,0.10080058791631574,1.0,0.375,1
85.875,0.125,Db_MAJ_MIN7_inv1,B_DIM7_inv2,0.10080058791631574,1.0,0.375,1
86.0,0.25,B_DIM7_inv2,C_MINOR_inv1,0.91337042440488,11.0,1.0,1
86.25,0.125,B_DIM7_inv2,C_MINOR_inv1,0.91337042440488,11.0,1.0,1
86.375,0.125,B_DIM7_inv2,C_MINOR_inv1,0.91337042440488,11.0,1.0,1
86.5,0.25,B_DIM7_inv2,C_MINOR_inv1,0.91337042440488,11.0,1.0,1
86.75,0.125,B_DIM7_inv2,C_MINOR_inv1,0.91337042440488,11.0,1.0,1
86.875,0.125,B_DIM7_inv2,C_MINOR_inv1,0.91337042440488,11.0,1.0,1
87.0,0.25,C_MINOR_inv1,C_MINOR_inv1,0.0,0.0,0.0,0
87.25,0.125,C_MINOR_inv1,C_MINOR_inv1,0.0,0.0,0.0,0
87.375,0.125,C_MINOR_inv1,C_MINOR_inv1,0.0,0.0,0.0,0
87.5,0.25,C_MINOR_inv1,C_MINOR_inv1,0.0,0.0,0.0,0
87.75,0.125,C_MINOR_inv1,C_MINOR_inv1,0.0,0.0,0.0,0
87.875,0.125,C_MINOR_inv1,C_MINOR_inv1,0.0,0.0,0.0,0
88.0,0.25,G_MAJ_MIN7_inv2,G_MAJ_MIN7_inv2,0.0,0.0,0.0,0
88.25,0.125,G_MAJ_MIN7_inv2,G_MAJ_MIN7_inv2,0.0,0.0,0.0,0
88.375,0.125,G_MAJ_MIN7_inv2,G_MAJ_MIN7_inv2,0.0,0.0,0.0,0
88.5,0.25,G_MAJ_MIN7_inv2,G_MAJ_MIN7_inv2,0.0,0.0,0.0,0
88.75,0.125,G_MAJ_MIN7_inv2,G_MAJ_MIN7_inv2,0.0,0.0,0.0,0
88.875,0.125,G_MAJ_MIN7_inv2,G_MAJ_MIN7_inv2,0.0,0.0,0.0,0
89.0,0.25,C_MINOR_inv0,C_MINOR_inv0,0.0,0.0,0.0,0
89.25,0.125,C_MINOR_inv0,C_MINOR_inv0,0.0,0.0,0.0,0
89.375,0.125,C_MINOR_inv0,C_MINOR_inv0,0.0,0.0,0.0,0
89.5,0.25,C_MINOR_inv0,C_MINOR_inv0,0.0,0.0,0.0,0
89.75,0.125,C_MINOR_inv0,C_MINOR_inv0,0.0,0.0,0.0,0
89.875,0.125,C_MINOR_inv0,C_MINOR_inv0,0.0,0.0,0.0,0
90.0,0.25,B_DIM7_inv2,B_DIM7_inv2,0.0,0.0,0.0,0
90.25,0.125,B_DIM7_inv2,B_DIM7_inv2,0.0,0.0,0.0,0
90.375,0.125,B_DIM7_inv2,B_DIM7_inv2,0.0,0.0,0.0,0
90.5,0.25,B_DIM7_inv2,B_DIM7_inv2,0.0,0.0,0.0,0
90.75,0.125,B_DIM7_inv2,B_DIM7_inv2,0.0,0.0,0.0,0
90.875,0.125,B_DIM7_inv2,B_DIM7_inv2,0.0,0.0,0.0,0
91.0,0.25,C_MINOR_inv0,C_MINOR_inv0,0.0,0.0,0.0,0
91.25,0.125,C_MINOR_inv0,C_MINOR_inv0,0.0,0.0,0.0,0
91.375,0.125,C_MINOR_inv0,C_MINOR_inv0,0.0,0.0,0.0,0
91.5,0.25,C_MINOR_inv0,C_MINOR_inv0,0.0,0.0,0.0,0
91.75,0.125,C_MINOR_inv0,C_MINOR_inv0,0.0,0.0,0.0,0
91.875,0.125,C_MINOR_inv0,C_MINOR_inv0,0.0,0.0,0.0,0
92.0,0.25,B_DIM7_inv0,B_DIM7_inv0,0.0,0.0,0.0,0
92.25,0.125,B_DIM7_inv0,B_DIM7_inv0,0.0,0.0,0.0,0
92.375,0.125,B_DIM7_inv0,B_DIM7_inv0,0.0,0.0,0.0,0
92.5,0.25,B_DIM7_inv0,B_DIM7_inv0,0.0,0.0,0.0,0
92.75,0.125,B_DIM7_inv0,B_DIM7_inv0,0.0,0.0,0.0,0
92.875,0.125,B_DIM7_inv0,B_DIM7_inv0,0.0,0.0,0.0,0
93.0,0.25,C_MINOR_inv0,C_MINOR_inv0,0.0,0.0,0.0,0
93.25,0.125,C_MINOR_inv0,C_MINOR_inv0,0.0,0.0,0.0,0
93.375,0.125,C_MINOR_inv0,C_MINOR_inv0,0.0,0.0,0.0,0
93.5,0.25,C_MINOR_inv0,C_MINOR_inv0,0.0,0.0,0.0,0
93.75,0.125,C_MINOR_inv0,C_MINOR_inv0,0.0,0.0,0.0,0
93.875,0.125,C_MINOR_inv0,C_MINOR_inv0,0.0,0.0,0.0,0
94.0,0.25,Ab_MAJOR_inv1,Ab_MAJOR_inv1,0.0,0.0,0.0,0
94.25,0.125,Ab_MAJOR_inv1,Ab_MAJOR_inv1,0.0,0.0,0.0,0
94.375,0.125,Ab_MAJOR_inv1,Ab_MAJOR_inv1,0.0,0.0,0.0,0
94.5,0.25,Ab_MAJOR_inv1,Ab_MAJOR_inv1,0.0,0.0,0.0,0
94.75,0.125,Ab_MAJOR_inv1,Ab_MAJOR_inv1,0.0,0.0,0.0,0
94.875,0.125,Ab_MAJOR_inv1,Ab_MAJOR_inv1,0.0,0.0,0.0,0
95.0,0.25,Ab_MAJOR_inv1,Ab_MAJOR_inv1,0.0,0.0,0.0,0
95.25,0.125,Ab_MAJOR_inv1,Ab_MAJOR_inv1,0.0,0.0,0.0,0
95.375,0.125,Ab_MAJOR_inv1,Ab_MAJOR_inv1,0.0,0.0,0.0,0
95.5,0.125,Ab_MAJOR_inv1,Ab_MAJOR_inv1,0.0,0.0,0.0,0
95.625,0.375,Ab_MAJOR_inv1,Ab_MAJOR_inv1,0.0,0.0,0.0,0
96.0,0.25,B_DIM7_inv0,B_DIM7_inv0,0.0,0.0,0.0,0
96.25,0.125,B_DIM7_inv0,B_DIM7_inv0,0.0,0.0,0.0,0
96.375,0.125,B_DIM7_inv0,B_DIM7_inv0,0.0,0.0,0.0,0
96.5,0.125,B_DIM7_inv0,B_DIM7_inv0,0.0,0.0,0.0,0
96.625,0.375,B_DIM7_inv0,B_DIM7_inv0,0.0,0.0,0.0,0
97.0,0.25,Ab_MAJOR_inv1,Ab_MAJOR_inv1,0.0,0.0,0.0,0
97.25,0.125,Ab_MAJOR_inv1,Ab_MAJOR_inv1,0.0,0.0,0.0,0
97.375,0.125,Ab_MAJOR_inv1,Ab_MAJOR_inv1,0.0,0.0,0.0,0
97.5,0.125,Ab_MAJOR_inv1,Ab_MAJOR_inv1,0.0,0.0,0.0,0
97.625,0.375,Ab_MAJOR_inv1,Ab_MAJOR_inv1,0.0,0.0,0.0,0
98.0,0.25,Ab_MAJOR_inv1,Ab_MAJOR_inv1,0.0,0.0,0.0,0
98.25,0.125,Ab_MAJOR_inv1,Ab_MAJOR_inv1,0.0,0.0,0.0,0
98.375,0.125,Ab_MAJOR_inv1,Ab_MAJOR_inv1,0.0,0.0,0.0,0
98.5,0.125,Ab_MAJOR_inv1,Ab_MAJOR_inv1,0.0,0.0,0.0,0
98.625,0.375,Ab_MAJOR_inv1,Ab_MAJOR_inv1,0.0,0.0,0.0,0
99.0,0.25,Ab_MAJOR_inv1,Ab_MAJOR_inv1,0.0,0.0,0.0,0
99.25,0.125,Ab_MAJOR_inv1,Ab_MAJOR_inv1,0.0,0.0,0.0,0
99.375,0.125,Ab_MAJOR_inv1,Ab_MAJOR_inv1,0.0,0.0,0.0,0
99.5,0.125,Ab_MAJOR_inv1,Ab_MAJOR_inv1,0.0,0.0,0.0,0
99.625,0.125,Ab_MAJOR_inv1,Ab_MAJOR_inv1,0.0,0.0,0.0,0
99.75,0.125,Ab_MAJOR_inv1,Ab_MAJOR_inv1,0.0,0.0,0.0,0
99.875,0.125,Ab_MAJOR_inv1,Ab_MAJOR_inv1,0.0,0.0,0.0,0
100.0,0.125,Ab_MAJOR_inv1,Ab_MAJOR_inv1,0.0,0.0,0.0,0
100.125,0.125,Ab_MAJOR_inv1,Ab_MAJOR_inv1,0.0,0.0,0.0,0
100.25,0.125,Ab_MAJOR_inv1,Ab_MAJOR_inv1,0.0,0.0,0.0,0
100.375,0.125,Ab_MAJOR_inv1,Ab_MAJOR_inv1,0.0,0.0,0.0,0
100.5,0.125,Ab_MAJOR_inv1,Ab_MAJOR_inv1,0.0,0.0,0.0,0
100.625,0.125,Ab_MAJOR_inv1,Ab_MAJOR_inv1,0.0,0.0,0.0,0
100.75,0.125,Ab_MAJOR_inv1,Ab_MAJOR_inv1,0.0,0.0,0.0,0
100.875,0.125,Ab_MAJOR_inv1,Ab_MAJOR_inv1,0.0,0.0,0.0,0
101.0,0.75,Ab_MAJOR_inv1,Ab_MAJOR_inv1,0.0,0.0,0.0,0
101.75,0.125,G_MAJOR_inv1,G_MAJ_MIN7_inv1,0.05764708300084209,2.0,0.125,1
101.875,0.125,G_DIMINISHED_inv1,G_MAJ_MIN7_inv1,0.5277707249182599,6.0,0.625,1
102.0,0.25,G_DIMINISHED_inv1,G_DIMINISHED_inv1,0.0,0.0,0.0,0
102.25,0.125,F_MAJOR_inv1,F_MAJOR_inv1,0.0,0.0,0.0,0
102.375,0.125,F_DIMINISHED_inv1,F_MAJOR_inv1,0.520371078705157,4.0,0.5714285714285714,1
102.5,0.25,F_DIMINISHED_inv1,F_MINOR_inv1,0.12042146654373553,1.0,0.1428571428571429,1
102.75,0.125,Eb_MAJOR_inv1,Eb_MAJOR_inv1,0.0,0.0,0.0,0
102.875,0.125,Eb_DIMINISHED_inv1,Eb_MAJOR_inv1,0.5264771585842261,4.0,0.5714285714285714,1
103.0,0.5,Bb_MAJ_MIN7_inv2,Bb_MAJ_MIN7_inv2,0.1880244190543522,1.0,0.125,0
103.5,0.25,Bb_MAJ_MIN7_inv2,Bb_MAJ_MIN7_inv2,0.0,0.0,0.0,0
103.75,0.25,Eb_MAJOR_inv0,Eb_MAJOR_inv0,0.0,0.0,0.0,0
104.0,0.25,Bb_MAJOR_inv1,Bb_MAJOR_inv1,0.0,0.0,0.0,0
104.25,0.25,C_MINOR_inv0,C_MINOR_inv0,0.0,0.0,0.0,0
104.5,0.25,Bb_MAJ_MIN7_inv0,Bb_MAJ_MIN7_inv0,0.0,0.0,0.0,0
104.75,0.25,Bb_MAJOR_inv0,Bb_MAJ_MIN7_inv0,0.009006348233015604,2.0,0.125,1
105.0,0.125,Eb_MAJOR_inv0,Eb_MAJOR_inv0,0.0,0.0,0.0,0
105.125,0.125,Eb_MAJOR_inv0,Eb_MAJOR_inv0,0.0,0.0,0.0,0
105.25,0.125,Eb_MAJOR_inv0,Eb_MAJOR_inv0,0.0,0.0,0.0,0
105.375,0.125,Eb_MAJOR_inv0,Eb_MAJOR_inv0,0.0,0.0,0.0,0
105.5,0.125,Eb_MAJOR_inv0,Eb_MAJOR_inv0,0.0,0.0,0.0,0
105.625,0.125,Eb_MAJOR_inv0,Eb_MAJOR_inv0,0.0,0.0,0.0,0
105.75,0.125,Eb_MAJOR_inv0,Eb_MAJOR_inv0,0.0,0.0,0.0,0
105.875,0.125,Eb_MAJOR_inv0,Eb_MAJOR_inv0,0.0,0.0,0.0,0
106.0,0.125,Bb_MAJ_MIN7_inv2,Bb_MAJ_MIN7_inv2,0.0,0.0,0.0,0
106.125,0.125,Bb_MAJ_MIN7_inv2,Bb_MAJ_MIN7_inv2,0.0,0.0,0.0,0
106.25,0.125,Bb_MAJ_MIN7_inv2,Bb_MAJ_MIN7_inv2,0.0,0.0,0.0,0
106.375,0.125,Bb_MAJ_MIN7_inv2,Bb_MAJ_MIN7_inv2,0.0,0.0,0.0,0
106.5,0.125,Bb_MAJ_MIN7_inv2,Bb_MAJ_MIN7_inv2,0.0,0.0,0.0,0
106.625,0.125,Bb_MAJ_MIN7_inv2,Bb_MAJ_MIN7_inv2,0.0,0.0,0.0,0
106.75,0.125,Bb_MAJ_MIN7_inv2,Bb_MAJ_MIN7_inv2,0.0,0.0,0.0,0
106.875,0.125,Bb_MAJ_MIN7_inv2,Bb_MAJ_MIN7_inv2,0.0,0.0,0.0,0
107.0,0.125,Eb_MAJOR_inv1,Eb_MAJOR_inv1,0.0,0.0,0.0,0
107.125,0.125,Eb_MAJOR_inv1,Eb_MAJOR_inv1,0.0,0.0,0.0,0
107.25,0.125,Eb_MAJOR_inv1,Eb_MAJOR_inv1,0.0,0.0,0.0,0
107.375,0.125,Eb_MAJOR_inv1,Eb_MAJOR_inv1,0.0,0.0,0.0,0
107.5,0.125,Eb_MAJOR_inv1,Eb_MAJOR_inv1,0.0,0.0,0.0,0
107.625,0.125,Eb_MAJOR_inv1,Eb_MAJOR_inv1,0.0,0.0,0.0,0
107.75,0.125,Eb_MAJOR_inv1,Eb_MAJOR_inv1,0.0,0.0,0.0,0
107.875,0.125,Eb_MAJOR_inv1,Eb_MAJOR_inv1,0.0,0.0,0.0,0
108.0,0.125,Bb_MAJ_MIN7_inv3,Bb_MAJ_MIN7_inv3,0.0,0.0,0.0,0
108.125,0.125,Bb_MAJ_MIN7_inv3,Bb_MAJ_MIN7_inv3,0.0,0.0,0.0,0
108.25,0.125,Bb_MAJ_MIN7_inv3,Bb_MAJ_MIN7_inv3,0.0,0.0,0.0,0
108.375,0.125,Bb_MAJ_MIN7_inv3,Bb_MAJ_MIN7_inv3,0.0,0.0,0.0,0
108.5,0.125,Bb_MAJOR_inv0,Bb_MAJOR_inv0,0.0013989072945522762,1.0,0.125,0
108.625,0.125,Bb_MAJOR_inv0,Bb_MAJOR_inv0,0.0013989072945522762,1.0,0.125,0
108.75,0.125,Bb_MAJOR_inv0,Bb_MAJOR_inv0,0.0,0.0,0.0,0
108.875,0.125,Bb_MAJOR_inv0,Bb_MAJOR_inv0,0.0,0.0,0.0,0
109.0,0.125,Eb_MAJOR_inv0,Eb_MAJOR_inv0,0.0,0.0,0.0,0
109.125,0.125,Eb_MAJOR_inv0,Eb_MAJOR_inv0,0.0,0.0,0.0,0
109.25,0.125,Eb_MAJOR_inv0,Eb_MAJOR_inv0,0.0,0.0,0.0,0
109.375,0.125,Eb_MAJOR_inv0,Eb_MAJOR_inv0,0.0,0.0,0.0,0
109.5,0.125,Eb_MAJOR_inv0,Bb_MAJOR_inv2,0.3905349196968242,9.0,0.8571428571428572,1
109.625,0.125,Eb_MAJOR_inv0,Bb_MAJOR_inv2,0.3905349196968242,9.0,0.8571428571428572,1
109.75,0.125,Eb_MAJOR_inv0,Bb_MAJOR_inv2,0.3905349196968242,9.0,0.8571428571428572,1
109.875,0.125,Eb_MAJOR_inv0,Bb_MAJOR_inv2,0.3905349196968242,9.0,0.8571428571428572,1
110.0,0.125,Bb_MAJ_MIN7_inv2,Eb_MAJOR_inv1,0.486342104392646,10.0,0.875,1
110.125,0.125,Bb_MAJ_MIN7_inv2,Eb_MAJOR_inv1,0.486342104392646,10.0,0.875,1
110.25,0.125,Bb_MAJ_MIN7_inv2,Eb_MAJOR_inv1,0.486342104392646,10.0,0.875,1
110.375,0.125,Bb_MAJ_MIN7_inv2,Eb_MAJOR_inv1,0.486342104392646,10.0,0.875,1
110.5,0.125,Bb_MAJ_MIN7_inv2,Eb_MAJOR_inv1,0.486342104392646,10.0,0.875,1
110.625,0.125,Bb_MAJ_MIN7_inv2,Eb_MAJOR_inv1,0.486342104392646,10.0,0.875,1
110.75,0.125,Bb_MAJ_MIN7_inv2,Eb_MAJOR_inv1,0.486342104392646,10.0,0.875,1
110.875,0.125,Bb_MAJ_MIN7_inv2,Eb_MAJOR_inv1,0.486342104392646,10.0,0.875,1
111.0,0.125,Eb_MAJOR_inv1,Eb_MAJOR_inv1,0.0,0.0,0.0,0
111.125,0.125,Eb_MAJOR_inv1,Eb_MAJOR_inv1,0.0,0.0,0.0,0
111.25,0.125,Eb_MAJOR_inv1,Eb_MAJOR_inv1,0.0,0.0,0.0,0
111.375,0.125,Eb_MAJOR_inv1,Eb_MAJOR_inv1,0.0,0.0,0.0,0
111.5,0.125,Eb_MAJOR_inv1,Eb_MAJOR_inv1,0.0,0.0,0.0,0
111.625,0.125,Eb_MAJOR_inv1,Eb_MAJOR_inv1,0.0,0.0,0.0,0
111.75,0.125,Eb_MAJOR_inv1,Eb_MAJOR_inv1,0.0,0.0,0.0,0
111.875,0.125,Eb_MAJOR_inv1,Eb_MAJOR_inv1,0.0,0.0,0.0,0
112.0,0.125,F_MIN_MIN7_inv1,F_MIN_MIN7_inv1,0.1047477573136344,1.0,0.11111111111111116,0
112.125,0.125,F_MIN_MIN7_inv1,F_MIN_MIN7_inv1,0.1047477573136344,1.0,0.11111111111111116,0
112.25,0.125,F_MIN_MIN7_inv1,F_MIN_MIN7_inv1,0.0,0.0,0.0,0
112.375,0.125,F_MIN_MIN7_inv1,F_MIN_MIN7_inv1,0.0,0.0,0.0,0
112.5,0.125,F_MAJ_MIN7_inv1,F_MAJ_MIN7_inv1,0.0,0.0,0.0,0
112.625,0.125,F_MAJ_MIN7_inv1,F_MAJ_MIN7_inv1,0.0,0.0,0.0,0
112.75,0.125,F_MAJ_MIN7_inv1,F_MAJ_MIN7_inv1,0.0,0.0,0.0,0
112.875,0.125,F_MAJ_MIN7_inv1,F_MAJ_MIN7_inv1,0.0,0.0,0.0,0
113.0,0.125,Bb_MAJOR_inv0,Bb_MAJ_MIN7_inv0,0.009006348233015604,2.0,0.125,1
113.125,0.125,Bb_MAJOR_inv0,Bb_MAJ_MIN7_inv0,0.009006348233015604,2.0,0.125,1
113.25,0.125,A_DIMINISHED_inv2,Bb_MAJ_MIN7_inv0,0.9285321131232857,21.0,1.0,1
113.375,0.125,Bb_MAJOR_inv1,Bb_MAJ_MIN7_inv0,0.18021308542820536,14.0,0.375,1
113.5,0.125,A_DIMINISHED_inv1,Bb_MAJ_MIN7_inv0,0.8676274989724084,10.0,1.0,1
113.625,0.125,Bb_MAJOR_inv0,Bb_MAJ_MIN7_inv0,0.009006348233015604,2.0,0.125,1
113.75,0.125,A_DIMINISHED_inv0,Bb_MAJ_MIN7_inv0,0.9170523812394856,9.0,1.0,1
113.875,0.125,D_DIMINISHED_inv2,Bb_MAJ_MIN7_inv0,0.23738017746599183,8.0,0.625,1
114.0,0.125,Eb_MAJOR_inv1,Eb_MAJOR_inv1,0.0,0.0,0.0,0
114.125,0.125,Eb_MAJOR_inv1,Eb_MAJOR_inv1,0.0,0.0,0.0,0
114.25,0.125,Eb_MAJOR_inv0,Eb_MAJOR_inv1,0.13307145192728131,12.0,0.2857142857142857,1
114.375,0.125,Eb_MAJOR_inv0,Eb_MAJOR_inv1,0.13307145192728131,12.0,0.2857142857142857,1
114.5,0.125,Eb_MAJOR_inv0,Eb_MAJOR_inv1,0.13307145192728131,12.0,0.2857142857142857,1
114.625,0.125,Eb_MAJOR_inv0,Eb_MAJOR_inv1,0.13307145192728131,12.0,0.2857142857142857,1
114.75,0.125,Eb_MAJOR_inv0,Eb_MAJOR_inv1,0.13307145192728131,12.0,0.2857142857142857,1
114.875,0.125,Eb_MAJOR_inv0,Eb_MAJOR_inv1,0.13307145192728131,12.0,0.2857142857142857,1
115.0,0.25,Bb_MAJOR_inv0,Bb_MAJOR_inv0,0.0,0.0,0.0,0
115.25,0.125,B_DIM7_inv2,Bb_MAJOR_inv0,0.5289231419275073,18.0,0.75,1
115.375,0.125,C_MINOR_inv1,Bb_MAJOR_inv0,0.8504302048486505,20.0,1.0,1
115.5,0.125,G_MAJ_MIN7_inv2,Bb_MAJOR_inv0,0.37246174304705637,15.0,0.75,1
115.625,0.125,Gb_DIM7_inv2,Bb_MAJOR_inv0,0.8982783294549551,11.0,1.0,1
115.75,0.125,G_MAJOR_inv1,Bb_MAJOR_inv0,0.6508614312180814,5.0,0.8571428571428572,1
115.875,0.125,D_MAJOR_inv2,Bb_MAJOR_inv0,0.5544521723975546,4.0,0.8571428571428572,1
116.0,0.125,G_MAJOR_inv0,G_MAJ_MIN7_inv0,0.034780245091321715,2.0,0.125,1
116.125,0.125,G_MAJ_MIN7_inv3,G_MAJ_MIN7_inv0,0.055214706109966816,6.0,0.25,1
116.25,0.125,C_MINOR_inv1,G_MAJ_MIN7_inv0,0.6504793452796169,16.0,0.875,1
116.375,0.125,B_DIMINISHED_inv1,G_MAJ_MIN7_inv0,0.18952975380502157,17.0,0.625,1
116.5,0.125,C_MINOR_inv0,C_MINOR_inv0,0.0,0.0,0.0,0
116.625,0.125,C_MAJ_MIN7_inv3,C_MINOR_inv0,0.4185605528896511,9.0,0.5,1
116.75,0.125,F_MAJOR_inv1,C_MINOR_inv0,0.48097521590726644,13.0,0.8571428571428572,1
116.875,0.125,F_MAJOR_inv1,C_MINOR_inv0,0.48097521590726644,13.0,0.8571428571428572,1
117.0,0.5,Bb_MAJ_MIN7_inv3,Bb_MAJ_MIN7_inv3,0.0,0.0,0.0,0
117.5,0.5,Eb_MAJOR_inv1,Eb_MAJOR_inv0,0.13307145192728131,12.0,0.2857142857142857,1
118.0,0.75,F_HALF_DIM7_inv2,F_DIM7_inv2,0.09990509339999964,1.0,0.125,1
118.75,0.25,Bb_MAJOR_inv0,F_DIM7_inv2,0.6937654758646727,6.0,0.875,1
119.0,0.25,F_HALF_DIM7_inv1,F_DIM7_inv1,0.05439666049580505,1.0,0.125,1
119.25,0.125,F_HALF_DIM7_inv1,F_DIM7_inv1,0.05439666049580505,1.0,0.125,1
119.375,0.125,F_HALF_DIM7_inv1,F_DIM7_inv1,0.05439666049580505,1.0,0.125,1
119.5,0.125,F_HALF_DIM7_inv1,F_DIM7_inv1,0.05439666049580505,1.0,0.125,1
119.625,0.125,F_HALF_DIM7_inv1,F_DIM7_inv1,0.05439666049580505,1.0,0.125,1
119.75,0.125,F_HALF_DIM7_inv1,F_DIM7_inv1,0.05439666049580505,1.0,0.125,1
119.875,0.125,F_HALF_DIM7_inv1,F_DIM7_inv1,0.05439666049580505,1.0,0.125,1
120.0,0.75,F_HALF_DIM7_inv2,F_DIM7_inv2,0.09990509339999964,1.0,0.125,1
120.75,0.25,Bb_MAJOR_inv0,F_DIM7_inv2,0.6937654758646727,6.0,0.875,1
121.0,0.25,F_MAJ_MIN7_inv1,F_MAJ_MIN7_inv1,0.0,0.0,0.0,0
121.25,0.125,F_MAJ_MIN7_inv1,F_MAJ_MIN7_inv1,0.0,0.0,0.0,0
121.375,0.125,F_MAJ_MIN7_inv1,F_MAJ_MIN7_inv1,0.0,0.0,0.0,0
121.5,0.125,F_MAJ_MIN7_inv1,F_MAJ_MIN7_inv1,0.0,0.0,0.0,0
121.625,0.125,F_MAJ_MIN7_inv1,F_MAJ_MIN7_inv1,0.0,0.0,0.0,0
121.75,0.125,F_MAJ_MIN7_inv1,F_MAJ_MIN7_inv1,0.0,0.0,0.0,0
121.875,0.125,F_MAJ_MIN7_inv1,F_MAJ_MIN7_inv1,0.0,0.0,0.0,0
122.0,0.25,Bb_MAJOR_inv0,F_DIM7_inv1,0.34008740555199835,6.0,0.625,1
122.25,0.125,Bb_MAJOR_inv0,F_DIM7_inv1,0.34008740555199835,6.0,0.625,1
122.375,0.125,Bb_MAJOR_inv0,F_DIM7_inv1,0.34008740555199835,6.0,0.625,1
122.5,0.125,Bb_MAJOR_inv0,F_DIM7_inv1,0.34008740555199835,6.0,0.625,1
122.625,0.125,Bb_MAJOR_inv0,F_DIM7_inv1,0.34008740555199835,6.0,0.625,1
122.75,0.125,Bb_MAJOR_inv0,F_DIM7_inv1,0.34008740555199835,6.0,0.625,1
122.875,0.125,Bb_MAJOR_inv0,F_DIM7_inv1,0.34008740555199835,6.0,0.625,1
123.0,0.25,Bb_MAJOR_inv0,G_MIN_MIN7_inv1,0.3347610130940124,3.0,0.5,1
123.25,0.125,Bb_MAJOR_inv0,G_MIN_MIN7_inv1,0.3347610130940124,3.0,0.5,1
123.375,0.125,Bb_MAJOR_inv0,G_MIN_MIN7_inv1,0.3347610130940124,3.0,0.5,1
123.5,0.125,Bb_MAJOR_inv0,G_MIN_MIN7_inv1,0.3347610130940124,3.0,0.5,1
123.625,0.125,Bb_MAJOR_inv0,G_MIN_MIN7_inv1,0.3347610130940124,3.0,0.5,1
123.75,0.125,Bb_MAJOR_inv0,G_MIN_MIN7_inv1,0.3347610130940124,3.0,0.5,1
123.875,0.125,Bb_MAJOR_inv0,G_MIN_MIN7_inv1,0.3347610130940124,3.0,0.5,1
124.0,0.25,Bb_MAJ_MIN7_inv0,Bb_MAJ_MIN7_inv0,0.0,0.0,0.0,0
124.25,0.125,Bb_MAJ_MIN7_inv0,Bb_MAJ_MIN7_inv0,0.0,0.0,0.0,0
124.375,0.125,Bb_MAJ_MIN7_inv0,Bb_MAJ_MIN7_inv0,0.0,0.0,0.0,0
124.5,0.25,Bb_MAJOR_inv0,Eb_MAJOR_inv2,0.15209171030355229,0.0,0.2857142857142857,1
124.75,0.125,Bb_MAJOR_inv0,Eb_MAJOR_inv2,0.15209171030355229,0.0,0.2857142857142857,1
124.875,0.125,Bb_MAJOR_inv0,Eb_MAJOR_inv2,0.15209171030355229,0.0,0.2857142857142857,1
125.0,0.25,Bb_MAJOR_inv0,Bb_MAJOR_inv0,0.0,0.0,0.0,0
125.25,0.125,Bb_MAJOR_inv0,Bb_MAJOR_inv0,0.0,0.0,0.0,0
125.375,0.125,Bb_MAJOR_inv0,Bb_MAJOR_inv0,0.0,0.0,0.0,0
125.5,0.25,Bb_MAJOR_inv0,Eb_MAJOR_inv2,0.15209171030355229,0.0,0.2857142857142857,1
125.75,0.125,Bb_MAJOR_inv0,Eb_MAJOR_inv2,0.15209171030355229,0.0,0.2857142857142857,1
125.875,0.125,Bb_MAJOR_inv0,Eb_MAJOR_inv2,0.15209171030355229,0.0,0.2857142857142857,1
126.0,0.25,Bb_MAJOR_inv0,F_DIM7_inv1,0.34008740555199835,6.0,0.625,1
126.25,0.125,Bb_MAJOR_inv0,F_DIM7_inv1,0.34008740555199835,6.0,0.625,1
126.375,0.125,Bb_MAJOR_inv0,F_DIM7_inv1,0.34008740555199835,6.0,0.625,1
126.5,0.125,Bb_MAJOR_inv0,F_DIM7_inv1,0.34008740555199835,6.0,0.625,1
126.625,0.125,Bb_MAJOR_inv0,F_DIM7_inv1,0.34008740555199835,6.0,0.625,1
126.75,0.125,Bb_MAJOR_inv0,F_DIM7_inv1,0.34008740555199835,6.0,0.625,1
126.875,0.125,Bb_MAJOR_inv0,F_DIM7_inv1,0.34008740555199835,6.0,0.625,1
127.0,0.25,Bb_MAJOR_inv0,G_MIN_MIN7_inv1,0.3347610130940124,3.0,0.5,1
127.25,0.125,Bb_MAJOR_inv0,G_MIN_MIN7_inv1,0.3347610130940124,3.0,0.5,1
127.375,0.125,Bb_MAJOR_inv0,G_MIN_MIN7_inv1,0.3347610130940124,3.0,0.5,1
127.5,0.125,Bb_MAJOR_inv0,G_MIN_MIN7_inv1,0.3347610130940124,3.0,0.5,1
127.625,0.125,Bb_MAJOR_inv0,G_MIN_MIN7_inv1,0.3347610130940124,3.0,0.5,1
127.75,0.125,Bb_MAJOR_inv0,G_MIN_MIN7_inv1,0.3347610130940124,3.0,0.5,1
127.875,0.125,Bb_MAJOR_inv0,G_MIN_MIN7_inv1,0.3347610130940124,3.0,0.5,1
128.0,0.25,Bb_MAJ_MIN7_inv0,Bb_MAJ_MIN7_inv0,0.0,0.0,0.0,0
128.25,0.125,Bb_MAJ_MIN7_inv0,Bb_MAJ_MIN7_inv0,0.0,0.0,0.0,0
128.375,0.125,Bb_MAJ_MIN7_inv0,Bb_MAJ_MIN7_inv0,0.0,0.0,0.0,0
128.5,0.25,Bb_MAJOR_inv0,Eb_MAJOR_inv2,0.15209171030355229,0.0,0.2857142857142857,1
128.75,0.125,Bb_MAJOR_inv0,Eb_MAJOR_inv2,0.15209171030355229,0.0,0.2857142857142857,1
128.875,0.125,Bb_MAJOR_inv0,Eb_MAJOR_inv2,0.15209171030355229,0.0,0.2857142857142857,1
129.0,0.25,Bb_MAJ_MIN7_inv0,Bb_MAJ_MIN7_inv0,0.0,0.0,0.0,0
129.25,0.125,Bb_MAJ_MIN7_inv0,Bb_MAJ_MIN7_inv0,0.0,0.0,0.0,0
129.375,0.125,Bb_MAJ_MIN7_inv0,Bb_MAJ_MIN7_inv0,0.0,0.0,0.0,0
129.5,0.25,Bb_MAJOR_inv0,Bb_MAJ_MIN7_inv0,0.009006348233015604,2.0,0.125,1
129.75,0.125,D_DIMINISHED_inv0,Bb_MAJ_MIN7_inv0,0.2103403586412933,14.0,0.625,1
129.875,0.125,D_DIMINISHED_inv0,Bb_MAJ_MIN7_inv0,0.2103403586412933,14.0,0.625,1
130.0,0.125,Eb_MAJOR_inv0,Bb_MAJ_MIN7_inv0,0.19646056600185136,16.0,0.625,1
130.125,0.125,Eb_MAJOR_inv0,Bb_MAJ_MIN7_inv0,0.19646056600185136,16.0,0.625,1
130.25,0.125,Eb_MAJOR_inv1,Bb_MAJ_MIN7_inv0,0.4243216901351061,13.0,0.875,1
130.375,0.125,Eb_MAJOR_inv1,Bb_MAJ_MIN7_inv0,0.4243216901351061,13.0,0.875,1
130.5,0.25,Bb_MAJOR_inv0,Bb_MAJ_MIN7_inv0,0.009006348233015604,2.0,0.125,1
130.75,0.125,D_DIMINISHED_inv0,Bb_MAJ_MIN7_inv0,0.2103403586412933,14.0,0.625,1
130.875,0.125,D_DIMINISHED_inv0,Bb_MAJ_MIN7_inv0,0.2103403586412933,14.0,0.625,1
131.0,0.125,Eb_MAJOR_inv0,Bb_MAJ_MIN7_inv0,0.19646056600185136,16.0,0.625,1
131.125,0.125,Eb_MAJOR_inv0,Bb_MAJ_MIN7_inv0,0.19646056600185136,16.0,0.625,1
131.25,0.125,Eb_MAJOR_inv1,Bb_MAJ_MIN7_inv0,0.4243216901351061,13.0,0.875,1
131.375,0.125,Eb_MAJOR_inv1,Bb_MAJ_MIN7_inv0,0.4243216901351061,13.0,0.875,1
131.5,0.25,Bb_MAJOR_inv0,Bb_MAJ_MIN7_inv0,0.009006348233015604,2.0,0.125,1
131.75,0.25,D_HALF_DIM7_inv2,Bb_MAJ_MIN7_inv0,0.391983593840727,8.0,0.625,1
132.0,0.25,Eb_MAJOR_inv1,Bb_MAJ_MIN7_inv0,0.4770565407656965,14.0,0.875,1
132.25,0.25,Eb_MINOR_inv1,Bb_MAJ_MIN7_inv0,0.4578949619186451,16.0,0.875,1
132.5,0.25,F_MIN_MIN7_inv0,Bb_MAJ_MIN7_inv0,0.44379991793538465,20.0,0.75,1
132.75,0.25,Bb_MAJ_MIN7_inv0,Bb_MAJ_MIN7_inv0,0.0,0.0,0.0,0
133.0,0.125,Eb_MAJOR_inv0,Eb_MAJOR_inv0,0.0,0.0,0.0,0
133.125,0.125,Eb_MAJOR_inv0,Eb_MAJOR_inv0,0.0,0.0,0.0,0
133.25,0.125,Eb_MAJOR_inv0,Gb_DIMINISHED_inv0,0.34109697264115413,13.0,0.75,1
133.375,0.125,Eb_MAJOR_inv0,Gb_DIMINISHED_inv0,0.34109697264115413,13.0,0.75,1
133.5,0.125,Eb_MAJOR_inv0,Gb_DIMINISHED_inv0,0.34109697264115413,13.0,0.75,1
133.625,0.125,Eb_MAJOR_inv0,Gb_DIMINISHED_inv0,0.34109697264115413,13.0,0.75,1
133.75,0.125,Eb_MAJOR_inv0,Eb_MAJOR_inv0,0.0,0.0,0.0,0
133.875,0.125,Eb_MAJOR_inv0,Eb_MAJOR_inv0,0.0,0.0,0.0,0
134.0,0.125,D_DIM7_inv3,Eb_MAJOR_inv0,0.9122717662572852,17.0,1.0,1
134.125,0.125,D_DIM7_inv3,Eb_MAJOR_inv0,0.9122717662572852,17.0,1.0,1
134.25,0.125,D_DIM7_inv3,D_DIM7_inv3,0.0,0.0,0.0,0
134.375,0.125,D_DIM7_inv3,D_DIM7_inv3,0.0,0.0,0.0,0
134.5,0.125,D_DIM7_inv3,D_DIM7_inv3,0.0,0.0,0.0,0
134.625,0.125,D_DIM7_inv3,D_DIM7_inv3,0.0,0.0,0.0,0
134.75,0.125,Bb_MAJ_MIN7_inv0,Eb_MAJOR_inv0,0.4455511241147826,19.0,0.875,1
134.875,0.125,Bb_MAJ_MIN7_inv0,Eb_MAJOR_inv0,0.4455511241147826,19.0,0.875,1
135.0,0.125,Eb_MAJOR_inv0,Eb_MAJOR_inv0,0.0,0.0,0.0,0
135.125,0.125,Eb_MAJOR_inv0,Eb_MAJOR_inv0,0.0,0.0,0.0,0
135.25,0.125,Eb_MAJOR_inv0,Eb_MAJOR_inv0,0.0,0.0,0.0,0
135.375,0.125,Eb_MAJOR_inv0,Eb_MAJOR_inv0,0.0,0.0,0.0,0
135.5,0.125,Ab_MAJOR_inv0,Ab_MAJOR_inv0,0.0,0.0,0.0,0
135.625,0.125,Ab_MAJOR_inv0,Ab_MAJOR_inv0,0.0,0.0,0.0,0
135.75,0.125,Eb_MAJOR_inv0,Eb_MAJOR_inv0,0.0,0.0,0.0,0
135.875,0.125,Eb_MAJOR_inv0,Eb_MAJOR_inv0,0.0,0.0,0.0,0
136.0,0.125,Bb_MAJOR_inv0,Eb_MAJOR_inv2,0.15209171030355229,0.0,0.2857142857142857,1
136.125,0.125,Bb_MAJOR_inv0,Eb_MAJOR_inv2,0.15209171030355229,0.0,0.2857142857142857,1
136.25,0.125,Bb_MAJ_MIN7_inv0,Bb_MAJ_MIN7_inv0,0.0,0.0,0.0,0
136.375,0.125,Bb_MAJ_MIN7_inv0,Bb_MAJ_MIN7_inv0,0.0,0.0,0.0,0
136.5,0.125,Bb_MAJOR_inv0,Eb_MAJOR_inv2,0.15209171030355229,0.0,0.2857142857142857,1
136.625,0.125,Bb_MAJOR_inv0,Eb_MAJOR_inv2,0.15209171030355229,0.0,0.2857142857142857,1
136.75,0.125,Bb_MAJ_MIN7_inv0,Bb_MAJOR_inv0,0.009006348233015604,2.0,0.125,1
136.875,0.125,Bb_MAJ_MIN7_inv0,Bb_MAJOR_inv0,0.009006348233015604,2.0,0.125,1
137.0,0.125,Eb_MAJOR_inv0,Eb_MAJOR_inv0,0.0,0.0,0.0,0
137.125,0.125,Eb_MAJOR_inv0,Eb_MAJOR_inv0,0.0,0.0,0.0,0
137.25,0.125,Eb_MAJOR_inv0,Gb_DIMINISHED_inv0,0.34109697264115413,13.0,0.75,1
137.375,0.125,Eb_MAJOR_inv0,Gb_DIMINISHED_inv0,0.34109697264115413,13.0,0.75,1
137.5,0.125,Eb_MAJOR_inv0,Gb_DIMINISHED_inv0,0.34109697264115413,13.0,0.75,1
137.625,0.125,Eb_MAJOR_inv0,Gb_DIMINISHED_inv0,0.34109697264115413,13.0,0.75,1
137.75,0.125,Eb_MAJOR_inv0,Eb_MAJOR_inv0,0.0,0.0,0.0,0
137.875,0.125,Eb_MAJOR_inv0,Eb_MAJOR_inv0,0.0,0.0,0.0,0
138.0,0.125,D_DIM7_inv3,Eb_MAJOR_inv0,0.9122717662572852,17.0,1.0,1
138.125,0.125,D_DIM7_inv3,Eb_MAJOR_inv0,0.9122717662572852,17.0,1.0,1
138.25,0.125,D_DIM7_inv3,D_DIM7_inv3,0.0,0.0,0.0,0
138.375,0.125,D_DIM7_inv3,D_DIM7_inv3,0.0,0.0,0.0,0
138.5,0.125,D_DIM7_inv3,D_DIM7_inv3,0.0,0.0,0.0,0
138.625,0.125,D_DIM7_inv3,D_DIM7_inv3,0.0,0.0,0.0,0
138.75,0.125,Bb_MAJ_MIN7_inv0,Eb_MAJOR_inv0,0.4455511241147826,19.0,0.875,1
138.875,0.125,Bb_MAJ_MIN7_inv0,Eb_MAJOR_inv0,0.4455511241147826,19.0,0.875,1
139.0,0.125,Eb_MAJOR_inv0,Eb_MAJOR_inv0,0.0,0.0,0.0,0
139.125,0.125,Eb_MAJOR_inv0,Eb_MAJOR_inv0,0.0,0.0,0.0,0
139.25,0.125,Eb_MAJOR_inv0,Eb_MAJOR_inv0,0.0,0.0,0.0,0
139.375,0.125,Eb_MAJOR_inv0,Eb_MAJOR_inv0,0.0,0.0,0.0,0
139.5,0.125,Ab_MAJOR_inv0,Ab_MAJOR_inv0,0.0,0.0,0.0,0
139.625,0.125,Ab_MAJOR_inv0,Ab_MAJOR_inv0,0.0,0.0,0.0,0
139.75,0.125,Eb_MAJOR_inv0,Eb_MAJOR_inv0,0.0,0.0,0.0,0
139.875,0.125,Eb_MAJOR_inv0,Eb_MAJOR_inv0,0.0,0.0,0.0,0
140.0,0.125,Bb_MAJOR_inv0,Eb_MAJOR_inv2,0.15209171030355229,0.0,0.2857142857142857,1
140.125,0.125,Bb_MAJOR_inv0,Eb_MAJOR_inv2,0.15209171030355229,0.0,0.2857142857142857,1
140.25,0.125,Bb_MAJ_MIN7_inv0,Bb_MAJ_MIN7_inv0,0.0,0.0,0.0,0
140.375,0.125,Bb_MAJ_MIN7_inv0,Bb_MAJ_MIN7_inv0,0.0,0.0,0.0,0
140.5,0.125,Bb_MAJOR_inv0,Eb_MAJOR_inv2,0.15209171030355229,0.0,0.2857142857142857,1
140.625,0.125,Bb_MAJOR_inv0,Eb_MAJOR_inv2,0.15209171030355229,0.0,0.2857142857142857,1
140.75,0.125,Bb_MAJOR_inv0,Bb_MAJOR_inv0,0.0,0.0,0.0,0
140.875,0.125,Bb_MAJOR_inv0,Bb_MAJOR_inv0,0.0,0.0,0.0,0
141.0,0.125,Eb_MAJOR_inv0,Eb_MAJOR_inv0,0.01804412781465714,1.0,0.1428571428571429,0
141.125,0.125,Eb_MAJOR_inv0,Eb_MAJOR_inv0,0.01804412781465714,1.0,0.1428571428571429,0
141.25,0.125,Eb_MAJOR_inv0,Eb_MAJOR_inv0,0.01804412781465714,1.0,0.1428571428571429,0
141.375,0.125,Eb_MAJOR_inv0,Eb_MAJOR_inv0,0.01804412781465714,1.0,0.1428571428571429,0
141.5,0.125,Eb_MAJOR_inv2,Eb_MAJOR_inv0,0.15209171030355229,15.0,0.2857142857142857,1
141.625,0.125,Eb_MAJOR_inv2,Eb_MAJOR_inv0,0.15209171030355229,15.0,0.2857142857142857,1
141.75,0.125,Eb_MAJOR_inv0,Eb_MAJOR_inv0,0.0,0.0,0.0,0
141.875,0.125,Eb_MAJOR_inv0,Eb_MAJOR_inv0,0.0,0.0,0.0,0
142.0,0.125,Bb_MAJOR_inv0,Bb_MAJ_MIN7_inv0,0.24799369385393744,3.0,0.25,1
142.125,0.125,Bb_MAJOR_inv0,Bb_MAJ_MIN7_inv0,0.24799369385393744,3.0,0.25,1
142.25,0.125,Bb_MAJ_MIN7_inv3,Bb_MAJ_MIN7_inv0,0.022002521769662775,6.0,0.25,1
142.375,0.125,Eb_MAJOR_inv1,Bb_MAJ_MIN7_inv0,0.4243216901351061,13.0,0.875,1
142.5,0.125,D_DIMINISHED_inv1,Bb_MAJ_MIN7_inv0,0.31132491692469855,17.0,0.625,1
142.625,0.125,Eb_MAJOR_inv0,Bb_MAJ_MIN7_inv0,0.4455511241147826,19.0,0.875,1
142.75,0.125,Bb_MAJ_MIN7_inv0,Bb_MAJ_MIN7_inv0,0.0,0.0,0.0,0
142.875,0.125,Bb_MAJOR_inv0,Bb_MAJ_MIN7_inv0,0.009006348233015604,2.0,0.125,1
143.0,0.125,Eb_MAJOR_inv0,Eb_MAJOR_inv0,0.01804412781465714,1.0,0.1428571428571429,0
143.125,0.125,Eb_MAJOR_inv0,Eb_MAJOR_inv0,0.01804412781465714,1.0,0.1428571428571429,0
143.25,0.125,Eb_MAJOR_inv0,Eb_MAJOR_inv0,0.01804412781465714,1.0,0.1428571428571429,0
143.375,0.125,Eb_MAJOR_inv0,Eb_MAJOR_inv0,0.01804412781465714,1.0,0.1428571428571429,0
143.5,0.125,Eb_MAJOR_inv2,Eb_MAJOR_inv0,0.15209171030355229,15.0,0.2857142857142857,1
143.625,0.125,Eb_MAJOR_inv2,Eb_MAJOR_inv0,0.15209171030355229,15.0,0.2857142857142857,1
143.75,0.125,Eb_MAJOR_inv0,Eb_MAJOR_inv0,0.0,0.0,0.0,0
143.875,0.125,Eb_MAJOR_inv0,Eb_MAJOR_inv0,0.0,0.0,0.0,0
144.0,0.125,Bb_MAJOR_inv0,Bb_MAJ_MIN7_inv0,0.24799369385393744,3.0,0.25,1
144.125,0.125,Bb_MAJOR_inv0,Bb_MAJ_MIN7_inv0,0.24799369385393744,3.0,0.25,1
144.25,0.125,Bb_MAJ_MIN7_inv3,Bb_MAJ_MIN7_inv0,0.022002521769662775,6.0,0.25,1
144.375,0.125,Eb_MAJOR_inv1,Bb_MAJ_MIN7_inv0,0.4243216901351061,13.0,0.875,1
144.5,0.125,D_DIMINISHED_inv1,Bb_MAJ_MIN7_inv0,0.31132491692469855,17.0,0.625,1
144.625,0.125,Eb_MAJOR_inv0,Bb_MAJ_MIN7_inv0,0.4455511241147826,19.0,0.875,1
144.75,0.125,Bb_MAJ_MIN7_inv0,Bb_MAJ_MIN7_inv0,0.0,0.0,0.0,0
144.875,0.125,Bb_MAJOR_inv0,Bb_MAJ_MIN7_inv0,0.009006348233015604,2.0,0.125,1
145.0,0.125,Eb_MAJOR_inv0,Eb_MAJOR_inv0,0.0,0.0,0.0,0
145.125,0.125,Eb_MAJOR_inv0,Eb_MAJOR_inv0,0.0,0.0,0.0,0
145.25,0.125,Eb_MAJOR_inv0,Eb_MAJOR_inv0,0.0,0.0,0.0,0
145.375,0.125,Eb_MAJOR_inv0,Eb_MAJOR_inv0,0.0,0.0,0.0,0
145.5,0.125,Eb_MAJOR_inv0,Eb_MAJOR_inv0,0.0,0.0,0.0,0
145.625,0.125,Eb_MAJOR_inv0,Eb_MAJOR_inv0,0.0,0.0,0.0,0
145.75,0.125,Eb_MAJOR_inv0,Eb_MAJOR_inv0,0.0,0.0,0.0,0
145.875,0.125,Eb_MAJOR_inv0,Eb_MAJOR_inv0,0.0,0.0,0.0,0
146.0,0.125,Eb_MAJOR_inv2,Eb_MAJOR_inv0,0.15209171030355229,15.0,0.2857142857142857,1
146.125,0.125,Eb_MAJOR_inv2,Eb_MAJOR_inv0,0.15209171030355229,15.0,0.2857142857142857,1
146.25,0.125,Eb_MAJOR_inv2,Eb_MAJOR_inv0,0.15209171030355229,15.0,0.2857142857142857,1
146.375,0.125,Eb_MAJOR_inv2,Eb_MAJOR_inv0,0.15209171030355229,15.0,0.2857142857142857,1
146.5,0.125,Eb_MAJOR_inv1,Eb_MAJOR_inv0,0.13307145192728131,12.0,0.2857142857142857,1
146.625,0.125,Eb_MAJOR_inv1,Eb_MAJOR_inv0,0.13307145192728131,12.0,0.2857142857142857,1
146.75,0.125,Eb_MAJOR_inv1,Eb_MAJOR_inv0,0.13307145192728131,12.0,0.2857142857142857,1
146.875,0.125,Eb_MAJOR_inv1,Eb_MAJOR_inv0,0.13307145192728131,12.0,0.2857142857142857,1
147.0,0.125,Eb_MAJOR_inv0,Eb_MAJOR_inv0,0.0,0.0,0.0,0
147.125,0.125,Eb_MAJOR_inv0,Eb_MAJOR_inv0,0.0,0.0,0.0,0
147.25,0.125,Eb_MAJOR_inv0,Eb_MAJOR_inv0,0.0,0.0,0.0,0
147.375,0.125,Eb_MAJOR_inv0,Eb_MAJOR_inv0,0.0,0.0,0.0,0
147.5,0.125,Eb_MAJOR_inv2,Eb_MAJOR_inv0,0.15209171030355229,15.0,0.2857142857142857,1
147.625,0.125,Eb_MAJOR_inv2,Eb_MAJOR_inv0,0.15209171030355229,15.0,0.2857142857142857,1
147.75,0.125,Eb_MAJOR_inv2,Eb_MAJOR_inv0,0.15209171030355229,15.0,0.2857142857142857,1
147.875,0.125,Eb_MAJOR_inv2,Eb_MAJOR_inv0,0.15209171030355229,15.0,0.2857142857142857,1
148.0,0.125,Eb_MAJOR_inv1,Eb_MAJOR_inv0,0.13307145192728131,12.0,0.2857142857142857,1
148.125,0.125,Eb_MAJOR_inv1,Eb_MAJOR_inv0,0.13307145192728131,12.0,0.2857142857142857,1
148.25,0.125,Eb_MAJOR_inv1,Eb_MAJOR_inv0,0.13307145192728131,12.0,0.2857142857142857,1
148.375,0.125,Eb_MAJOR_inv1,Eb_MAJOR_inv0,0.13307145192728131,12.0,0.2857142857142857,1
148.5,0.125,Eb_MAJOR_inv0,Eb_MAJOR_inv0,0.0,0.0,0.0,0
148.625,0.125,Eb_MAJOR_inv0,Eb_MAJOR_inv0,0.0,0.0,0.0,0
148.75,0.125,Eb_MAJOR_inv0,Eb_MAJOR_inv0,0.0,0.0,0.0,0
148.875,0.125,Eb_MAJOR_inv0,Eb_MAJOR_inv0,0.0,0.0,0.0,0
149.0,1.0,Eb_MAJ_MIN7_inv0,Eb_MAJ_MIN7_inv0,0.0,0.0,0.0,0
150.0,1.0,Ab_MAJOR_inv0,Ab_MAJOR_inv0,0.0,0.0,0.0,0
151.0,1.0,Eb_MAJOR_inv0,Eb_MAJOR_inv1,0.13307145192728131,12.0,0.2857142857142857,1
152.0,1.0,Db_MAJOR_inv1,Db_MAJOR_inv1,0.0,0.0,0.0,0
153.0,0.75,C_MAJOR_inv1,C_MAJOR_inv1,0.0,0.0,0.0,0
153.75,0.125,F_MAJ_MIN7_inv3,F_MAJ_MIN7_inv3,0.0,0.0,0.0,0
153.875,0.125,Bb_MINOR_inv1,F_MAJ_MIN7_inv3,0.6458592521980586,10.0,0.875,1
154.0,0.25,Bb_MINOR_inv1,Bb_MINOR_inv1,0.0,0.0,0.0,0
154.25,0.125,Eb_MAJ_MIN7_inv3,Bb_MINOR_inv1,0.23838546587730047,4.0,0.5,1
154.375,0.125,Ab_MAJOR_inv1,Bb_MINOR_inv1,0.8423414294141698,7.0,1.0,1
154.5,0.25,Ab_MAJOR_inv1,Ab_MAJOR_inv0,0.03107662202673367,12.0,0.2857142857142857,1
154.75,0.125,Db_MAJ_MAJ7_inv3,Ab_MAJOR_inv0,0.4806603432847011,16.0,0.75,1
154.875,0.125,G_DIMINISHED_inv1,Ab_MAJOR_inv0,0.8682345601970288,11.0,1.0,1
155.0,0.25,G_DIMINISHED_inv1,G_DIMINISHED_inv1,0.0,0.0,0.0,0
155.25,0.125,C_MAJ_MIN7_inv3,G_DIMINISHED_inv1,0.3352744575838864,4.0,0.5,1
155.375,0.125,F_MINOR_inv1,G_DIMINISHED_inv1,0.8097035821477248,9.0,1.0,1
155.5,0.25,F_MINOR_inv1,F_MINOR_inv1,0.0,0.0,0.0,0
155.75,0.25,B_DIM7_inv3,B_DIM7_inv3,0.0,0.0,0.0,0
156.0,0.5,E_DIMINISHED_inv1,C_MAJ_MIN7_inv2,0.3626021404168399,3.0,0.5,1
156.5,0.25,E_DIMINISHED_inv1,C_MAJ_MIN7_inv2,0.049170248617776635,2.0,0.375,1
156.75,0.25,F_MINOR_inv0,F_MINOR_inv0,0.0,0.0,0.0,0
157.0,0.25,C_MAJOR_inv1,C_MAJOR_inv1,0.0,0.0,0.0,0
157.25,0.25,D_HALF_DIM7_inv0,D_HALF_DIM7_inv0,0.0,0.0,0.0,0
157.5,0.25,C_MAJ_MIN7_inv0,C_MAJ_MIN7_inv0,0.0,0.0,0.0,0
157.75,0.25,C_MAJ_MIN7_inv0,C_MAJ_MIN7_inv0,0.0,0.0,0.0,0
158.0,0.125,F_MINOR_inv0,F_MINOR_inv0,0.0,0.0,0.0,0
158.125,0.125,F_MINOR_inv0,F_MINOR_inv0,0.0,0.0,0.0,0
158.25,0.125,F_MINOR_inv0,F_MINOR_inv0,0.0,0.0,0.0,0
158.375,0.125,F_MINOR_inv0,F_MINOR_inv0,0.0,0.0,0.0,0
158.5,0.125,F_MINOR_inv0,F_MINOR_inv0,0.0,0.0,0.0,0
158.625,0.125,F_MINOR_inv0,F_MINOR_inv0,0.0,0.0,0.0,0
158.75,0.125,F_MINOR_inv0,F_MINOR_inv0,0.0,0.0,0.0,0
158.875,0.125,F_MINOR_inv0,F_MINOR_inv0,0.0,0.0,0.0,0
159.0,0.125,C_MAJ_MIN7_inv2,C_MAJ_MIN7_inv2,0.0,0.0,0.0,0
159.125,0.125,C_MAJ_MIN7_inv2,C_MAJ_MIN7_inv2,0.0,0.0,0.0,0
159.25,0.125,C_MAJ_MIN7_inv2,C_MAJ_MIN7_inv2,0.0,0.0,0.0,0
159.375,0.125,C_MAJ_MIN7_inv2,C_MAJ_MIN7_inv2,0.0,0.0,0.0,0
159.5,0.125,C_MAJ_MIN7_inv2,C_MAJ_MIN7_inv2,0.0,0.0,0.0,0
159.625,0.125,C_MAJ_MIN7_inv2,C_MAJ_MIN7_inv2,0.0,0.0,0.0,0
159.75,0.125,C_MAJ_MIN7_inv2,C_MAJ_MIN7_inv2,0.0,0.0,0.0,0
159.875,0.125,C_MAJ_MIN7_inv2,C_MAJ_MIN7_inv2,0.0,0.0,0.0,0
160.0,0.125,F_MINOR_inv1,F_MINOR_inv1,0.0,0.0,0.0,0
160.125,0.125,F_MINOR_inv1,F_MINOR_inv1,0.0,0.0,0.0,0
160.25,0.125,F_MINOR_inv1,F_MINOR_inv1,0.0,0.0,0.0,0
160.375,0.125,F_MINOR_inv1,F_MINOR_inv1,0.0,0.0,0.0,0
160.5,0.125,F_MINOR_inv1,F_MINOR_inv1,0.0,0.0,0.0,0
160.625,0.125,F_MINOR_inv1,F_MINOR_inv1,0.0,0.0,0.0,0
160.75,0.125,F_MINOR_inv1,F_MINOR_inv1,0.0,0.0,0.0,0
160.875,0.125,F_MINOR_inv1,F_MINOR_inv1,0.0,0.0,0.0,0
161.0,0.125,C_MAJ_MIN7_inv3,C_MAJ_MIN7_inv2,0.024505905233101255,9.0,0.25,1
161.125,0.125,C_MAJ_MIN7_inv3,C_MAJ_MIN7_inv2,0.024505905233101255,9.0,0.25,1
161.25,0.125,C_MAJ_MIN7_inv3,C_MAJ_MIN7_inv2,0.024505905233101255,9.0,0.25,1
161.375,0.125,C_MAJ_MIN7_inv3,C_MAJ_MIN7_inv2,0.024505905233101255,9.0,0.25,1
161.5,0.125,C_MAJOR_inv0,C_MAJOR_inv0,0.0037005894368214998,0.0,0.0,0
161.625,0.125,C_MAJOR_inv0,C_MAJOR_inv0,0.0037005894368214998,0.0,0.0,0
161.75,0.125,C_MAJOR_inv0,C_MAJOR_inv0,0.0,0.0,0.0,0
161.875,0.125,C_MAJOR_inv0,C_MAJOR_inv0,0.0,0.0,0.0,0
162.0,0.125,F_MINOR_inv0,F_MINOR_inv0,0.0,0.0,0.0,0
162.125,0.125,F_MINOR_inv0,F_MINOR_inv0,0.0,0.0,0.0,0
162.25,0.125,F_MINOR_inv0,F_MINOR_inv0,0.0,0.0,0.0,0
162.375,0.125,F_MINOR_inv0,F_MINOR_inv0,0.0,0.0,0.0,0
162.5,0.125,F_MINOR_inv0,F_MINOR_inv0,0.0,0.0,0.0,0
162.625,0.125,F_MINOR_inv0,F_MINOR_inv0,0.0,0.0,0.0,0
162.75,0.125,F_MINOR_inv0,F_MINOR_inv0,0.0,0.0,0.0,0
162.875,0.125,F_MINOR_inv0,F_MINOR_inv0,0.0,0.0,0.0,0
163.0,0.125,C_MAJ_MIN7_inv2,C_MAJ_MIN7_inv2,0.0,0.0,0.0,0
163.125,0.125,C_MAJ_MIN7_inv2,C_MAJ_MIN7_inv2,0.0,0.0,0.0,0
163.25,0.125,C_MAJ_MIN7_inv2,C_MAJ_MIN7_inv2,0.0,0.0,0.0,0
163.375,0.125,C_MAJ_MIN7_inv2,C_MAJ_MIN7_inv2,0.0,0.0,0.0,0
163.5,0.125,C_MAJ_MIN7_inv2,C_MAJ_MIN7_inv2,0.0,0.0,0.0,0
163.625,0.125,C_MAJ_MIN7_inv2,C_MAJ_MIN7_inv2,0.0,0.0,0.0,0
163.75,0.125,C_MAJ_MIN7_inv2,C_MAJ_MIN7_inv2,0.0,0.0,0.0,0
163.875,0.125,C_MAJ_MIN7_inv2,C_MAJ_MIN7_inv2,0.0,0.0,0.0,0
164.0,0.125,F_MINOR_inv1,F_MINOR_inv1,0.0,0.0,0.0,0
164.125,0.125,F_MINOR_inv1,F_MINOR_inv1,0.0,0.0,0.0,0
164.25,0.125,F_MINOR_inv1,F_MINOR_inv1,0.0,0.0,0.0,0
164.375,0.125,F_MINOR_inv1,F_MINOR_inv1,0.0,0.0,0.0,0
164.5,0.125,F_MINOR_inv0,F_MINOR_inv0,0.0,0.0,0.0,0
164.625,0.125,F_MINOR_inv0,F_MINOR_inv0,0.0,0.0,0.0,0
164.75,0.125,F_MINOR_inv0,F_MINOR_inv0,0.0,0.0,0.0,0
164.875,0.125,F_MINOR_inv0,F_MINOR_inv0,0.0,0.0,0.0,0
165.0,0.125,Bb_MAJOR_inv1,Bb_MAJOR_inv1,0.0,0.0,0.0,0
165.125,0.125,Bb_MAJOR_inv1,Bb_MAJOR_inv1,0.0,0.0,0.0,0
165.25,0.125,Bb_MAJOR_inv1,Bb_MAJOR_inv1,0.0,0.0,0.0,0
165.375,0.125,Bb_MAJOR_inv1,Bb_MAJOR_inv1,0.0,0.0,0.0,0
165.5,0.125,Bb_MAJOR_inv1,Bb_MAJOR_inv1,0.0004562427875207664,1.0,0.125,0
165.625,0.125,Bb_MAJOR_inv1,Bb_MAJOR_inv1,0.0004562427875207664,1.0,0.125,0
165.75,0.125,Bb_MAJOR_inv1,Bb_MAJOR_inv1,0.0,0.0,0.0,0
165.875,0.125,Bb_MAJOR_inv1,Bb_MAJOR_inv1,0.0,0.0,0.0,0
166.0,0.125,Eb_MINOR_inv0,Eb_MINOR_inv0,0.0,0.0,0.0,0
166.125,0.125,Eb_MINOR_inv0,Eb_MINOR_inv0,0.0,0.0,0.0,0
166.25,0.125,Eb_MINOR_inv0,Eb_MINOR_inv0,0.0,0.0,0.0,0
166.375,0.125,Eb_MINOR_inv0,Eb_MINOR_inv0,0.0,0.0,0.0,0
166.5,0.125,Eb_MINOR_inv0,Eb_MINOR_inv0,0.0,0.0,0.0,0
166.625,0.125,Eb_MINOR_inv0,Eb_MINOR_inv0,0.0,0.0,0.0,0
166.75,0.125,Eb_MINOR_inv0,Eb_MINOR_inv0,0.0,0.0,0.0,0
166.875,0.125,Eb_MINOR_inv0,Eb_MINOR_inv0,0.0,0.0,0.0,0
167.0,0.125,Bb_MAJ_MIN7_inv2,Bb_MAJ_MIN7_inv2,0.0,0.0,0.0,0
167.125,0.125,Bb_MAJ_MIN7_inv2,Bb_MAJ_MIN7_inv2,0.0,0.0,0.0,0
167.25,0.125,Bb_MAJ_MIN7_inv2,Bb_MAJ_MIN7_inv2,0.0,0.0,0.0,0
167.375,0.125,Bb_MAJ_MIN7_inv2,Bb_MAJ_MIN7_inv2,0.0,0.0,0.0,0
167.5,0.125,Bb_MAJ_MIN7_inv2,Bb_MAJ_MIN7_inv2,0.0,0.0,0.0,0
167.625,0.125,Bb_MAJ_MIN7_inv2,Bb_MAJ_MIN7_inv2,0.0,0.0,0.0,0
167.75,0.125,Bb_MAJ_MIN7_inv2,Bb_MAJ_MIN7_inv2,0.0,0.0,0.0,0
167.875,0.125,Bb_MAJ_MIN7_inv2,Bb_MAJ_MIN7_inv2,0.0,0.0,0.0,0
168.0,0.125,Eb_MINOR_inv1,Eb_MINOR_inv1,0.0,0.0,0.0,0
168.125,0.125,Eb_MINOR_inv1,Eb_MINOR_inv1,0.0,0.0,0.0,0
168.25,0.125,Eb_MINOR_inv1,Eb_MINOR_inv1,0.0,0.0,0.0,0
168.375,0.125,Eb_MINOR_inv1,Eb_MINOR_inv1,0.0,0.0,0.0,0
168.5,0.125,Eb_MINOR_inv1,Eb_MINOR_inv1,0.0,0.0,0.0,0
168.625,0.125,Eb_MINOR_inv1,Eb_MINOR_inv1,0.0,0.0,0.0,0
168.75,0.125,Eb_MINOR_inv1,Eb_MINOR_inv1,0.0,0.0,0.0,0
168.875,0.125,Eb_MINOR_inv1,Eb_MINOR_inv1,0.0,0.0,0.0,0
169.0,0.125,Bb_MAJ_MIN7_inv3,Bb_MAJ_MIN7_inv2,0.05281108136411339,9.0,0.25,1
169.125,0.125,Bb_MAJ_MIN7_inv3,Bb_MAJ_MIN7_inv2,0.05281108136411339,9.0,0.25,1
169.25,0.125,Bb_MAJ_MIN7_inv3,Bb_MAJ_MIN7_inv2,0.05281108136411339,9.0,0.25,1
169.375,0.125,Bb_MAJ_MIN7_inv3,Bb_MAJ_MIN7_inv2,0.05281108136411339,9.0,0.25,1
169.5,0.125,Bb_MAJOR_inv0,Bb_MAJOR_inv0,0.0013989072945522762,1.0,0.125,0
169.625,0.125,Bb_MAJOR_inv0,Bb_MAJOR_inv0,0.0013989072945522762,1.0,0.125,0
169.75,0.125,Bb_MAJOR_inv0,Bb_MAJOR_inv0,0.0,0.0,0.0,0
169.875,0.125,Bb_MAJOR_inv0,Bb_MAJOR_inv0,0.0,0.0,0.0,0
170.0,0.125,Eb_MINOR_inv0,Eb_MINOR_inv0,0.0,0.0,0.0,0
170.125,0.125,Eb_MINOR_inv0,Eb_MINOR_inv0,0.0,0.0,0.0,0
170.25,0.125,Eb_MINOR_inv0,Eb_MINOR_inv0,0.0,0.0,0.0,0
170.375,0.125,Eb_MINOR_inv0,Eb_MINOR_inv0,0.0,0.0,0.0,0
170.5,0.125,Bb_MAJ_MIN7_inv2,Bb_MAJ_MIN7_inv2,0.0,0.0,0.0,0
170.625,0.125,Bb_MAJ_MIN7_inv2,Bb_MAJ_MIN7_inv2,0.0,0.0,0.0,0
170.75,0.125,Bb_MAJ_MIN7_inv2,Bb_MAJ_MIN7_inv2,0.0,0.0,0.0,0
170.875,0.125,Bb_MAJ_MIN7_inv2,Bb_MAJ_MIN7_inv2,0.0,0.0,0.0,0
171.0,0.125,Eb_MAJOR_inv1,Eb_MAJOR_inv1,0.0,0.0,0.0,0
171.125,0.125,Eb_MAJOR_inv1,Eb_MAJOR_inv1,0.0,0.0,0.0,0
171.25,0.125,Eb_MAJOR_inv1,Eb_MAJOR_inv1,0.0,0.0,0.0,0
171.375,0.125,Eb_MAJOR_inv1,Eb_MAJOR_inv1,0.0,0.0,0.0,0
171.5,0.125,Ab_MINOR_inv0,Ab_MINOR_inv0,0.0,0.0,0.0,0
171.625,0.125,Ab_MINOR_inv0,Ab_MINOR_inv0,0.0,0.0,0.0,0
171.75,0.125,Ab_MINOR_inv0,Ab_MINOR_inv0,0.0,0.0,0.0,0
171.875,0.125,Ab_MINOR_inv0,Ab_MINOR_inv0,0.0,0.0,0.0,0
172.0,1.0,Ab_MINOR_inv1,Ab_MINOR_inv0,0.027140663569777845,9.0,0.2857142857142857,1
173.0,1.0,Bb_MAJOR_inv0,Ab_MINOR_inv0,0.959502487136412,11.0,1.0,1
174.0,1.0,Ab_MINOR_inv1,Ab_MINOR_inv1,0.0,0.0,0.0,0
175.0,1.0,Bb_MAJOR_inv0,Ab_MINOR_inv1,0.9007160726339385,7.0,1.0,1
176.0,1.0,A_DIMINISHED_inv0,F_MAJOR_inv1,0.162428401598529,2.0,0.4285714285714286,1
177.0,1.0,Bb_MAJOR_inv0,F_MAJOR_inv1,0.6847957010214595,5.0,0.8571428571428572,1
178.0,1.0,A_DIMINISHED_inv1,F_MAJOR_inv1,0.3897028036503395,11.0,0.7142857142857143,1
179.0,1.0,Bb_MAJOR_inv0,F_MAJOR_inv1,0.6847957010214595,5.0,0.8571428571428572,1
180.0,1.0,F_MINOR_inv1,F_MINOR_inv1,0.0,0.0,0.0,0
181.0,1.0,Eb_MAJOR_inv0,F_MINOR_inv1,0.8717690698190423,20.0,1.0,1
182.0,1.0,D_DIMINISHED_inv1,Bb_MAJ_MIN7_inv2,0.1459527939561689,2.0,0.375,1
183.0,1.0,Eb_MAJOR_inv0,Eb_MAJOR_inv0,0.0,0.0,0.0,0
184.0,1.0,Bb_MAJOR_inv1,Bb_MAJOR_inv1,0.0,0.0,0.0,0
185.0,1.0,Ab_MAJOR_inv1,Ab_MAJOR_inv1,0.0,0.0,0.0,0
186.0,1.0,G_MAJOR_inv1,G_MAJOR_inv1,0.0,0.0,0.0,0
187.0,0.5,Bb_MAJOR_inv0,Bb_MAJ_MIN7_inv0,0.4455511241147826,4.0,0.375,1
187.5,0.25,Bb_MAJ_MIN7_inv0,Bb_MAJ_MIN7_inv0,0.0,0.0,0.0,0
187.75,0.25,Bb_MAJOR_inv0,Bb_MAJ_MIN7_inv0,0.009006348233015604,2.0,0.125,1
188.0,0.125,Eb_MAJOR_inv2,Eb_MAJOR_inv0,0.15209171030355229,15.0,0.2857142857142857,1
188.125,0.125,Eb_MAJOR_inv2,Eb_MAJOR_inv0,0.15209171030355229,15.0,0.2857142857142857,1
188.25,0.125,Eb_MAJOR_inv2,Eb_MAJOR_inv0,0.15209171030355229,15.0,0.2857142857142857,1
188.375,0.125,Eb_MAJOR_inv2,Eb_MAJOR_inv0,0.15209171030355229,15.0,0.2857142857142857,1
188.5,0.125,Eb_MAJOR_inv0,Eb_MAJOR_inv0,0.0,0.0,0.0,0
188.625,0.125,Eb_MAJOR_inv0,Eb_MAJOR_inv0,0.0,0.0,0.0,0
188.75,0.125,Eb_MAJOR_inv0,Eb_MAJOR_inv0,0.0,0.0,0.0,0
188.875,0.125,Eb_MAJOR_inv0,Eb_MAJOR_inv0,0.0,0.0,0.0,0
189.0,0.125,Bb_MAJ_MIN7_inv0,Bb_MAJ_MIN7_inv0,0.0,0.0,0.0,0
189.125,0.125,Bb_MAJ_MIN7_inv0,Bb_MAJ_MIN7_inv0,0.0,0.0,0.0,0
189.25,0.125,Bb_MAJ_MIN7_inv0,Bb_MAJ_MIN7_inv0,0.0,0.0,0.0,0
189.375,0.125,Bb_MAJ_MIN7_inv0,Bb_MAJ_MIN7_inv0,0.0,0.0,0.0,0
189.5,0.125,Bb_MAJ_MIN7_inv0,Bb_MAJ_MIN7_inv0,0.0,0.0,0.0,0
189.625,0.125,Bb_MAJ_MIN7_inv0,Bb_MAJ_MIN7_inv0,0.0,0.0,0.0,0
189.75,0.125,Bb_MAJ_MIN7_inv0,Bb_MAJ_MIN7_inv0,0.0,0.0,0.0,0
189.875,0.125,Bb_MAJ_MIN7_inv0,Bb_MAJ_MIN7_inv0,0.0,0.0,0.0,0
190.0,0.125,Eb_MAJOR_inv0,Eb_MAJOR_inv0,0.0,0.0,0.0,0
190.125,0.125,Eb_MAJOR_inv0,Eb_MAJOR_inv0,0.0,0.0,0.0,0
190.25,0.125,Eb_MAJOR_inv0,Eb_MAJOR_inv0,0.0,0.0,0.0,0
190.375,0.125,Eb_MAJOR_inv0,Eb_MAJOR_inv0,0.0,0.0,0.0,0
190.5,0.125,Eb_MAJOR_inv0,Eb_MAJOR_inv0,0.0,0.0,0.0,0
190.625,0.125,Eb_MAJOR_inv0,Eb_MAJOR_inv0,0.0,0.0,0.0,0
190.75,0.125,Eb_MAJOR_inv0,Eb_MAJOR_inv0,0.0,0.0,0.0,0
190.875,0.125,Eb_MAJOR_inv0,Eb_MAJOR_inv0,0.0,0.0,0.0,0
191.0,0.125,Bb_MAJOR_inv0,Bb_MAJ_MIN7_inv0,0.027749443323635936,1.0,0.125,1
191.125,0.125,Bb_MAJOR_inv0,Bb_MAJ_MIN7_inv0,0.027749443323635936,1.0,0.125,1
191.25,0.125,Bb_MAJ_MIN7_inv0,Bb_MAJ_MIN7_inv0,0.0,0.0,0.0,0
191.375,0.125,Bb_MAJ_MIN7_inv0,Bb_MAJ_MIN7_inv0,0.0,0.0,0.0,0
191.5,0.25,Bb_MAJOR_inv0,Bb_MAJ_MIN7_inv0,0.4455511241147826,4.0,0.375,1
191.75,0.25,Bb_MAJ_MIN7_inv0,Bb_MAJ_MIN7_inv0,0.0,0.0,0.0,0
192.0,0.125,Eb_MAJOR_inv0,Eb_MAJOR_inv0,0.0,0.0,0.0,0
192.125,0.125,Eb_MAJOR_inv0,Eb_MAJOR_inv0,0.0,0.0,0.0,0
192.25,0.125,Eb_MAJOR_inv0,Eb_MAJOR_inv0,0.0,0.0,0.0,0
192.375,0.125,Eb_MAJOR_inv0,Eb_MAJOR_inv0,0.0,0.0,0.0,0
192.5,0.125,Eb_MAJOR_inv0,Eb_MAJOR_inv0,0.0,0.0,0.0,0
192.625,0.125,Eb_MAJOR_inv0,Eb_MAJOR_inv0,0.0,0.0,0.0,0
192.75,0.125,Eb_MAJOR_inv0,Eb_MAJOR_inv0,0.0,0.0,0.0,0
192.875,0.125,Eb_MAJOR_inv0,Eb_MAJOR_inv0,0.0,0.0,0.0,0
193.0,0.125,Bb_MAJOR_inv0,Bb_MAJ_MIN7_inv0,0.009006348233015604,2.0,0.125,1
193.125,0.125,Bb_MAJOR_inv0,Bb_MAJ_MIN7_inv0,0.009006348233015604,2.0,0.125,1
193.25,0.125,Bb_MAJOR_inv0,Bb_MAJ_MIN7_inv0,0.009006348233015604,2.0,0.125,1
193.375,0.125,Bb_MAJOR_inv0,Bb_MAJ_MIN7_inv0,0.009006348233015604,2.0,0.125,1
193.5,0.125,Bb_MAJ_MIN7_inv0,Bb_MAJ_MIN7_inv0,0.0,0.0,0.0,0
193.625,0.125,Bb_MAJ_MIN7_inv0,Bb_MAJ_MIN7_inv0,0.0,0.0,0.0,0
193.75,0.125,Bb_MAJ_MIN7_inv0,Bb_MAJ_MIN7_inv0,0.0,0.0,0.0,0
193.875,0.125,Bb_MAJ_MIN7_inv0,Bb_MAJ_MIN7_inv0,0.0,0.0,0.0,0
194.0,0.125,Eb_MAJOR_inv0,Eb_MAJOR_inv0,0.0,0.0,0.0,0
194.125,0.125,Eb_MAJOR_inv0,Eb_MAJOR_inv0,0.0,0.0,0.0,0
194.25,0.125,Eb_MAJOR_inv0,Eb_MAJOR_inv0,0.0,0.0,0.0,0
194.375,0.125,Eb_MAJOR_inv0,Eb_MAJOR_inv0,0.0,0.0,0.0,0
194.5,0.125,Eb_MAJOR_inv0,Eb_MAJOR_inv0,0.0,0.0,0.0,0
194.625,0.125,Eb_MAJOR_inv0,Eb_MAJOR_inv0,0.0,0.0,0.0,0
194.75,0.125,Eb_MAJOR_inv0,Eb_MAJOR_inv0,0.0,0.0,0.0,0
194.875,0.125,Eb_MAJOR_inv0,Eb_MAJOR_inv0,0.0,0.0,0.0,0
195.0,0.125,Bb_MAJOR_inv0,Bb_MAJ_MIN7_inv0,0.009006348233015604,2.0,0.125,1
195.125,0.125,Bb_MAJOR_inv0,Bb_MAJ_MIN7_inv0,0.009006348233015604,2.0,0.125,1
195.25,0.125,Bb_MAJOR_inv0,Bb_MAJ_MIN7_inv0,0.009006348233015604,2.0,0.125,1
195.375,0.125,Bb_MAJOR_inv0,Bb_MAJ_MIN7_inv0,0.009006348233015604,2.0,0.125,1
195.5,0.125,Bb_MAJ_MIN7_inv0,Bb_MAJ_MIN7_inv0,0.0,0.0,0.0,0
195.625,0.125,Bb_MAJ_MIN7_inv0,Bb_MAJ_MIN7_inv0,0.0,0.0,0.0,0
195.75,0.125,Bb_MAJ_MIN7_inv0,Bb_MAJ_MIN7_inv0,0.0,0.0,0.0,0
195.875,0.125,Bb_MAJ_MIN7_inv0,Bb_MAJ_MIN7_inv0,0.0,0.0,0.0,0
196.0,0.125,Eb_MAJOR_inv0,Eb_MAJOR_inv0,0.0,0.0,0.0,0
196.125,0.125,Eb_MAJOR_inv0,Eb_MAJOR_inv0,0.0,0.0,0.0,0
196.25,0.125,Eb_MAJOR_inv0,Eb_MAJOR_inv0,0.0,0.0,0.0,0
196.375,0.125,Eb_MAJOR_inv0,Eb_MAJOR_inv0,0.0,0.0,0.0,0
196.5,0.125,Eb_MAJOR_inv0,Eb_MAJOR_inv0,0.0,0.0,0.0,0
196.625,0.125,Eb_MAJOR_inv0,Eb_MAJOR_inv0,0.0,0.0,0.0,0
196.75,0.125,Eb_MAJOR_inv0,Eb_MAJOR_inv0,0.0,0.0,0.0,0
196.875,0.125,Eb_MAJOR_inv0,Eb_MAJOR_inv0,0.0,0.0,0.0,0
197.0,0.125,Bb_MAJOR_inv0,Bb_MAJOR_inv0,0.0,0.0,0.0,0
197.125,0.125,Bb_MAJOR_inv0,Bb_MAJOR_inv0,0.0,0.0,0.0,0
197.25,0.125,Bb_MAJOR_inv0,Bb_MAJOR_inv0,0.0,0.0,0.0,0
197.375,0.125,Bb_MAJOR_inv0,Bb_MAJOR_inv0,0.0,0.0,0.0,0
197.5,0.125,Bb_MAJ_MIN7_inv3,Bb_MAJ_MIN7_inv3,0.0,0.0,0.0,0
197.625,0.125,Bb_MAJ_MIN7_inv3,Bb_MAJ_MIN7_inv3,0.0,0.0,0.0,0
197.75,0.125,Bb_MAJ_MIN7_inv3,Bb_MAJ_MIN7_inv3,0.0,0.0,0.0,0
197.875,0.125,Bb_MAJ_MIN7_inv3,Bb_MAJ_MIN7_inv3,0.0,0.0,0.0,0
198.0,0.125,Eb_MAJOR_inv1,Eb_MAJOR_inv1,0.0,0.0,0.0,0
198.125,0.125,Eb_MAJOR_inv1,Eb_MAJOR_inv1,0.0,0.0,0.0,0
198.25,0.125,Eb_MAJOR_inv1,Eb_MAJOR_inv1,0.0,0.0,0.0,0
198.375,0.125,Eb_MAJOR_inv1,Eb_MAJOR_inv1,0.0,0.0,0.0,0
198.5,0.125,Eb_MAJOR_inv0,Eb_MAJOR_inv0,0.0,0.0,0.0,0
198.625,0.125,Eb_MAJOR_inv0,Eb_MAJOR_inv0,0.0,0.0,0.0,0
198.75,0.125,Eb_MAJOR_inv0,Eb_MAJOR_inv0,0.0,0.0,0.0,0
198.875,0.125,Eb_MAJOR_inv0,Eb_MAJOR_inv0,0.0,0.0,0.0,0
199.0,0.125,Bb_MAJ_MIN7_inv0,Bb_MAJ_MIN7_inv0,0.0,0.0,0.0,0
199.125,0.125,Bb_MAJ_MIN7_inv0,Bb_MAJ_MIN7_inv0,0.0,0.0,0.0,0
199.25,0.125,Bb_MAJ_MIN7_inv0,Bb_MAJ_MIN7_inv0,0.0,0.0,0.0,0
199.375,0.125,Bb_MAJ_MIN7_inv0,Bb_MAJ_MIN7_inv0,0.0,0.0,0.0,0
199.5,0.125,Bb_MAJ_MIN7_inv0,Bb_MAJ_MIN7_inv0,0.0,0.0,0.0,0
199.625,0.125,Bb_MAJ_MIN7_inv0,Bb_MAJ_MIN7_inv0,0.0,0.0,0.0,0
199.75,0.125,Bb_MAJ_MIN7_inv0,Bb_MAJ_MIN7_inv0,0.0,0.0,0.0,0
199.875,0.125,Bb_MAJ_MIN7_inv0,Bb_MAJ_MIN7_inv0,0.0,0.0,0.0,0
200.0,0.125,Eb_MAJOR_inv2,Eb_MAJOR_inv0,0.15209171030355229,15.0,0.2857142857142857,1
200.125,0.125,Eb_MAJOR_inv2,Eb_MAJOR_inv0,0.15209171030355229,15.0,0.2857142857142857,1
200.25,0.125,Eb_MAJOR_inv2,Eb_MAJOR_inv0,0.15209171030355229,15.0,0.2857142857142857,1
200.375,0.125,Eb_MAJOR_inv2,Eb_MAJOR_inv0,0.15209171030355229,15.0,0.2857142857142857,1
200.5,0.125,Eb_MAJOR_inv0,Eb_MAJOR_inv0,0.0,0.0,0.0,0
200.625,0.125,Eb_MAJOR_inv0,Eb_MAJOR_inv0,0.0,0.0,0.0,0
200.75,0.125,Eb_MAJOR_inv0,Eb_MAJOR_inv0,0.0,0.0,0.0,0
200.875,0.125,Eb_MAJOR_inv0,Eb_MAJOR_inv0,0.0,0.0,0.0,0
201.0,0.125,Bb_MAJ_MIN7_inv0,Bb_MAJ_MIN7_inv0,0.0,0.0,0.0,0
201.125,0.125,Bb_MAJ_MIN7_inv0,Bb_MAJ_MIN7_inv0,0.0,0.0,0.0,0
201.25,0.125,Bb_MAJ_MIN7_inv0,Bb_MAJ_MIN7_inv0,0.0,0.0,0.0,0
201.375,0.125,Bb_MAJ_MIN7_inv0,Bb_MAJ_MIN7_inv0,0.0,0.0,0.0,0
201.5,0.125,Bb_MAJ_MIN7_inv0,Bb_MAJ_MIN7_inv0,0.0,0.0,0.0,0
201.625,0.125,Bb_MAJ_MIN7_inv0,Bb_MAJ_MIN7_inv0,0.0,0.0,0.0,0
201.75,0.125,Bb_MAJ_MIN7_inv0,Bb_MAJ_MIN7_inv0,0.0,0.0,0.0,0
201.875,0.125,Bb_MAJ_MIN7_inv0,Bb_MAJ_MIN7_inv0,0.0,0.0,0.0,0
202.0,0.125,Eb_MAJOR_inv0,Eb_MAJOR_inv0,0.0,0.0,0.0,0
202.125,0.125,Eb_MAJOR_inv0,Eb_MAJOR_inv0,0.0,0.0,0.0,0
202.25,0.125,Eb_MAJOR_inv0,Eb_MAJOR_inv0,0.0,0.0,0.0,0
202.375,0.125,Eb_MAJOR_inv0,Eb_MAJOR_inv0,0.0,0.0,0.0,0
202.5,0.125,Eb_MAJOR_inv0,Eb_MAJOR_inv0,0.0,0.0,0.0,0
202.625,0.125,Eb_MAJOR_inv0,Eb_MAJOR_inv0,0.0,0.0,0.0,0
202.75,0.125,Eb_MAJOR_inv0,Eb_MAJOR_inv0,0.0,0.0,0.0,0
202.875,0.125,Eb_MAJOR_inv0,Eb_MAJOR_inv0,0.0,0.0,0.0,0
203.0,0.125,Bb_MAJOR_inv0,Bb_MAJ_MIN7_inv0,0.027749443323635936,1.0,0.125,1
203.125,0.125,Bb_MAJOR_inv0,Bb_MAJ_MIN7_inv0,0.027749443323635936,1.0,0.125,1
203.25,0.125,Bb_MAJ_MIN7_inv0,Bb_MAJ_MIN7_inv0,0.0,0.0,0.0,0
203.375,0.125,Bb_MAJ_MIN7_inv0,Bb_MAJ_MIN7_inv0,0.0,0.0,0.0,0
203.5,0.25,Bb_MAJOR_inv0,Bb_MAJ_MIN7_inv0,0.4455511241147826,4.0,0.375,1
203.75,0.25,Bb_MAJ_MIN7_inv0,Bb_MAJ_MIN7_inv0,0.0,0.0,0.0,0
204.0,0.125,Eb_MAJOR_inv0,Eb_MAJOR_inv0,0.0,0.0,0.0,0
204.125,0.125,Eb_MAJOR_inv0,Eb_MAJOR_inv0,0.0,0.0,0.0,0
204.25,0.125,Eb_MAJOR_inv0,Eb_MAJOR_inv0,0.0,0.0,0.0,0
204.375,0.125,Eb_MAJOR_inv0,Eb_MAJOR_inv0,0.0,0.0,0.0,0
204.5,0.125,Eb_MAJOR_inv0,Eb_MAJOR_inv0,0.0,0.0,0.0,0
204.625,0.125,Eb_MAJOR_inv0,Eb_MAJOR_inv0,0.0,0.0,0.0,0
204.75,0.125,Eb_MAJOR_inv0,Eb_MAJOR_inv0,0.0,0.0,0.0,0
204.875,0.125,Eb_MAJOR_inv0,Eb_MAJOR_inv0,0.0,0.0,0.0,0
205.0,0.125,Bb_MAJOR_inv0,Bb_MAJ_MIN7_inv0,0.009006348233015604,2.0,0.125,1
205.125,0.125,Bb_MAJOR_inv0,Bb_MAJ_MIN7_inv0,0.009006348233015604,2.0,0.125,1
205.25,0.125,Bb_MAJOR_inv0,Bb_MAJ_MIN7_inv0,0.009006348233015604,2.0,0.125,1
205.375,0.125,Bb_MAJOR_inv0,Bb_MAJ_MIN7_inv0,0.009006348233015604,2.0,0.125,1
205.5,0.125,Bb_MAJ_MIN7_inv0,Bb_MAJ_MIN7_inv0,0.0,0.0,0.0,0
205.625,0.125,Bb_MAJ_MIN7_inv0,Bb_MAJ_MIN7_inv0,0.0,0.0,0.0,0
205.75,0.125,Bb_MAJ_MIN7_inv0,Bb_MAJ_MIN7_inv0,0.0,0.0,0.0,0
205.875,0.125,Bb_MAJ_MIN7_inv0,Bb_MAJ_MIN7_inv0,0.0,0.0,0.0,0
206.0,0.125,Eb_MAJOR_inv0,Eb_MAJOR_inv0,0.0,0.0,0.0,0
206.125,0.125,Eb_MAJOR_inv0,Eb_MAJOR_inv0,0.0,0.0,0.0,0
206.25,0.125,Eb_MAJOR_inv0,Eb_MAJOR_inv0,0.0,0.0,0.0,0
206.375,0.125,Eb_MAJOR_inv0,Eb_MAJOR_inv0,0.0,0.0,0.0,0
206.5,0.125,Eb_MAJOR_inv0,Eb_MAJOR_inv0,0.0,0.0,0.0,0
206.625,0.125,Eb_MAJOR_inv0,Eb_MAJOR_inv0,0.0,0.0,0.0,0
206.75,0.125,Eb_MAJOR_inv0,Eb_MAJOR_inv0,0.0,0.0,0.0,0
206.875,0.125,Eb_MAJOR_inv0,Eb_MAJOR_inv0,0.0,0.0,0.0,0
207.0,0.125,Bb_MAJOR_inv0,Bb_MAJ_MIN7_inv0,0.009006348233015604,2.0,0.125,1
207.125,0.125,Bb_MAJOR_inv0,Bb_MAJ_MIN7_inv0,0.009006348233015604,2.0,0.125,1
207.25,0.125,Bb_MAJOR_inv0,Bb_MAJ_MIN7_inv0,0.009006348233015604,2.0,0.125,1
207.375,0.125,Bb_MAJOR_inv0,Bb_MAJ_MIN7_inv0,0.009006348233015604,2.0,0.125,1
207.5,0.125,Bb_MAJ_MIN7_inv0,Bb_MAJ_MIN7_inv0,0.0,0.0,0.0,0
207.625,0.125,Bb_MAJ_MIN7_inv0,Bb_MAJ_MIN7_inv0,0.0,0.0,0.0,0
207.75,0.125,Bb_MAJ_MIN7_inv0,Bb_MAJ_MIN7_inv0,0.0,0.0,0.0,0
207.875,0.125,Bb_MAJ_MIN7_inv0,Bb_MAJ_MIN7_inv0,0.0,0.0,0.0,0
208.0,0.125,Eb_MAJOR_inv0,Eb_MAJOR_inv0,0.0,0.0,0.0,0
208.125,0.125,Eb_MAJOR_inv0,Eb_MAJOR_inv0,0.0,0.0,0.0,0
208.25,0.125,Eb_MAJOR_inv0,Eb_MAJOR_inv0,0.0,0.0,0.0,0
208.375,0.125,Eb_MAJOR_inv0,Eb_MAJOR_inv0,0.0,0.0,0.0,0
208.5,0.125,Eb_MAJOR_inv0,Eb_MAJOR_inv0,0.0,0.0,0.0,0
208.625,0.125,Eb_MAJOR_inv0,Eb_MAJOR_inv0,0.0,0.0,0.0,0
208.75,0.125,Eb_MAJOR_inv0,Eb_MAJOR_inv0,0.0,0.0,0.0,0
208.875,0.125,Eb_MAJOR_inv0,Eb_MAJOR_inv0,0.0,0.0,0.0,0
209.0,0.125,Bb_MAJOR_inv0,Bb_MAJOR_inv0,0.0,0.0,0.0,0
209.125,0.125,Bb_MAJOR_inv0,Bb_MAJOR_inv0,0.0,0.0,0.0,0
209.25,0.125,Bb_MAJOR_inv0,Bb_MAJOR_inv0,0.0,0.0,0.0,0
209.375,0.125,Bb_MAJOR_inv0,Bb_MAJOR_inv0,0.0,0.0,0.0,0
209.5,0.125,Bb_MAJ_MIN7_inv3,Bb_MAJ_MIN7_inv3,0.0,0.0,0.0,0
209.625,0.125,Bb_MAJ_MIN7_inv3,Bb_MAJ_MIN7_inv3,0.0,0.0,0.0,0
209.75,0.125,Bb_MAJ_MIN7_inv3,Bb_MAJ_MIN7_inv3,0.0,0.0,0.0,0
209.875,0.125,Bb_MAJ_MIN7_inv3,Bb_MAJ_MIN7_inv3,0.0,0.0,0.0,0
210.0,0.125,Eb_MAJOR_inv1,Eb_MAJOR_inv1,0.0,0.0,0.0,0
210.125,0.125,Eb_MAJOR_inv1,Eb_MAJOR_inv1,0.0,0.0,0.0,0
210.25,0.125,Eb_MAJOR_inv0,Eb_MAJOR_inv0,0.0,0.0,0.0,0
210.375,0.125,Eb_MAJOR_inv0,Eb_MAJOR_inv0,0.0,0.0,0.0,0
210.5,0.125,Eb_MAJOR_inv0,Eb_MAJOR_inv0,0.0,0.0,0.0,0
210.625,0.125,Eb_MAJOR_inv0,Eb_MAJOR_inv0,0.0,0.0,0.0,0
210.75,0.125,Eb_MAJOR_inv0,Eb_MAJOR_inv0,0.0,0.0,0.0,0
210.875,0.125,Eb_MAJOR_inv0,Eb_MAJOR_inv0,0.0,0.0,0.0,0
211.0,0.125,Bb_MAJOR_inv0,Bb_MAJOR_inv0,0.0,0.0,0.0,0
211.125,0.125,Bb_MAJOR_inv0,Bb_MAJOR_inv0,0.0,0.0,0.0,0
211.25,0.125,Bb_MAJOR_inv0,Bb_MAJOR_inv0,0.0,0.0,0.0,0
211.375,0.125,Bb_MAJOR_inv0,Bb_MAJOR_inv0,0.0,0.0,0.0,0
211.5,0.125,Bb_MAJ_MIN7_inv3,Bb_MAJ_MIN7_inv3,0.0,0.0,0.0,0
211.625,0.125,Bb_MAJ_MIN7_inv3,Bb_MAJ_MIN7_inv3,0.0,0.0,0.0,0
211.75,0.125,Bb_MAJ_MIN7_inv3,Bb_MAJ_MIN7_inv3,0.0,0.0,0.0,0
211.875,0.125,Bb_MAJ_MIN7_inv3,Bb_MAJ_MIN7_inv3,0.0,0.0,0.0,0
212.0,0.125,Eb_MAJOR_inv1,Eb_MAJOR_inv1,0.0,0.0,0.0,0
212.125,0.125,Eb_MAJOR_inv1,Eb_MAJOR_inv1,0.0,0.0,0.0,0
212.25,0.125,Eb_MAJOR_inv0,Eb_MAJOR_inv0,0.0,0.0,0.0,0
212.375,0.125,Eb_MAJOR_inv0,Eb_MAJOR_inv0,0.0,0.0,0.0,0
212.5,0.125,Eb_MAJOR_inv0,Eb_MAJOR_inv0,0.0,0.0,0.0,0
212.625,0.125,Eb_MAJOR_inv0,Eb_MAJOR_inv0,0.0,0.0,0.0,0
212.75,0.125,Eb_MAJOR_inv0,Eb_MAJOR_inv0,0.0,0.0,0.0,0
212.875,0.125,Eb_MAJOR_inv0,Eb_MAJOR_inv0,0.0,0.0,0.0,0
213.0,0.125,Bb_MAJ_MIN7_inv0,Bb_MAJ_MIN7_inv0,0.0,0.0,0.0,0
213.125,0.125,Bb_MAJ_MIN7_inv0,Bb_MAJ_MIN7_inv0,0.0,0.0,0.0,0
213.25,0.125,Bb_MAJ_MIN7_inv0,Bb_MAJ_MIN7_inv0,0.0,0.0,0.0,0
213.375,0.125,Bb_MAJ_MIN7_inv0,Bb_MAJ_MIN7_inv0,0.0,0.0,0.0,0
213.5,0.125,Bb_MAJ_MIN7_inv0,Bb_MAJ_MIN7_inv0,0.0,0.0,0.0,0
213.625,0.125,Bb_MAJ_MIN7_inv0,Bb_MAJ_MIN7_inv0,0.0,0.0,0.0,0
213.75,0.125,Bb_MAJ_MIN7_inv0,Bb_MAJ_MIN7_inv0,0.0,0.0,0.0,0
213.875,0.125,Bb_MAJ_MIN7_inv0,Bb_MAJ_MIN7_inv0,0.0,0.0,0.0,0
214.0,1.0,Eb_MAJOR_inv0,Eb_MAJOR_inv0,0.0,0.0,0.0,0
215.0,1.0,Bb_MAJOR_inv0,Eb_MAJOR_inv0,0.4112794466117884,18.0,0.8571428571428572,1
216.0,1.0,Eb_MAJOR_inv0,Eb_MAJOR_inv0,0.0,0.0,0.0,0
217.0,1.0,Bb_MAJOR_inv0,Eb_MAJOR_inv0,0.4112794466117884,18.0,0.8571428571428572,1
218.0,1.0,Eb_MAJOR_inv1,Eb_MAJOR_inv1,0.0,0.0,0.0,0
219.0,1.0,Bb_MAJOR_inv0,Bb_MAJOR_inv0,0.0,0.0,0.0,0
220.0,1.0,Eb_MAJOR_inv0,Eb_MAJOR_inv0,0.0,0.0,0.0,0
221.0,0.75,Bb_MAJOR_inv0,Bb_MAJOR_inv0,0.0,0.0,0.0,0
221.75,0.25,Bb_MAJOR_inv0,Bb_MAJOR_inv0,0.26631464359271595,3.0,0.25,0
222.0,0.75,Eb_MAJOR_inv1,Bb_MAJOR_inv0,0.32561718431332576,12.0,0.75,1
222.75,0.25,Eb_MAJOR_inv0,Bb_MAJOR_inv0,0.24554121287612296,18.0,0.75,1
223.0,0.75,Bb_MAJOR_inv0,Bb_MAJOR_inv0,0.26631464359271595,3.0,0.25,0
223.75,0.25,Bb_MAJOR_inv0,Bb_MAJOR_inv0,0.26631464359271595,3.0,0.25,0
224.0,0.75,Eb_MAJOR_inv1,Bb_MAJOR_inv0,0.32561718431332576,12.0,0.75,1
224.75,0.25,Eb_MAJOR_inv0,Bb_MAJOR_inv0,0.24554121287612296,18.0,0.75,1
225.0,0.75,Bb_MAJOR_inv0,Bb_MAJOR_inv0,0.26631464359271595,3.0,0.25,0
225.75,0.25,Bb_MAJOR_inv0,Bb_MAJOR_inv0,0.26631464359271595,3.0,0.25,0
226.0,0.25,Eb_MAJOR_inv1,Eb_MAJOR_inv1,0.0,0.0,0.0,0
226.25,0.25,Eb_MAJOR_inv0,Eb_MAJOR_inv1,0.13307145192728131,12.0,0.2857142857142857,1
226.5,0.25,Bb_MAJOR_inv0,Eb_MAJOR_inv1,0.4195249568090602,12.0,0.8571428571428572,1
226.75,0.25,Eb_MAJOR_inv1,Eb_MAJOR_inv1,0.0,0.0,0.0,0
227.0,0.25,Eb_MAJOR_inv1,Eb_MAJOR_inv1,0.0,0.0,0.0,0
227.25,0.25,Eb_MAJOR_inv0,Eb_MAJOR_inv1,0.13307145192728131,12.0,0.2857142857142857,1
227.5,0.25,Bb_MAJOR_inv0,Eb_MAJOR_inv1,0.4195249568090602,12.0,0.8571428571428572,1
227.75,0.25,Eb_MAJOR_inv1,Eb_MAJOR_inv1,0.0,0.0,0.0,0
228.0,0.25,Eb_MAJOR_inv1,Eb_MAJOR_inv1,0.0,0.0,0.0,0
228.25,0.25,Eb_MAJOR_inv0,Eb_MAJOR_inv1,0.13307145192728131,12.0,0.2857142857142857,1
228.5,0.25,Bb_MAJOR_inv0,Eb_MAJOR_inv1,0.4195249568090602,12.0,0.8571428571428572,1
228.75,0.25,Eb_MAJOR_inv1,Eb_MAJOR_inv1,0.0,0.0,0.0,0
229.0,0.25,Eb_MAJOR_inv1,Eb_MAJOR_inv1,0.0,0.0,0.0,0
229.25,0.25,Eb_MAJOR_inv0,Eb_MAJOR_inv1,0.13307145192728131,12.0,0.2857142857142857,1
229.5,0.25,Bb_MAJOR_inv0,Eb_MAJOR_inv1,0.4195249568090602,12.0,0.8571428571428572,1
229.75,0.25,Eb_MAJOR_inv1,Eb_MAJOR_inv1,0.0,0.0,0.0,0
230.0,0.25,Bb_MAJOR_inv0,Bb_MAJOR_inv0,0.0,0.0,0.0,0
230.25,0.25,Bb_MAJOR_inv0,Bb_MAJOR_inv0,0.0,0.0,0.0,0
230.5,0.25,Eb_MAJOR_inv0,Eb_MAJOR_inv0,0.019067994978549052,2.0,0.125,0
230.75,0.25,Eb_MAJOR_inv0,Eb_MAJOR_inv0,0.0,0.0,0.0,0
231.0,0.25,Bb_MAJOR_inv0,Bb_MAJOR_inv0,0.0,0.0,0.0,0
231.25,0.25,Bb_MAJOR_inv0,Bb_MAJOR_inv0,0.0,0.0,0.0,0
231.5,0.25,Eb_MAJOR_inv0,Eb_MAJOR_inv0,0.019067994978549052,2.0,0.125,0
231.75,0.25,Eb_MAJOR_inv0,Eb_MAJOR_inv0,0.0,0.0,0.0,0
232.0,0.25,Bb_MAJOR_inv0,Bb_MAJOR_inv0,0.0,0.0,0.0,0
232.25,0.25,Bb_MAJOR_inv0,Bb_MAJOR_inv0,0.0,0.0,0.0,0
232.5,0.25,Eb_MAJOR_inv0,Eb_MAJOR_inv0,0.019067994978549052,2.0,0.125,0
232.75,0.25,Eb_MAJOR_inv0,Eb_MAJOR_inv0,0.0,0.0,0.0,0
233.0,0.25,Bb_MAJOR_inv0,Bb_MAJOR_inv0,0.0,0.0,0.0,0
233.25,0.25,Bb_MAJOR_inv0,Bb_MAJOR_inv0,0.0,0.0,0.0,0
233.5,0.25,Bb_MAJOR_inv0,Bb_MAJOR_inv0,0.0,0.0,0.0,0
233.75,0.25,Bb_MAJ_MIN7_inv0,Bb_MAJOR_inv0,0.009006348233015604,2.0,0.125,1
234.0,1.0,Eb_MAJOR_inv0,Eb_MAJOR_inv0,0.0,0.0,0.0,0
235.0,1.0,Eb_MAJ_MAJ7_inv3,Eb_MAJ_MAJ7_inv3,0.0,0.0,0.0,0
236.0,0.125,C_MINOR_inv0,Ab_MAJOR_inv1,0.05292593750585495,1.0,0.4285714285714286,1
236.125,0.125,C_MINOR_inv0,Ab_MAJOR_inv1,0.05292593750585495,1.0,0.4285714285714286,1
236.25,0.125,C_MINOR_inv0,Ab_MAJOR_inv1,0.05292593750585495,1.0,0.4285714285714286,1
236.375,0.125,C_MINOR_inv0,Ab_MAJOR_inv1,0.05292593750585495,1.0,0.4285714285714286,1
236.5,0.125,C_MINOR_inv0,Ab_MAJOR_inv1,0.05292593750585495,1.0,0.4285714285714286,1
236.625,0.125,C_MINOR_inv0,Ab_MAJOR_inv1,0.05292593750585495,1.0,0.4285714285714286,1
236.75,0.125,C_MINOR_inv0,Ab_MAJOR_inv1,0.05292593750585495,1.0,0.4285714285714286,1
236.875,0.125,C_MINOR_inv0,Ab_MAJOR_inv1,0.05292593750585495,1.0,0.4285714285714286,1
237.0,0.125,Eb_MAJOR_inv2,Eb_MAJOR_inv2,0.0,0.0,0.0,0
237.125,0.125,Eb_MAJOR_inv2,Eb_MAJOR_inv2,0.0,0.0,0.0,0
237.25,0.125,Eb_MAJOR_inv2,Eb_MAJOR_inv2,0.0,0.0,0.0,0
237.375,0.125,Eb_MAJOR_inv2,Eb_MAJOR_inv2,0.0,0.0,0.0,0
237.5,0.125,Eb_MAJOR_inv2,Eb_MAJOR_inv2,0.0,0.0,0.0,0
237.625,0.125,Eb_MAJOR_inv2,Eb_MAJOR_inv2,0.0,0.0,0.0,0
237.75,0.125,Eb_MAJOR_inv2,Eb_MAJOR_inv2,0.0,0.0,0.0,0
237.875,0.125,Eb_MAJOR_inv2,Eb_MAJOR_inv2,0.0,0.0,0.0,0
238.0,0.1666666666666572,Ab_MAJOR_inv0,Ab_MAJOR_inv0,0.0,0.0,0.0,0
238.16666666666666,0.16666666666668561,Ab_MAJOR_inv0,Ab_MAJOR_inv0,0.0,0.0,0.0,0
238.33333333333334,0.1666666666666572,Ab_MAJOR_inv0,Ab_MAJOR_inv0,0.0,0.0,0.0,0
238.5,0.125,Ab_MAJOR_inv0,Ab_MAJOR_inv0,0.0,0.0,0.0,0
238.625,0.125,Ab_MAJOR_inv0,Ab_MAJOR_inv0,0.0,0.0,0.0,0
238.75,0.125,Ab_MAJOR_inv0,Ab_MAJOR_inv0,0.0,0.0,0.0,0
238.875,0.125,Ab_MAJOR_inv0,Ab_MAJOR_inv0,0.0,0.0,0.0,0
239.0,0.5,Eb_MAJOR_inv1,Eb_MAJOR_inv1,0.2850167895313951,2.0,0.1428571428571429,0
239.5,0.5,Eb_MAJOR_inv1,Eb_MAJOR_inv1,0.0,0.0,0.0,0
240.0,0.125,Ab_MAJOR_inv0,Ab_MAJOR_inv0,0.0,0.0,0.0,0
240.125,0.125,Ab_MAJOR_inv0,Ab_MAJOR_inv0,0.0,0.0,0.0,0
240.25,0.125,Ab_MAJOR_inv0,Ab_MAJOR_inv0,0.0,0.0,0.0,0
240.375,0.125,Ab_MAJOR_inv0,Ab_MAJOR_inv0,0.0,0.0,0.0,0
240.5,0.09999999999999432,Ab_MAJOR_inv0,Ab_MAJOR_inv0,0.0,0.0,0.0,0
240.6,0.09999999999999432,Ab_MAJOR_inv0,Ab_MAJOR_inv0,0.0,0.0,0.0,0
240.7,0.10000000000002274,Ab_MAJOR_inv0,Ab_MAJOR_inv0,0.0,0.0,0.0,0
240.8,0.09999999999999432,Ab_MAJOR_inv0,Ab_MAJOR_inv0,0.0,0.0,0.0,0
240.9,0.09999999999999432,Ab_MAJOR_inv0,Ab_MAJOR_inv0,0.0,0.0,0.0,0
241.0,0.5,Eb_MAJOR_inv1,Eb_MAJOR_inv1,0.2850167895313951,2.0,0.1428571428571429,0
241.5,0.5,Eb_MAJOR_inv1,Eb_MAJOR_inv1,0.0,0.0,0.0,0
242.0,0.125,Ab_MAJOR_inv0,Ab_MAJOR_inv0,0.0,0.0,0.0,0
242.125,0.125,Ab_MAJOR_inv0,Ab_MAJOR_inv0,0.0,0.0,0.0,0
242.25,0.125,Ab_MAJOR_inv0,Ab_MAJOR_inv0,0.0,0.0,0.0,0
242.375,0.125,Ab_MAJOR_inv0,Ab_MAJOR_inv0,0.0,0.0,0.0,0
242.5,0.09999999999999432,Ab_MAJOR_inv0,Ab_MAJOR_inv0,0.0,0.0,0.0,0
242.6,0.09999999999999432,Ab_MAJOR_inv0,Ab_MAJOR_inv0,0.0,0.0,0.0,0
242.7,0.10000000000002274,Ab_MAJOR_inv0,Ab_MAJOR_inv0,0.0,0.0,0.0,0
242.8,0.09999999999999432,Ab_MAJOR_inv0,Ab_MAJOR_inv0,0.0,0.0,0.0,0
242.9,0.09999999999999432,Ab_MAJOR_inv0,Ab_MAJOR_inv0,0.0,0.0,0.0,0
243.0,1.0,Eb_MAJOR_inv1,Eb_MAJOR_inv1,0.2850167895313951,2.0,0.1428571428571429,0
244.0,1.0,Bb_MAJOR_inv0,Eb_MAJOR_inv1,0.4195249568090602,12.0,0.8571428571428572,1
245.0,1.0,Bb_MAJ_MIN7_inv0,Bb_MAJ_MIN7_inv0,0.0,0.0,0.0,0
246.0,1.0,Eb_MAJOR_inv0,Eb_MAJOR_inv0,0.0,0.0,0.0,0
