chord_root_tpc	chord_root_midi	chord_type	chord_inversion	key_tonic_tpc	key_tonic_midi	key_mode	duration
3	9	ChordType.MAJOR	1	2	2	KeyMode.MINOR	1/2
3	9	ChordType.MAJOR	1	2	2	KeyMode.MINOR	1/4
3	9	ChordType.MAJOR	1	2	2	KeyMode.MINOR	1/4
3	9	ChordType.MAJOR	1	2	2	KeyMode.MINOR	3/4
3	9	ChordType.MAJ_MIN7	1	2	2	KeyMode.MINOR	1/8
3	9	ChordType.MAJ_MIN7	1	2	2	KeyMode.MINOR	1/8
2	2	ChordType.MINOR	0	2	2	KeyMode.MINOR	1/8
2	2	ChordType.MINOR	0	2	2	KeyMode.MINOR	1/8
3	9	ChordType.MAJOR	2	2	2	KeyMode.MINOR	1/8
3	9	ChordType.MAJOR	2	2	2	KeyMode.MINOR	1/8
2	2	ChordType.MINOR	1	2	2	KeyMode.MINOR	1/8
2	2	ChordType.MINOR	1	2	2	KeyMode.MINOR	1/8
3	9	ChordType.MAJ_MIN7	1	2	2	KeyMode.MINOR	1/8
3	9	ChordType.MAJ_MIN7	1	2	2	KeyMode.MINOR	1/8
2	2	ChordType.MINOR	0	2	2	KeyMode.MINOR	1/8
2	2	ChordType.MINOR	0	2	2	KeyMode.MINOR	1/8
3	9	ChordType.MAJOR	2	2	2	KeyMode.MINOR	1/8
3	9	ChordType.MAJOR	2	2	2	KeyMode.MINOR	1/8
2	2	ChordType.MINOR	1	2	2	KeyMode.MINOR	1/8
2	2	ChordType.MINOR	1	2	2	KeyMode.MINOR	1/8
2	2	ChordType.MAJ_MIN7	1	1	7	KeyMode.MINOR	1/8
2	2	ChordType.MAJ_MIN7	1	1	7	KeyMode.MINOR	1/8
1	7	ChordType.MINOR	0	2	2	KeyMode.MINOR	1/8
1	7	ChordType.MINOR	0	2	2	KeyMode.MINOR	1/8
2	2	ChordType.MINOR	2	2	2	KeyMode.MINOR	1/8
2	2	ChordType.MINOR	2	2	2	KeyMode.MINOR	1/8
1	7	ChordType.MINOR	1	2	2	KeyMode.MINOR	1/8
1	7	ChordType.MINOR	1	2	2	KeyMode.MINOR	1/8
8	8	ChordType.MAJOR	0	2	2	KeyMode.MINOR	1/8
8	8	ChordType.MAJOR	0	2	2	KeyMode.MINOR	1/8
8	8	ChordType.DIM7	2	3	9	KeyMode.MINOR	1/8
8	8	ChordType.DIM7	2	3	9	KeyMode.MINOR	1/16
8	8	ChordType.DIM7	2	3	9	KeyMode.MINOR	1/16
8	8	ChordType.DIM7	2	3	9	KeyMode.MINOR	1/16
8	8	ChordType.DIM7	2	3	9	KeyMode.MINOR	1/16
8	8	ChordType.DIM7	2	3	9	KeyMode.MINOR	1/16
8	8	ChordType.DIM7	2	3	9	KeyMode.MINOR	1/16
3	9	ChordType.MAJOR	0	2	2	KeyMode.MINOR	1/2
0	0	ChordType.MAJOR	1	-1	5	KeyMode.MAJOR	1/2
0	0	ChordType.MAJOR	1	-1	5	KeyMode.MAJOR	1/4
0	0	ChordType.MAJOR	1	-1	5	KeyMode.MAJOR	1/4
0	0	ChordType.MAJOR	1	-1	5	KeyMode.MAJOR	3/4
0	0	ChordType.MAJ_MIN7	1	-1	5	KeyMode.MAJOR	1/8
0	0	ChordType.MAJ_MIN7	1	-1	5	KeyMode.MAJOR	1/8
-1	5	ChordType.MAJOR	0	2	2	KeyMode.MINOR	1/8
-1	5	ChordType.MAJOR	0	2	2	KeyMode.MINOR	1/8
-1	5	ChordType.MAJOR	0	2	2	KeyMode.MINOR	1/8
-1	5	ChordType.MAJOR	0	2	2	KeyMode.MINOR	1/8
-1	5	ChordType.MAJOR	0	2	2	KeyMode.MINOR	1/8
-1	5	ChordType.MAJOR	0	2	2	KeyMode.MINOR	1/8
2	2	ChordType.MAJ_MIN7	1	1	7	KeyMode.MINOR	1/8
2	2	ChordType.MAJ_MIN7	1	1	7	KeyMode.MINOR	1/8
1	7	ChordType.MINOR	0	2	2	KeyMode.MINOR	1/8
1	7	ChordType.MINOR	0	2	2	KeyMode.MINOR	1/8
1	7	ChordType.MINOR	0	2	2	KeyMode.MINOR	1/8
1	7	ChordType.MINOR	0	2	2	KeyMode.MINOR	1/8
1	7	ChordType.MINOR	0	2	2	KeyMode.MINOR	1/8
1	7	ChordType.MINOR	0	2	2	KeyMode.MINOR	1/8
-3	3	ChordType.MAJOR	1	2	2	KeyMode.MINOR	1/8
-3	3	ChordType.MAJOR	1	2	2	KeyMode.MINOR	1/8
-3	3	ChordType.MAJOR	1	2	2	KeyMode.MINOR	1/8
-3	3	ChordType.MAJOR	1	2	2	KeyMode.MINOR	1/8
7	1	ChordType.DIM7	2	2	2	KeyMode.MINOR	1/8
7	1	ChordType.DIM7	2	2	2	KeyMode.MINOR	1/8
7	1	ChordType.DIM7	2	2	2	KeyMode.MINOR	1/8
7	1	ChordType.DIM7	2	2	2	KeyMode.MINOR	1/8
7	1	ChordType.DIM7	2	2	2	KeyMode.MINOR	1/8
7	1	ChordType.DIM7	2	2	2	KeyMode.MINOR	1/8
7	1	ChordType.DIM7	2	2	2	KeyMode.MINOR	1/8
7	1	ChordType.DIM7	2	2	2	KeyMode.MINOR	1/8
8	8	ChordType.DIM7	0	3	9	KeyMode.MINOR	1/8
8	8	ChordType.DIM7	0	3	9	KeyMode.MINOR	1/8
8	8	ChordType.DIM7	0	3	9	KeyMode.MINOR	1/8
8	8	ChordType.DIM7	0	3	9	KeyMode.MINOR	1/8
8	8	ChordType.DIM7	0	3	9	KeyMode.MINOR	1/8
8	8	ChordType.DIM7	0	3	9	KeyMode.MINOR	1/8
2	2	ChordType.MINOR	2	2	2	KeyMode.MINOR	1/8
2	2	ChordType.MINOR	2	2	2	KeyMode.MINOR	1/8
2	2	ChordType.MINOR	2	2	2	KeyMode.MINOR	1/8
2	2	ChordType.MINOR	2	2	2	KeyMode.MINOR	1/8
2	2	ChordType.MINOR	2	2	2	KeyMode.MINOR	1/8
2	2	ChordType.MINOR	2	2	2	KeyMode.MINOR	1/8
2	2	ChordType.MINOR	2	2	2	KeyMode.MINOR	1/8
2	2	ChordType.MINOR	2	2	2	KeyMode.MINOR	1/8
2	2	ChordType.MINOR	2	2	2	KeyMode.MINOR	1/8
2	2	ChordType.MINOR	2	2	2	KeyMode.MINOR	1/8
2	2	ChordType.MINOR	2	2	2	KeyMode.MINOR	1/8
2	2	ChordType.MINOR	2	2	2	KeyMode.MINOR	1/8
2	2	ChordType.MINOR	2	2	2	KeyMode.MINOR	1/8
2	2	ChordType.MINOR	2	2	2	KeyMode.MINOR	1/8
2	2	ChordType.MINOR	2	2	2	KeyMode.MINOR	1/8
2	2	ChordType.MINOR	2	2	2	KeyMode.MINOR	1/8
2	2	ChordType.MINOR	2	2	2	KeyMode.MINOR	1/8
2	2	ChordType.MINOR	2	2	2	KeyMode.MINOR	1/8
2	2	ChordType.MINOR	2	2	2	KeyMode.MINOR	1/8
2	2	ChordType.MINOR	2	2	2	KeyMode.MINOR	1/8
2	2	ChordType.MINOR	2	2	2	KeyMode.MINOR	1/8
2	2	ChordType.MINOR	2	2	2	KeyMode.MINOR	1/8
2	2	ChordType.MINOR	2	2	2	KeyMode.MINOR	1/8
2	2	ChordType.MINOR	2	2	2	KeyMode.MINOR	1/8
2	2	ChordType.MINOR	2	2	2	KeyMode.MINOR	1/8
2	2	ChordType.MINOR	2	2	2	KeyMode.MINOR	1/8
2	2	ChordType.MINOR	2	2	2	KeyMode.MINOR	1/8
2	2	ChordType.MINOR	2	2	2	KeyMode.MINOR	1/8
2	2	ChordType.MINOR	2	2	2	KeyMode.MINOR	1/8
2	2	ChordType.MINOR	2	2	2	KeyMode.MINOR	1/8
2	2	ChordType.MINOR	2	2	2	KeyMode.MINOR	1/8
2	2	ChordType.MINOR	2	2	2	KeyMode.MINOR	1/8
2	2	ChordType.MINOR	2	2	2	KeyMode.MINOR	1/8
2	2	ChordType.MINOR	2	2	2	KeyMode.MINOR	1/8
2	2	ChordType.MINOR	2	2	2	KeyMode.MINOR	1/8
2	2	ChordType.MINOR	2	2	2	KeyMode.MINOR	1/8
2	2	ChordType.MINOR	2	2	2	KeyMode.MINOR	1/8
2	2	ChordType.MINOR	2	2	2	KeyMode.MINOR	1/8
2	2	ChordType.MINOR	2	2	2	KeyMode.MINOR	1/8
2	2	ChordType.MINOR	2	2	2	KeyMode.MINOR	1/8
2	2	ChordType.MINOR	2	2	2	KeyMode.MINOR	1/8
2	2	ChordType.MINOR	2	2	2	KeyMode.MINOR	1/8
2	2	ChordType.MINOR	2	2	2	KeyMode.MINOR	1/8
2	2	ChordType.MINOR	2	2	2	KeyMode.MINOR	1/8
2	2	ChordType.MINOR	2	2	2	KeyMode.MINOR	1/8
2	2	ChordType.MINOR	2	2	2	KeyMode.MINOR	1/8
2	2	ChordType.MINOR	2	2	2	KeyMode.MINOR	1/8
2	2	ChordType.MINOR	2	2	2	KeyMode.MINOR	1/8
2	2	ChordType.MINOR	2	2	2	KeyMode.MINOR	1/8
2	2	ChordType.MINOR	2	2	2	KeyMode.MINOR	1/8
2	2	ChordType.MINOR	2	2	2	KeyMode.MINOR	1/8
2	2	ChordType.MINOR	2	2	2	KeyMode.MINOR	1/8
2	2	ChordType.MINOR	2	2	2	KeyMode.MINOR	1/8
2	2	ChordType.MINOR	2	2	2	KeyMode.MINOR	1/8
2	2	ChordType.MINOR	2	2	2	KeyMode.MINOR	1/8
2	2	ChordType.MINOR	2	2	2	KeyMode.MINOR	1/8
2	2	ChordType.MINOR	2	2	2	KeyMode.MINOR	1/8
2	2	ChordType.MINOR	2	2	2	KeyMode.MINOR	1/8
2	2	ChordType.MINOR	2	2	2	KeyMode.MINOR	1/8
2	2	ChordType.MINOR	2	2	2	KeyMode.MINOR	1/8
3	9	ChordType.MAJ_MIN7	0	2	2	KeyMode.MINOR	1/8
3	9	ChordType.MAJ_MIN7	0	2	2	KeyMode.MINOR	1/8
3	9	ChordType.MAJ_MIN7	0	2	2	KeyMode.MINOR	1/8
3	9	ChordType.MAJ_MIN7	0	2	2	KeyMode.MINOR	1/8
2	2	ChordType.MINOR	0	2	2	KeyMode.MINOR	1/12
2	2	ChordType.MINOR	0	2	2	KeyMode.MINOR	1/12
2	2	ChordType.MINOR	0	2	2	KeyMode.MINOR	1/12
2	2	ChordType.MINOR	0	2	2	KeyMode.MINOR	1/12
2	2	ChordType.MINOR	0	2	2	KeyMode.MINOR	1/12
2	2	ChordType.MINOR	0	2	2	KeyMode.MINOR	1/12
2	2	ChordType.MINOR	0	2	2	KeyMode.MINOR	1/12
2	2	ChordType.MINOR	0	2	2	KeyMode.MINOR	1/12
2	2	ChordType.MINOR	0	2	2	KeyMode.MINOR	1/12
2	2	ChordType.MINOR	0	2	2	KeyMode.MINOR	1/12
2	2	ChordType.MINOR	0	2	2	KeyMode.MINOR	1/12
2	2	ChordType.MINOR	0	2	2	KeyMode.MINOR	1/12
2	2	ChordType.MINOR	0	2	2	KeyMode.MINOR	1/12
2	2	ChordType.MINOR	0	2	2	KeyMode.MINOR	1/12
2	2	ChordType.MINOR	0	2	2	KeyMode.MINOR	1/12
2	2	ChordType.MINOR	0	2	2	KeyMode.MINOR	1/12
2	2	ChordType.MINOR	0	2	2	KeyMode.MINOR	1/12
2	2	ChordType.MINOR	0	2	2	KeyMode.MINOR	1/12
2	2	ChordType.MINOR	0	2	2	KeyMode.MINOR	1/12
2	2	ChordType.MINOR	0	2	2	KeyMode.MINOR	1/12
2	2	ChordType.MINOR	0	2	2	KeyMode.MINOR	1/12
2	2	ChordType.MINOR	0	2	2	KeyMode.MINOR	1/12
2	2	ChordType.MINOR	0	2	2	KeyMode.MINOR	1/12
2	2	ChordType.MINOR	0	2	2	KeyMode.MINOR	1/12
2	2	ChordType.MINOR	0	2	2	KeyMode.MINOR	1/12
2	2	ChordType.MINOR	0	2	2	KeyMode.MINOR	1/12
2	2	ChordType.MINOR	0	2	2	KeyMode.MINOR	1/12
2	2	ChordType.MINOR	0	2	2	KeyMode.MINOR	1/12
2	2	ChordType.MINOR	0	2	2	KeyMode.MINOR	1/12
2	2	ChordType.MINOR	0	2	2	KeyMode.MINOR	1/12
2	2	ChordType.MINOR	0	2	2	KeyMode.MINOR	1/12
2	2	ChordType.MINOR	0	2	2	KeyMode.MINOR	1/12
2	2	ChordType.MINOR	0	2	2	KeyMode.MINOR	1/12
2	2	ChordType.MINOR	0	2	2	KeyMode.MINOR	1/12
2	2	ChordType.MINOR	0	2	2	KeyMode.MINOR	1/12
2	2	ChordType.MINOR	0	2	2	KeyMode.MINOR	1/12
2	2	ChordType.MINOR	0	2	2	KeyMode.MINOR	1/12
2	2	ChordType.MINOR	0	2	2	KeyMode.MINOR	1/12
2	2	ChordType.MINOR	0	2	2	KeyMode.MINOR	1/12
2	2	ChordType.MINOR	0	2	2	KeyMode.MINOR	1/12
2	2	ChordType.MINOR	0	2	2	KeyMode.MINOR	1/12
2	2	ChordType.MINOR	0	2	2	KeyMode.MINOR	1/12
2	2	ChordType.MINOR	0	2	2	KeyMode.MINOR	1/12
2	2	ChordType.MINOR	0	2	2	KeyMode.MINOR	1/12
2	2	ChordType.MINOR	0	2	2	KeyMode.MINOR	1/12
2	2	ChordType.MINOR	0	2	2	KeyMode.MINOR	1/12
2	2	ChordType.MINOR	0	2	2	KeyMode.MINOR	1/12
2	2	ChordType.MINOR	0	2	2	KeyMode.MINOR	1/12
3	9	ChordType.MAJ_MIN7	2	2	2	KeyMode.MINOR	1/12
3	9	ChordType.MAJ_MIN7	2	2	2	KeyMode.MINOR	1/12
3	9	ChordType.MAJ_MIN7	2	2	2	KeyMode.MINOR	1/12
3	9	ChordType.MAJ_MIN7	2	2	2	KeyMode.MINOR	1/12
3	9	ChordType.MAJ_MIN7	2	2	2	KeyMode.MINOR	1/12
3	9	ChordType.MAJ_MIN7	2	2	2	KeyMode.MINOR	1/12
3	9	ChordType.MAJ_MIN7	2	2	2	KeyMode.MINOR	1/12
3	9	ChordType.MAJ_MIN7	2	2	2	KeyMode.MINOR	1/12
3	9	ChordType.MAJ_MIN7	2	2	2	KeyMode.MINOR	1/12
3	9	ChordType.MAJ_MIN7	2	2	2	KeyMode.MINOR	1/12
3	9	ChordType.MAJ_MIN7	2	2	2	KeyMode.MINOR	1/12
3	9	ChordType.MAJ_MIN7	2	2	2	KeyMode.MINOR	1/12
3	9	ChordType.MAJ_MIN7	2	2	2	KeyMode.MINOR	1/12
3	9	ChordType.MAJ_MIN7	2	2	2	KeyMode.MINOR	1/12
3	9	ChordType.MAJ_MIN7	2	2	2	KeyMode.MINOR	1/12
3	9	ChordType.MAJ_MIN7	2	2	2	KeyMode.MINOR	1/12
3	9	ChordType.MAJ_MIN7	2	2	2	KeyMode.MINOR	1/12
3	9	ChordType.MAJ_MIN7	2	2	2	KeyMode.MINOR	1/12
3	9	ChordType.MAJ_MIN7	2	2	2	KeyMode.MINOR	1/12
3	9	ChordType.MAJ_MIN7	2	2	2	KeyMode.MINOR	1/12
3	9	ChordType.MAJ_MIN7	2	2	2	KeyMode.MINOR	1/12
3	9	ChordType.MAJ_MIN7	2	2	2	KeyMode.MINOR	1/12
3	9	ChordType.MAJ_MIN7	2	2	2	KeyMode.MINOR	1/12
3	9	ChordType.MAJ_MIN7	2	2	2	KeyMode.MINOR	1/12
3	9	ChordType.MAJ_MIN7	2	2	2	KeyMode.MINOR	1/12
3	9	ChordType.MAJ_MIN7	2	2	2	KeyMode.MINOR	1/12
3	9	ChordType.MAJ_MIN7	2	2	2	KeyMode.MINOR	1/12
3	9	ChordType.MAJ_MIN7	2	2	2	KeyMode.MINOR	1/12
3	9	ChordType.MAJ_MIN7	2	2	2	KeyMode.MINOR	1/12
3	9	ChordType.MAJ_MIN7	2	2	2	KeyMode.MINOR	1/12
3	9	ChordType.MAJ_MIN7	2	2	2	KeyMode.MINOR	1/12
3	9	ChordType.MAJ_MIN7	2	2	2	KeyMode.MINOR	1/12
3	9	ChordType.MAJ_MIN7	2	2	2	KeyMode.MINOR	1/12
3	9	ChordType.MAJ_MIN7	2	2	2	KeyMode.MINOR	1/12
3	9	ChordType.MAJ_MIN7	2	2	2	KeyMode.MINOR	1/12
3	9	ChordType.MAJ_MIN7	2	2	2	KeyMode.MINOR	1/12
3	9	ChordType.MAJ_MIN7	2	2	2	KeyMode.MINOR	1/12
3	9	ChordType.MAJ_MIN7	2	2	2	KeyMode.MINOR	1/12
3	9	ChordType.MAJ_MIN7	2	2	2	KeyMode.MINOR	1/12
3	9	ChordType.MAJ_MIN7	2	2	2	KeyMode.MINOR	1/12
3	9	ChordType.MAJ_MIN7	2	2	2	KeyMode.MINOR	1/12
3	9	ChordType.MAJ_MIN7	2	2	2	KeyMode.MINOR	1/12
3	9	ChordType.MAJ_MIN7	2	2	2	KeyMode.MINOR	1/12
3	9	ChordType.MAJ_MIN7	2	2	2	KeyMode.MINOR	1/12
3	9	ChordType.MAJ_MIN7	2	2	2	KeyMode.MINOR	1/12
3	9	ChordType.MAJ_MIN7	2	2	2	KeyMode.MINOR	1/12
3	9	ChordType.MAJ_MIN7	2	2	2	KeyMode.MINOR	1/12
3	9	ChordType.MAJ_MIN7	2	2	2	KeyMode.MINOR	1/12
2	2	ChordType.MINOR	1	2	2	KeyMode.MINOR	1/12
2	2	ChordType.MINOR	1	2	2	KeyMode.MINOR	1/12
2	2	ChordType.MINOR	1	2	2	KeyMode.MINOR	1/12
2	2	ChordType.MINOR	1	2	2	KeyMode.MINOR	1/12
2	2	ChordType.MINOR	1	2	2	KeyMode.MINOR	1/12
2	2	ChordType.MINOR	1	2	2	KeyMode.MINOR	1/12
2	2	ChordType.MINOR	1	2	2	KeyMode.MINOR	1/12
2	2	ChordType.MINOR	1	2	2	KeyMode.MINOR	1/12
2	2	ChordType.MINOR	1	2	2	KeyMode.MINOR	1/12
2	2	ChordType.MINOR	1	2	2	KeyMode.MINOR	1/12
2	2	ChordType.MINOR	1	2	2	KeyMode.MINOR	1/12
2	2	ChordType.MINOR	1	2	2	KeyMode.MINOR	1/12
2	2	ChordType.MINOR	1	2	2	KeyMode.MINOR	1/12
2	2	ChordType.MINOR	1	2	2	KeyMode.MINOR	1/12
2	2	ChordType.MINOR	1	2	2	KeyMode.MINOR	1/12
2	2	ChordType.MINOR	1	2	2	KeyMode.MINOR	1/12
2	2	ChordType.MINOR	1	2	2	KeyMode.MINOR	1/12
2	2	ChordType.MINOR	1	2	2	KeyMode.MINOR	1/12
2	2	ChordType.MINOR	1	2	2	KeyMode.MINOR	1/12
2	2	ChordType.MINOR	1	2	2	KeyMode.MINOR	1/12
2	2	ChordType.MINOR	1	2	2	KeyMode.MINOR	1/12
2	2	ChordType.MINOR	1	2	2	KeyMode.MINOR	1/12
2	2	ChordType.MINOR	1	2	2	KeyMode.MINOR	1/12
2	2	ChordType.MINOR	1	2	2	KeyMode.MINOR	1/12
4	4	ChordType.MAJOR	1	3	9	KeyMode.MINOR	1/12
4	4	ChordType.MAJOR	1	3	9	KeyMode.MINOR	1/12
4	4	ChordType.MAJOR	1	3	9	KeyMode.MINOR	1/12
4	4	ChordType.MAJOR	1	3	9	KeyMode.MINOR	1/12
4	4	ChordType.MAJOR	1	3	9	KeyMode.MINOR	1/12
4	4	ChordType.MAJOR	1	3	9	KeyMode.MINOR	1/12
4	4	ChordType.MAJOR	1	3	9	KeyMode.MINOR	1/12
4	4	ChordType.MAJOR	1	3	9	KeyMode.MINOR	1/12
4	4	ChordType.MAJOR	1	3	9	KeyMode.MINOR	1/12
4	4	ChordType.MAJOR	1	3	9	KeyMode.MINOR	1/12
4	4	ChordType.MAJOR	1	3	9	KeyMode.MINOR	1/12
4	4	ChordType.MAJOR	1	3	9	KeyMode.MINOR	1/12
4	4	ChordType.MAJOR	1	3	9	KeyMode.MINOR	1/12
4	4	ChordType.MAJOR	1	3	9	KeyMode.MINOR	1/12
4	4	ChordType.MAJOR	1	3	9	KeyMode.MINOR	1/12
4	4	ChordType.MAJOR	1	3	9	KeyMode.MINOR	1/12
4	4	ChordType.MAJOR	1	3	9	KeyMode.MINOR	1/12
4	4	ChordType.MAJOR	1	3	9	KeyMode.MINOR	1/12
4	4	ChordType.MAJOR	1	3	9	KeyMode.MINOR	1/12
4	4	ChordType.MAJOR	1	3	9	KeyMode.MINOR	1/12
4	4	ChordType.MAJOR	1	3	9	KeyMode.MINOR	1/12
4	4	ChordType.MAJOR	1	3	9	KeyMode.MINOR	1/12
4	4	ChordType.MAJOR	1	3	9	KeyMode.MINOR	1/12
4	4	ChordType.MAJOR	1	3	9	KeyMode.MINOR	1/12
-1	5	ChordType.MAJOR	1	3	9	KeyMode.MINOR	1/12
-1	5	ChordType.MAJOR	1	3	9	KeyMode.MINOR	1/12
-1	5	ChordType.MAJOR	1	3	9	KeyMode.MINOR	1/12
-1	5	ChordType.MAJOR	1	3	9	KeyMode.MINOR	1/12
-1	5	ChordType.MAJOR	1	3	9	KeyMode.MINOR	1/12
-1	5	ChordType.MAJOR	1	3	9	KeyMode.MINOR	1/12
-1	5	ChordType.MAJOR	1	3	9	KeyMode.MINOR	1/12
-1	5	ChordType.MAJOR	1	3	9	KeyMode.MINOR	1/12
-1	5	ChordType.MAJOR	1	3	9	KeyMode.MINOR	1/12
-1	5	ChordType.MAJOR	1	3	9	KeyMode.MINOR	1/12
-1	5	ChordType.MAJOR	1	3	9	KeyMode.MINOR	1/12
-1	5	ChordType.MAJOR	1	3	9	KeyMode.MINOR	1/12
-1	5	ChordType.MAJOR	1	3	9	KeyMode.MINOR	1/12
-1	5	ChordType.MAJOR	1	3	9	KeyMode.MINOR	1/12
-1	5	ChordType.MAJOR	1	3	9	KeyMode.MINOR	1/12
-1	5	ChordType.MAJOR	1	3	9	KeyMode.MINOR	1/12
-1	5	ChordType.MAJOR	1	3	9	KeyMode.MINOR	1/12
-1	5	ChordType.MAJOR	1	3	9	KeyMode.MINOR	1/12
-1	5	ChordType.MAJOR	1	3	9	KeyMode.MINOR	1/12
-1	5	ChordType.MAJOR	1	3	9	KeyMode.MINOR	1/12
-1	5	ChordType.MAJOR	1	3	9	KeyMode.MINOR	1/12
-1	5	ChordType.MAJOR	1	3	9	KeyMode.MINOR	1/12
-1	5	ChordType.MAJOR	1	3	9	KeyMode.MINOR	1/12
-1	5	ChordType.MAJOR	1	3	9	KeyMode.MINOR	1/12
8	8	ChordType.DIMINISHED	1	3	9	KeyMode.MINOR	1/12
8	8	ChordType.DIMINISHED	1	3	9	KeyMode.MINOR	1/12
8	8	ChordType.DIMINISHED	1	3	9	KeyMode.MINOR	1/12
8	8	ChordType.DIMINISHED	1	3	9	KeyMode.MINOR	1/12
8	8	ChordType.DIMINISHED	1	3	9	KeyMode.MINOR	1/12
8	8	ChordType.DIMINISHED	1	3	9	KeyMode.MINOR	1/12
8	8	ChordType.DIMINISHED	1	3	9	KeyMode.MINOR	1/12
8	8	ChordType.DIMINISHED	1	3	9	KeyMode.MINOR	1/12
8	8	ChordType.DIMINISHED	1	3	9	KeyMode.MINOR	1/12
8	8	ChordType.DIMINISHED	1	3	9	KeyMode.MINOR	1/12
8	8	ChordType.DIMINISHED	1	3	9	KeyMode.MINOR	1/12
8	8	ChordType.DIMINISHED	1	3	9	KeyMode.MINOR	1/12
8	8	ChordType.DIMINISHED	1	3	9	KeyMode.MINOR	1/12
8	8	ChordType.DIMINISHED	1	3	9	KeyMode.MINOR	1/12
8	8	ChordType.DIMINISHED	1	3	9	KeyMode.MINOR	1/12
8	8	ChordType.DIMINISHED	1	3	9	KeyMode.MINOR	1/12
8	8	ChordType.DIMINISHED	1	3	9	KeyMode.MINOR	1/12
8	8	ChordType.DIMINISHED	1	3	9	KeyMode.MINOR	1/12
8	8	ChordType.DIMINISHED	1	3	9	KeyMode.MINOR	1/12
8	8	ChordType.DIMINISHED	1	3	9	KeyMode.MINOR	1/12
8	8	ChordType.DIMINISHED	1	3	9	KeyMode.MINOR	1/12
8	8	ChordType.DIMINISHED	1	3	9	KeyMode.MINOR	1/12
8	8	ChordType.DIMINISHED	1	3	9	KeyMode.MINOR	1/12
8	8	ChordType.DIMINISHED	1	3	9	KeyMode.MINOR	1/12
3	9	ChordType.MINOR	1	3	9	KeyMode.MINOR	1/12
3	9	ChordType.MINOR	1	3	9	KeyMode.MINOR	1/12
3	9	ChordType.MINOR	1	3	9	KeyMode.MINOR	1/12
3	9	ChordType.MINOR	1	3	9	KeyMode.MINOR	1/12
3	9	ChordType.MINOR	1	3	9	KeyMode.MINOR	1/12
3	9	ChordType.MINOR	1	3	9	KeyMode.MINOR	1/12
3	9	ChordType.MINOR	1	3	9	KeyMode.MINOR	1/12
3	9	ChordType.MINOR	1	3	9	KeyMode.MINOR	1/12
3	9	ChordType.MINOR	1	3	9	KeyMode.MINOR	1/12
3	9	ChordType.MINOR	1	3	9	KeyMode.MINOR	1/12
3	9	ChordType.MINOR	1	3	9	KeyMode.MINOR	1/12
3	9	ChordType.MINOR	1	3	9	KeyMode.MINOR	1/12
9	3	ChordType.DIM7	0	4	4	KeyMode.MINOR	1/12
9	3	ChordType.DIM7	0	4	4	KeyMode.MINOR	1/12
9	3	ChordType.DIM7	0	4	4	KeyMode.MINOR	1/12
9	3	ChordType.DIM7	0	4	4	KeyMode.MINOR	1/12
9	3	ChordType.DIM7	0	4	4	KeyMode.MINOR	1/12
9	3	ChordType.DIM7	0	4	4	KeyMode.MINOR	1/12
9	3	ChordType.DIM7	0	4	4	KeyMode.MINOR	1/12
9	3	ChordType.DIM7	0	4	4	KeyMode.MINOR	1/12
9	3	ChordType.DIM7	0	4	4	KeyMode.MINOR	1/12
9	3	ChordType.DIM7	0	4	4	KeyMode.MINOR	1/12
9	3	ChordType.DIM7	0	4	4	KeyMode.MINOR	1/12
9	3	ChordType.DIM7	0	4	4	KeyMode.MINOR	1/12
9	3	ChordType.DIM7	0	4	4	KeyMode.MINOR	1/12
9	3	ChordType.DIM7	0	4	4	KeyMode.MINOR	1/12
9	3	ChordType.DIM7	0	4	4	KeyMode.MINOR	1/12
9	3	ChordType.DIM7	0	4	4	KeyMode.MINOR	1/12
9	3	ChordType.DIM7	0	4	4	KeyMode.MINOR	1/12
9	3	ChordType.DIM7	0	4	4	KeyMode.MINOR	1/12
9	3	ChordType.DIM7	0	4	4	KeyMode.MINOR	1/12
9	3	ChordType.DIM7	0	4	4	KeyMode.MINOR	1/12
9	3	ChordType.DIM7	0	4	4	KeyMode.MINOR	1/12
9	3	ChordType.DIM7	0	4	4	KeyMode.MINOR	1/12
9	3	ChordType.DIM7	0	4	4	KeyMode.MINOR	1/12
9	3	ChordType.DIM7	0	4	4	KeyMode.MINOR	1/12
9	3	ChordType.DIM7	0	4	4	KeyMode.MINOR	1/12
9	3	ChordType.DIM7	0	4	4	KeyMode.MINOR	1/12
9	3	ChordType.DIM7	0	4	4	KeyMode.MINOR	1/12
9	3	ChordType.DIM7	0	4	4	KeyMode.MINOR	1/12
9	3	ChordType.DIM7	0	4	4	KeyMode.MINOR	1/12
9	3	ChordType.DIM7	0	4	4	KeyMode.MINOR	1/12
9	3	ChordType.DIM7	0	4	4	KeyMode.MINOR	1/12
9	3	ChordType.DIM7	0	4	4	KeyMode.MINOR	1/12
9	3	ChordType.DIM7	0	4	4	KeyMode.MINOR	1/12
9	3	ChordType.DIM7	0	4	4	KeyMode.MINOR	1/12
9	3	ChordType.DIM7	0	4	4	KeyMode.MINOR	1/12
9	3	ChordType.DIM7	0	4	4	KeyMode.MINOR	1/12
4	4	ChordType.MAJ_MIN7	0	3	9	KeyMode.MINOR	1/8
4	4	ChordType.MAJ_MIN7	0	3	9	KeyMode.MINOR	1/8
4	4	ChordType.MAJ_MIN7	0	3	9	KeyMode.MINOR	1/8
4	4	ChordType.MAJ_MIN7	0	3	9	KeyMode.MINOR	1/8
4	4	ChordType.MAJ_MIN7	0	3	9	KeyMode.MINOR	1/8
4	4	ChordType.MAJ_MIN7	0	3	9	KeyMode.MINOR	1/8
4	4	ChordType.MAJ_MIN7	0	3	9	KeyMode.MINOR	1/8
4	4	ChordType.MAJ_MIN7	0	3	9	KeyMode.MINOR	1/8
4	4	ChordType.MAJ_MIN7	0	3	9	KeyMode.MINOR	1/8
4	4	ChordType.MAJ_MIN7	0	3	9	KeyMode.MINOR	1/8
4	4	ChordType.MAJ_MIN7	0	3	9	KeyMode.MINOR	1/8
4	4	ChordType.MAJ_MIN7	0	3	9	KeyMode.MINOR	1/8
4	4	ChordType.MAJ_MIN7	0	3	9	KeyMode.MINOR	1/8
4	4	ChordType.MAJ_MIN7	0	3	9	KeyMode.MINOR	1/8
4	4	ChordType.MAJ_MIN7	0	3	9	KeyMode.MINOR	1/8
4	4	ChordType.MAJ_MIN7	0	3	9	KeyMode.MINOR	1/8
4	4	ChordType.MAJ_MIN7	0	3	9	KeyMode.MINOR	1/8
4	4	ChordType.MAJ_MIN7	0	3	9	KeyMode.MINOR	1/8
4	4	ChordType.MAJ_MIN7	0	3	9	KeyMode.MINOR	1/8
4	4	ChordType.MAJ_MIN7	0	3	9	KeyMode.MINOR	1/8
4	4	ChordType.MAJ_MIN7	0	3	9	KeyMode.MINOR	1/8
4	4	ChordType.MAJ_MIN7	0	3	9	KeyMode.MINOR	1/8
4	4	ChordType.MAJ_MIN7	0	3	9	KeyMode.MINOR	1/8
4	4	ChordType.MAJ_MIN7	0	3	9	KeyMode.MINOR	1/8
4	4	ChordType.MAJ_MIN7	0	3	9	KeyMode.MINOR	1/8
4	4	ChordType.MAJ_MIN7	0	3	9	KeyMode.MINOR	1/8
4	4	ChordType.MAJ_MIN7	0	3	9	KeyMode.MINOR	1/8
4	4	ChordType.MAJ_MIN7	0	3	9	KeyMode.MINOR	1/8
4	4	ChordType.MAJ_MIN7	0	3	9	KeyMode.MINOR	1/8
4	4	ChordType.MAJ_MIN7	0	3	9	KeyMode.MINOR	1/8
4	4	ChordType.MAJ_MIN7	0	3	9	KeyMode.MINOR	1/8
4	4	ChordType.MAJ_MIN7	0	3	9	KeyMode.MINOR	1/8
3	9	ChordType.MINOR	2	3	9	KeyMode.MINOR	1/8
3	9	ChordType.MINOR	2	3	9	KeyMode.MINOR	1/8
3	9	ChordType.MINOR	2	3	9	KeyMode.MINOR	1/8
3	9	ChordType.MINOR	2	3	9	KeyMode.MINOR	1/8
3	9	ChordType.MINOR	2	3	9	KeyMode.MINOR	1/8
3	9	ChordType.MINOR	2	3	9	KeyMode.MINOR	1/8
3	9	ChordType.MINOR	2	3	9	KeyMode.MINOR	1/8
3	9	ChordType.MINOR	2	3	9	KeyMode.MINOR	1/8
3	9	ChordType.MINOR	2	3	9	KeyMode.MINOR	1/8
3	9	ChordType.MINOR	2	3	9	KeyMode.MINOR	1/8
3	9	ChordType.MINOR	2	3	9	KeyMode.MINOR	1/8
3	9	ChordType.MINOR	2	3	9	KeyMode.MINOR	1/8
3	9	ChordType.MINOR	2	3	9	KeyMode.MINOR	1/8
3	9	ChordType.MINOR	2	3	9	KeyMode.MINOR	1/8
3	9	ChordType.MINOR	2	3	9	KeyMode.MINOR	1/8
3	9	ChordType.MINOR	2	3	9	KeyMode.MINOR	1/8
3	9	ChordType.MINOR	2	3	9	KeyMode.MINOR	1/8
3	9	ChordType.MINOR	2	3	9	KeyMode.MINOR	1/8
3	9	ChordType.MINOR	2	3	9	KeyMode.MINOR	1/8
3	9	ChordType.MINOR	2	3	9	KeyMode.MINOR	1/8
3	9	ChordType.MINOR	2	3	9	KeyMode.MINOR	1/8
3	9	ChordType.MINOR	2	3	9	KeyMode.MINOR	1/8
3	9	ChordType.MINOR	2	3	9	KeyMode.MINOR	1/8
3	9	ChordType.MINOR	2	3	9	KeyMode.MINOR	1/8
3	9	ChordType.MINOR	2	3	9	KeyMode.MINOR	1/8
3	9	ChordType.MINOR	2	3	9	KeyMode.MINOR	1/8
3	9	ChordType.MINOR	2	3	9	KeyMode.MINOR	1/8
3	9	ChordType.MINOR	2	3	9	KeyMode.MINOR	1/8
3	9	ChordType.MINOR	2	3	9	KeyMode.MINOR	1/8
3	9	ChordType.MINOR	2	3	9	KeyMode.MINOR	1/8
3	9	ChordType.MINOR	2	3	9	KeyMode.MINOR	1/8
3	9	ChordType.MINOR	2	3	9	KeyMode.MINOR	1/8
4	4	ChordType.MAJ_MIN7	0	3	9	KeyMode.MINOR	1/8
4	4	ChordType.MAJ_MIN7	0	3	9	KeyMode.MINOR	1/8
4	4	ChordType.MAJ_MIN7	0	3	9	KeyMode.MINOR	1/8
4	4	ChordType.MAJ_MIN7	0	3	9	KeyMode.MINOR	1/8
4	4	ChordType.MAJ_MIN7	0	3	9	KeyMode.MINOR	1/8
4	4	ChordType.MAJ_MIN7	0	3	9	KeyMode.MINOR	1/8
4	4	ChordType.MAJ_MIN7	0	3	9	KeyMode.MINOR	1/8
4	4	ChordType.MAJ_MIN7	0	3	9	KeyMode.MINOR	1/8
4	4	ChordType.MAJ_MIN7	0	3	9	KeyMode.MINOR	1/8
4	4	ChordType.MAJ_MIN7	0	3	9	KeyMode.MINOR	1/8
4	4	ChordType.MAJ_MIN7	0	3	9	KeyMode.MINOR	1/8
4	4	ChordType.MAJ_MIN7	0	3	9	KeyMode.MINOR	1/8
4	4	ChordType.MAJ_MIN7	0	3	9	KeyMode.MINOR	1/8
4	4	ChordType.MAJ_MIN7	0	3	9	KeyMode.MINOR	1/8
4	4	ChordType.MAJ_MIN7	0	3	9	KeyMode.MINOR	1/8
4	4	ChordType.MAJ_MIN7	0	3	9	KeyMode.MINOR	1/8
4	4	ChordType.MAJ_MIN7	0	3	9	KeyMode.MINOR	1/8
4	4	ChordType.MAJ_MIN7	0	3	9	KeyMode.MINOR	1/8
4	4	ChordType.MAJ_MIN7	0	3	9	KeyMode.MINOR	1/8
4	4	ChordType.MAJ_MIN7	0	3	9	KeyMode.MINOR	1/8
4	4	ChordType.MAJ_MIN7	0	3	9	KeyMode.MINOR	1/8
4	4	ChordType.MAJ_MIN7	0	3	9	KeyMode.MINOR	1/8
4	4	ChordType.MAJ_MIN7	0	3	9	KeyMode.MINOR	1/8
4	4	ChordType.MAJ_MIN7	0	3	9	KeyMode.MINOR	1/8
4	4	ChordType.MAJ_MIN7	0	3	9	KeyMode.MINOR	1/8
4	4	ChordType.MAJ_MIN7	0	3	9	KeyMode.MINOR	1/8
4	4	ChordType.MAJ_MIN7	0	3	9	KeyMode.MINOR	1/8
4	4	ChordType.MAJ_MIN7	0	3	9	KeyMode.MINOR	1/8
4	4	ChordType.MAJ_MIN7	0	3	9	KeyMode.MINOR	1/8
4	4	ChordType.MAJ_MIN7	0	3	9	KeyMode.MINOR	1/8
4	4	ChordType.MAJ_MIN7	0	3	9	KeyMode.MINOR	1/8
4	4	ChordType.MAJ_MIN7	0	3	9	KeyMode.MINOR	1/8
4	4	ChordType.MAJ_MIN7	0	3	9	KeyMode.MINOR	1/8
4	4	ChordType.MAJ_MIN7	0	3	9	KeyMode.MINOR	1/8
4	4	ChordType.MAJ_MIN7	0	3	9	KeyMode.MINOR	1/8
4	4	ChordType.MAJ_MIN7	0	3	9	KeyMode.MINOR	1/8
4	4	ChordType.MAJ_MIN7	0	3	9	KeyMode.MINOR	1/8
4	4	ChordType.MAJ_MIN7	0	3	9	KeyMode.MINOR	1/8
4	4	ChordType.MAJ_MIN7	0	3	9	KeyMode.MINOR	1/8
4	4	ChordType.MAJ_MIN7	0	3	9	KeyMode.MINOR	1/8
4	4	ChordType.MAJ_MIN7	0	3	9	KeyMode.MINOR	1/8
4	4	ChordType.MAJ_MIN7	0	3	9	KeyMode.MINOR	1/8
4	4	ChordType.MAJ_MIN7	0	3	9	KeyMode.MINOR	1/8
4	4	ChordType.MAJ_MIN7	0	3	9	KeyMode.MINOR	1/8
4	4	ChordType.MAJ_MIN7	0	3	9	KeyMode.MINOR	1/8
4	4	ChordType.MAJ_MIN7	0	3	9	KeyMode.MINOR	1/8
4	4	ChordType.MAJ_MIN7	0	3	9	KeyMode.MINOR	1/8
4	4	ChordType.MAJ_MIN7	0	3	9	KeyMode.MINOR	1/8
3	9	ChordType.MINOR	1	3	9	KeyMode.MINOR	1/4
3	9	ChordType.MINOR	1	3	9	KeyMode.MINOR	1/4
-2	10	ChordType.MAJOR	1	3	9	KeyMode.MINOR	1/2
-2	10	ChordType.MAJOR	1	3	9	KeyMode.MINOR	1/2
-2	10	ChordType.MAJOR	1	3	9	KeyMode.MINOR	1/4
-2	10	ChordType.MAJOR	1	3	9	KeyMode.MINOR	1/4
3	9	ChordType.MINOR	1	3	9	KeyMode.MINOR	1/4
3	9	ChordType.MINOR	1	3	9	KeyMode.MINOR	1/4
-2	10	ChordType.MAJOR	1	3	9	KeyMode.MINOR	1/2
-2	10	ChordType.MAJOR	1	3	9	KeyMode.MINOR	1/2
-2	10	ChordType.MAJOR	1	3	9	KeyMode.MINOR	1/4
-2	10	ChordType.MAJOR	1	3	9	KeyMode.MINOR	1/4
3	9	ChordType.MINOR	1	3	9	KeyMode.MINOR	1/4
3	9	ChordType.MINOR	1	3	9	KeyMode.MINOR	1/4
-2	10	ChordType.MAJOR	1	3	9	KeyMode.MINOR	1/2
-2	10	ChordType.MAJOR	1	3	9	KeyMode.MINOR	1/4
5	11	ChordType.MAJOR	1	4	4	KeyMode.MINOR	1/4
3	9	ChordType.MINOR	2	3	9	KeyMode.MINOR	1/2
3	9	ChordType.MINOR	2	3	9	KeyMode.MINOR	1/4
3	9	ChordType.MAJOR	2	2	2	KeyMode.MINOR	1/4
2	2	ChordType.MINOR	1	3	9	KeyMode.MINOR	1/4
3	9	ChordType.MAJOR	1	2	2	KeyMode.MINOR	1/4
2	2	ChordType.MINOR	0	3	9	KeyMode.MINOR	1/4
-2	10	ChordType.MAJOR	1	3	9	KeyMode.MINOR	1/4
3	9	ChordType.MINOR	2	3	9	KeyMode.MINOR	1/4
4	4	ChordType.MAJOR	0	3	9	KeyMode.MINOR	1/4
3	9	ChordType.MINOR	0	3	9	KeyMode.MINOR	1/4
3	9	ChordType.MINOR	0	3	9	KeyMode.MINOR	1/4
-2	10	ChordType.MAJOR	0	3	9	KeyMode.MINOR	1/4
-2	10	ChordType.MAJOR	0	3	9	KeyMode.MINOR	1/4
-2	10	ChordType.MAJOR	0	3	9	KeyMode.MINOR	1/4
-2	10	ChordType.MAJOR	0	3	9	KeyMode.MINOR	1/4
-2	10	ChordType.MAJOR	0	3	9	KeyMode.MINOR	1/4
-2	10	ChordType.MAJOR	0	3	9	KeyMode.MINOR	1/4
3	9	ChordType.MAJOR	0	2	2	KeyMode.MINOR	1/4
3	9	ChordType.MAJOR	0	2	2	KeyMode.MINOR	1/4
-2	10	ChordType.MAJOR	0	3	9	KeyMode.MINOR	1/4
-2	10	ChordType.MAJOR	0	3	9	KeyMode.MINOR	1/4
-2	10	ChordType.MAJOR	0	3	9	KeyMode.MINOR	1/4
-2	10	ChordType.MAJOR	0	3	9	KeyMode.MINOR	1/4
-2	10	ChordType.MAJOR	0	3	9	KeyMode.MINOR	1/4
-2	10	ChordType.MAJOR	0	3	9	KeyMode.MINOR	1/4
3	9	ChordType.MAJOR	0	2	2	KeyMode.MINOR	1/4
3	9	ChordType.MAJOR	0	2	2	KeyMode.MINOR	1/4
-2	10	ChordType.MAJOR	0	3	9	KeyMode.MINOR	1/4
-2	10	ChordType.MAJOR	0	3	9	KeyMode.MINOR	1/4
-2	10	ChordType.MAJOR	0	3	9	KeyMode.MINOR	1/4
-2	10	ChordType.MAJOR	0	3	9	KeyMode.MINOR	1/4
-2	10	ChordType.MAJOR	0	3	9	KeyMode.MINOR	1/4
-2	10	ChordType.MAJOR	0	3	9	KeyMode.MINOR	1/4
1	7	ChordType.MAJ_MIN7	0	0	0	KeyMode.MAJOR	1/8
1	7	ChordType.MAJ_MIN7	0	0	0	KeyMode.MAJOR	1/8
1	7	ChordType.MAJ_MIN7	0	0	0	KeyMode.MAJOR	1/8
1	7	ChordType.MAJ_MIN7	0	0	0	KeyMode.MAJOR	1/8
1	7	ChordType.MAJ_MIN7	0	0	0	KeyMode.MAJOR	1/8
1	7	ChordType.MAJ_MIN7	0	0	0	KeyMode.MAJOR	1/8
1	7	ChordType.MAJ_MIN7	0	0	0	KeyMode.MAJOR	1/8
1	7	ChordType.MAJ_MIN7	0	0	0	KeyMode.MAJOR	1/8
0	0	ChordType.MAJOR	0	3	9	KeyMode.MINOR	1/8
0	0	ChordType.MAJOR	0	3	9	KeyMode.MINOR	1/8
0	0	ChordType.MAJOR	0	3	9	KeyMode.MINOR	1/8
0	0	ChordType.MAJOR	0	3	9	KeyMode.MINOR	1/8
0	0	ChordType.MAJOR	0	3	9	KeyMode.MINOR	1/8
0	0	ChordType.MAJOR	0	3	9	KeyMode.MINOR	1/8
0	0	ChordType.MAJOR	0	3	9	KeyMode.MINOR	1/8
0	0	ChordType.MAJOR	0	3	9	KeyMode.MINOR	1/8
4	4	ChordType.MAJ_MIN7	0	3	9	KeyMode.MINOR	1/8
4	4	ChordType.MAJ_MIN7	0	3	9	KeyMode.MINOR	1/8
4	4	ChordType.MAJ_MIN7	0	3	9	KeyMode.MINOR	1/8
4	4	ChordType.MAJ_MIN7	0	3	9	KeyMode.MINOR	1/8
4	4	ChordType.MAJ_MIN7	0	3	9	KeyMode.MINOR	1/8
4	4	ChordType.MAJ_MIN7	0	3	9	KeyMode.MINOR	1/8
4	4	ChordType.MAJ_MIN7	0	3	9	KeyMode.MINOR	1/8
4	4	ChordType.MAJ_MIN7	0	3	9	KeyMode.MINOR	1/8
3	9	ChordType.MINOR	0	3	9	KeyMode.MINOR	1/8
3	9	ChordType.MINOR	0	3	9	KeyMode.MINOR	1/8
3	9	ChordType.MINOR	0	3	9	KeyMode.MINOR	1/8
3	9	ChordType.MINOR	0	3	9	KeyMode.MINOR	1/8
3	9	ChordType.MINOR	0	3	9	KeyMode.MINOR	1/8
3	9	ChordType.MINOR	0	3	9	KeyMode.MINOR	1/8
3	9	ChordType.MINOR	0	3	9	KeyMode.MINOR	1/8
3	9	ChordType.MINOR	0	3	9	KeyMode.MINOR	1/8
5	11	ChordType.HALF_DIM7	1	0	0	KeyMode.MAJOR	1/8
5	11	ChordType.HALF_DIM7	1	0	0	KeyMode.MAJOR	1/8
5	11	ChordType.HALF_DIM7	1	0	0	KeyMode.MAJOR	1/8
5	11	ChordType.HALF_DIM7	1	0	0	KeyMode.MAJOR	1/8
5	11	ChordType.HALF_DIM7	1	0	0	KeyMode.MAJOR	1/8
5	11	ChordType.HALF_DIM7	1	0	0	KeyMode.MAJOR	1/8
5	11	ChordType.HALF_DIM7	1	0	0	KeyMode.MAJOR	1/8
5	11	ChordType.HALF_DIM7	1	0	0	KeyMode.MAJOR	1/8
4	4	ChordType.MAJOR	0	3	9	KeyMode.MINOR	1/8
4	4	ChordType.MAJOR	0	3	9	KeyMode.MINOR	1/8
4	4	ChordType.MAJOR	0	3	9	KeyMode.MINOR	1/8
4	4	ChordType.MAJOR	0	3	9	KeyMode.MINOR	1/8
4	4	ChordType.MAJOR	0	3	9	KeyMode.MINOR	1/8
4	4	ChordType.MAJOR	0	3	9	KeyMode.MINOR	1/8
4	4	ChordType.MAJOR	0	3	9	KeyMode.MINOR	1/8
4	4	ChordType.MAJOR	0	3	9	KeyMode.MINOR	1/8
3	9	ChordType.MINOR	2	3	9	KeyMode.MINOR	1/8
3	9	ChordType.MINOR	2	3	9	KeyMode.MINOR	1/8
3	9	ChordType.MINOR	2	3	9	KeyMode.MINOR	1/8
3	9	ChordType.MINOR	2	3	9	KeyMode.MINOR	1/8
4	4	ChordType.MAJ_MIN7	0	3	9	KeyMode.MINOR	1/8
4	4	ChordType.MAJ_MIN7	0	3	9	KeyMode.MINOR	1/8
4	4	ChordType.MAJ_MIN7	0	3	9	KeyMode.MINOR	1/8
4	4	ChordType.MAJ_MIN7	0	3	9	KeyMode.MINOR	1/8
3	9	ChordType.MINOR	2	3	9	KeyMode.MINOR	1/8
3	9	ChordType.MINOR	2	3	9	KeyMode.MINOR	1/8
3	9	ChordType.MINOR	2	3	9	KeyMode.MINOR	1/8
3	9	ChordType.MINOR	2	3	9	KeyMode.MINOR	1/8
4	4	ChordType.MAJOR	0	3	9	KeyMode.MINOR	1/8
4	4	ChordType.MAJOR	0	3	9	KeyMode.MINOR	1/8
4	4	ChordType.MAJOR	0	3	9	KeyMode.MINOR	1/8
4	4	ChordType.MAJOR	0	3	9	KeyMode.MINOR	1/8
3	9	ChordType.MINOR	1	3	9	KeyMode.MINOR	1/8
3	9	ChordType.MINOR	1	3	9	KeyMode.MINOR	1/8
3	9	ChordType.MINOR	1	3	9	KeyMode.MINOR	1/8
3	9	ChordType.MINOR	1	3	9	KeyMode.MINOR	1/8
4	4	ChordType.MAJ_MIN7	0	3	9	KeyMode.MINOR	1/8
4	4	ChordType.MAJ_MIN7	0	3	9	KeyMode.MINOR	1/8
4	4	ChordType.MAJ_MIN7	0	3	9	KeyMode.MINOR	1/8
4	4	ChordType.MAJ_MIN7	0	3	9	KeyMode.MINOR	1/8
3	9	ChordType.MINOR	2	3	9	KeyMode.MINOR	1/8
3	9	ChordType.MINOR	2	3	9	KeyMode.MINOR	1/8
3	9	ChordType.MINOR	2	3	9	KeyMode.MINOR	1/8
3	9	ChordType.MINOR	2	3	9	KeyMode.MINOR	1/8
4	4	ChordType.MAJOR	0	3	9	KeyMode.MINOR	1/8
4	4	ChordType.MAJOR	0	3	9	KeyMode.MINOR	1/8
4	4	ChordType.MAJOR	0	3	9	KeyMode.MINOR	1/8
4	4	ChordType.MAJOR	0	3	9	KeyMode.MINOR	1/8
3	9	ChordType.MINOR	2	3	9	KeyMode.MINOR	1/8
3	9	ChordType.MINOR	2	3	9	KeyMode.MINOR	1/8
3	9	ChordType.MINOR	2	3	9	KeyMode.MINOR	1/8
3	9	ChordType.MINOR	2	3	9	KeyMode.MINOR	1/8
4	4	ChordType.MAJ_MIN7	0	3	9	KeyMode.MINOR	1/8
4	4	ChordType.MAJ_MIN7	0	3	9	KeyMode.MINOR	1/8
4	4	ChordType.MAJ_MIN7	0	3	9	KeyMode.MINOR	1/8
4	4	ChordType.MAJ_MIN7	0	3	9	KeyMode.MINOR	1/8
3	9	ChordType.MINOR	2	3	9	KeyMode.MINOR	1/8
3	9	ChordType.MINOR	2	3	9	KeyMode.MINOR	1/8
3	9	ChordType.MINOR	2	3	9	KeyMode.MINOR	1/8
3	9	ChordType.MINOR	2	3	9	KeyMode.MINOR	1/8
4	4	ChordType.MAJOR	0	3	9	KeyMode.MINOR	1/8
4	4	ChordType.MAJOR	0	3	9	KeyMode.MINOR	1/8
4	4	ChordType.MAJOR	0	3	9	KeyMode.MINOR	1/8
4	4	ChordType.MAJOR	0	3	9	KeyMode.MINOR	1/8
3	9	ChordType.MINOR	1	3	9	KeyMode.MINOR	1/8
3	9	ChordType.MINOR	1	3	9	KeyMode.MINOR	1/8
3	9	ChordType.MINOR	1	3	9	KeyMode.MINOR	1/8
3	9	ChordType.MINOR	1	3	9	KeyMode.MINOR	1/8
4	4	ChordType.MAJ_MIN7	0	3	9	KeyMode.MINOR	1/8
4	4	ChordType.MAJ_MIN7	0	3	9	KeyMode.MINOR	1/8
4	4	ChordType.MAJ_MIN7	0	3	9	KeyMode.MINOR	1/8
4	4	ChordType.MAJ_MIN7	0	3	9	KeyMode.MINOR	1/8
3	9	ChordType.MINOR	2	3	9	KeyMode.MINOR	1/8
3	9	ChordType.MINOR	2	3	9	KeyMode.MINOR	1/8
3	9	ChordType.MINOR	2	3	9	KeyMode.MINOR	1/8
3	9	ChordType.MINOR	2	3	9	KeyMode.MINOR	1/8
4	4	ChordType.MAJOR	0	3	9	KeyMode.MINOR	1/8
4	4	ChordType.MAJOR	0	3	9	KeyMode.MINOR	1/8
4	4	ChordType.MAJOR	0	3	9	KeyMode.MINOR	1/8
4	4	ChordType.MAJOR	0	3	9	KeyMode.MINOR	1/8
3	9	ChordType.MINOR	2	3	9	KeyMode.MINOR	1/8
3	9	ChordType.MINOR	2	3	9	KeyMode.MINOR	1/8
3	9	ChordType.MINOR	2	3	9	KeyMode.MINOR	1/8
3	9	ChordType.MINOR	2	3	9	KeyMode.MINOR	1/8
4	4	ChordType.MAJ_MIN7	0	3	9	KeyMode.MINOR	1/8
4	4	ChordType.MAJ_MIN7	0	3	9	KeyMode.MINOR	1/8
4	4	ChordType.MAJ_MIN7	0	3	9	KeyMode.MINOR	1/8
4	4	ChordType.MAJ_MIN7	0	3	9	KeyMode.MINOR	1/8
3	9	ChordType.MINOR	2	3	9	KeyMode.MINOR	1/8
3	9	ChordType.MINOR	2	3	9	KeyMode.MINOR	1/8
3	9	ChordType.MINOR	2	3	9	KeyMode.MINOR	1/8
3	9	ChordType.MINOR	2	3	9	KeyMode.MINOR	1/8
4	4	ChordType.MAJOR	0	3	9	KeyMode.MINOR	1/8
4	4	ChordType.MAJOR	0	3	9	KeyMode.MINOR	1/8
4	4	ChordType.MAJOR	0	3	9	KeyMode.MINOR	1/8
4	4	ChordType.MAJOR	0	3	9	KeyMode.MINOR	1/8
3	9	ChordType.MINOR	0	3	9	KeyMode.MINOR	1/8
3	9	ChordType.MINOR	0	3	9	KeyMode.MINOR	1/8
3	9	ChordType.MINOR	0	3	9	KeyMode.MINOR	1/8
3	9	ChordType.MINOR	0	3	9	KeyMode.MINOR	1/8
4	4	ChordType.MAJOR	0	3	9	KeyMode.MINOR	1/8
4	4	ChordType.MAJOR	0	3	9	KeyMode.MINOR	1/8
4	4	ChordType.MAJOR	0	3	9	KeyMode.MINOR	1/8
4	4	ChordType.MAJOR	0	3	9	KeyMode.MINOR	1/8
3	9	ChordType.MINOR	0	3	9	KeyMode.MINOR	1/8
3	9	ChordType.MINOR	0	3	9	KeyMode.MINOR	1/8
3	9	ChordType.MINOR	0	3	9	KeyMode.MINOR	1/8
3	9	ChordType.MINOR	0	3	9	KeyMode.MINOR	1/8
4	4	ChordType.MAJOR	0	3	9	KeyMode.MINOR	1/8
4	4	ChordType.MAJOR	0	3	9	KeyMode.MINOR	1/8
4	4	ChordType.MAJOR	0	3	9	KeyMode.MINOR	1/8
4	4	ChordType.MAJOR	0	3	9	KeyMode.MINOR	1/8
3	9	ChordType.MINOR	0	3	9	KeyMode.MINOR	1/2
3	9	ChordType.MINOR	0	3	9	KeyMode.MINOR	1/2
3	9	ChordType.MINOR	0	3	9	KeyMode.MINOR	1/2
3	9	ChordType.MINOR	0	3	9	KeyMode.MINOR	1/2
3	9	ChordType.MINOR	0	3	9	KeyMode.MINOR	1
3	9	ChordType.MINOR	0	3	9	KeyMode.MINOR	1
3	9	ChordType.MINOR	0	3	9	KeyMode.MINOR	1
3	9	ChordType.MINOR	0	3	9	KeyMode.MINOR	1
2	2	ChordType.MAJOR	1	6	6	KeyMode.MINOR	1/2
2	2	ChordType.MAJOR	1	6	6	KeyMode.MINOR	1/4
2	2	ChordType.MAJOR	1	6	6	KeyMode.MINOR	1/4
2	2	ChordType.MAJOR	1	6	6	KeyMode.MINOR	1
12	0	ChordType.DIM7	0	7	1	KeyMode.MINOR	1/2
12	0	ChordType.DIM7	0	7	1	KeyMode.MINOR	1/4
12	0	ChordType.DIM7	0	7	1	KeyMode.MINOR	1/4
12	0	ChordType.DIM7	0	7	1	KeyMode.MINOR	1
6	6	ChordType.MAJOR	2	5	11	KeyMode.MINOR	1/2
6	6	ChordType.MAJOR	2	5	11	KeyMode.MINOR	1/4
6	6	ChordType.MAJOR	2	5	11	KeyMode.MINOR	1/4
6	6	ChordType.MAJOR	2	5	11	KeyMode.MINOR	1
6	6	ChordType.MINOR	0	6	6	KeyMode.MINOR	1/12
6	6	ChordType.MINOR	0	6	6	KeyMode.MINOR	1/12
6	6	ChordType.MINOR	0	6	6	KeyMode.MINOR	1/12
6	6	ChordType.MINOR	0	6	6	KeyMode.MINOR	1/12
6	6	ChordType.MINOR	0	6	6	KeyMode.MINOR	1/12
6	6	ChordType.MINOR	0	6	6	KeyMode.MINOR	1/12
6	6	ChordType.MINOR	0	6	6	KeyMode.MINOR	1/12
6	6	ChordType.MINOR	0	6	6	KeyMode.MINOR	1/12
6	6	ChordType.MINOR	0	6	6	KeyMode.MINOR	1/12
6	6	ChordType.MINOR	0	6	6	KeyMode.MINOR	1/12
6	6	ChordType.MINOR	0	6	6	KeyMode.MINOR	1/12
6	6	ChordType.MINOR	0	6	6	KeyMode.MINOR	1/12
6	6	ChordType.MINOR	0	6	6	KeyMode.MINOR	1/12
6	6	ChordType.MINOR	0	6	6	KeyMode.MINOR	1/12
6	6	ChordType.MINOR	0	6	6	KeyMode.MINOR	1/12
6	6	ChordType.MINOR	0	6	6	KeyMode.MINOR	1/12
6	6	ChordType.MINOR	0	6	6	KeyMode.MINOR	1/12
6	6	ChordType.MINOR	0	6	6	KeyMode.MINOR	1/12
6	6	ChordType.MINOR	0	6	6	KeyMode.MINOR	1/12
6	6	ChordType.MINOR	0	6	6	KeyMode.MINOR	1/12
6	6	ChordType.MINOR	0	6	6	KeyMode.MINOR	1/12
6	6	ChordType.MINOR	0	6	6	KeyMode.MINOR	1/12
6	6	ChordType.MINOR	0	6	6	KeyMode.MINOR	1/12
6	6	ChordType.MINOR	0	6	6	KeyMode.MINOR	1/12
6	6	ChordType.MINOR	0	6	6	KeyMode.MINOR	1/12
6	6	ChordType.MINOR	0	6	6	KeyMode.MINOR	1/12
6	6	ChordType.MINOR	0	6	6	KeyMode.MINOR	1/12
6	6	ChordType.MINOR	0	6	6	KeyMode.MINOR	1/12
6	6	ChordType.MINOR	0	6	6	KeyMode.MINOR	1/12
6	6	ChordType.MINOR	0	6	6	KeyMode.MINOR	1/12
6	6	ChordType.MINOR	0	6	6	KeyMode.MINOR	1/12
6	6	ChordType.MINOR	0	6	6	KeyMode.MINOR	1/12
6	6	ChordType.MINOR	0	6	6	KeyMode.MINOR	1/12
6	6	ChordType.MINOR	0	6	6	KeyMode.MINOR	1/12
6	6	ChordType.MINOR	0	6	6	KeyMode.MINOR	1/12
6	6	ChordType.MINOR	0	6	6	KeyMode.MINOR	1/12
6	6	ChordType.MINOR	0	6	6	KeyMode.MINOR	1/12
6	6	ChordType.MINOR	0	6	6	KeyMode.MINOR	1/12
6	6	ChordType.MINOR	0	6	6	KeyMode.MINOR	1/12
6	6	ChordType.MINOR	0	6	6	KeyMode.MINOR	1/12
6	6	ChordType.MINOR	0	6	6	KeyMode.MINOR	1/12
6	6	ChordType.MINOR	0	6	6	KeyMode.MINOR	1/12
6	6	ChordType.MINOR	0	6	6	KeyMode.MINOR	1/12
6	6	ChordType.MINOR	0	6	6	KeyMode.MINOR	1/12
6	6	ChordType.MINOR	0	6	6	KeyMode.MINOR	1/12
6	6	ChordType.MINOR	0	6	6	KeyMode.MINOR	1/12
6	6	ChordType.MINOR	0	6	6	KeyMode.MINOR	1/12
6	6	ChordType.MINOR	0	6	6	KeyMode.MINOR	1/12
7	1	ChordType.MAJ_MIN7	2	6	6	KeyMode.MINOR	1/12
7	1	ChordType.MAJ_MIN7	2	6	6	KeyMode.MINOR	1/12
7	1	ChordType.MAJ_MIN7	2	6	6	KeyMode.MINOR	1/12
7	1	ChordType.MAJ_MIN7	2	6	6	KeyMode.MINOR	1/12
7	1	ChordType.MAJ_MIN7	2	6	6	KeyMode.MINOR	1/12
7	1	ChordType.MAJ_MIN7	2	6	6	KeyMode.MINOR	1/12
7	1	ChordType.MAJ_MIN7	2	6	6	KeyMode.MINOR	1/12
7	1	ChordType.MAJ_MIN7	2	6	6	KeyMode.MINOR	1/12
7	1	ChordType.MAJ_MIN7	2	6	6	KeyMode.MINOR	1/12
7	1	ChordType.MAJ_MIN7	2	6	6	KeyMode.MINOR	1/12
7	1	ChordType.MAJ_MIN7	2	6	6	KeyMode.MINOR	1/12
7	1	ChordType.MAJ_MIN7	2	6	6	KeyMode.MINOR	1/12
7	1	ChordType.MAJ_MIN7	2	6	6	KeyMode.MINOR	1/12
7	1	ChordType.MAJ_MIN7	2	6	6	KeyMode.MINOR	1/12
7	1	ChordType.MAJ_MIN7	2	6	6	KeyMode.MINOR	1/12
7	1	ChordType.MAJ_MIN7	2	6	6	KeyMode.MINOR	1/12
7	1	ChordType.MAJ_MIN7	2	6	6	KeyMode.MINOR	1/12
7	1	ChordType.MAJ_MIN7	2	6	6	KeyMode.MINOR	1/12
7	1	ChordType.MAJ_MIN7	2	6	6	KeyMode.MINOR	1/12
7	1	ChordType.MAJ_MIN7	2	6	6	KeyMode.MINOR	1/12
7	1	ChordType.MAJ_MIN7	2	6	6	KeyMode.MINOR	1/12
7	1	ChordType.MAJ_MIN7	2	6	6	KeyMode.MINOR	1/12
7	1	ChordType.MAJ_MIN7	2	6	6	KeyMode.MINOR	1/12
7	1	ChordType.MAJ_MIN7	2	6	6	KeyMode.MINOR	1/12
7	1	ChordType.MAJ_MIN7	2	6	6	KeyMode.MINOR	1/12
7	1	ChordType.MAJ_MIN7	2	6	6	KeyMode.MINOR	1/12
7	1	ChordType.MAJ_MIN7	2	6	6	KeyMode.MINOR	1/12
7	1	ChordType.MAJ_MIN7	2	6	6	KeyMode.MINOR	1/12
7	1	ChordType.MAJ_MIN7	2	6	6	KeyMode.MINOR	1/12
7	1	ChordType.MAJ_MIN7	2	6	6	KeyMode.MINOR	1/12
7	1	ChordType.MAJ_MIN7	2	6	6	KeyMode.MINOR	1/12
7	1	ChordType.MAJ_MIN7	2	6	6	KeyMode.MINOR	1/12
7	1	ChordType.MAJ_MIN7	2	6	6	KeyMode.MINOR	1/12
7	1	ChordType.MAJ_MIN7	2	6	6	KeyMode.MINOR	1/12
7	1	ChordType.MAJ_MIN7	2	6	6	KeyMode.MINOR	1/12
7	1	ChordType.MAJ_MIN7	2	6	6	KeyMode.MINOR	1/12
7	1	ChordType.MAJ_MIN7	2	6	6	KeyMode.MINOR	1/12
7	1	ChordType.MAJ_MIN7	2	6	6	KeyMode.MINOR	1/12
7	1	ChordType.MAJ_MIN7	2	6	6	KeyMode.MINOR	1/12
7	1	ChordType.MAJ_MIN7	2	6	6	KeyMode.MINOR	1/12
7	1	ChordType.MAJ_MIN7	2	6	6	KeyMode.MINOR	1/12
7	1	ChordType.MAJ_MIN7	2	6	6	KeyMode.MINOR	1/12
7	1	ChordType.MAJ_MIN7	2	6	6	KeyMode.MINOR	1/12
7	1	ChordType.MAJ_MIN7	2	6	6	KeyMode.MINOR	1/12
7	1	ChordType.MAJ_MIN7	2	6	6	KeyMode.MINOR	1/12
7	1	ChordType.MAJ_MIN7	2	6	6	KeyMode.MINOR	1/12
7	1	ChordType.MAJ_MIN7	2	6	6	KeyMode.MINOR	1/12
7	1	ChordType.MAJ_MIN7	2	6	6	KeyMode.MINOR	1/12
6	6	ChordType.MINOR	1	6	6	KeyMode.MINOR	1/12
6	6	ChordType.MINOR	1	6	6	KeyMode.MINOR	1/12
6	6	ChordType.MINOR	1	6	6	KeyMode.MINOR	1/12
6	6	ChordType.MINOR	1	6	6	KeyMode.MINOR	1/12
6	6	ChordType.MINOR	1	6	6	KeyMode.MINOR	1/12
6	6	ChordType.MINOR	1	6	6	KeyMode.MINOR	1/12
6	6	ChordType.MINOR	1	6	6	KeyMode.MINOR	1/12
6	6	ChordType.MINOR	1	6	6	KeyMode.MINOR	1/12
6	6	ChordType.MINOR	1	6	6	KeyMode.MINOR	1/12
6	6	ChordType.MINOR	1	6	6	KeyMode.MINOR	1/12
6	6	ChordType.MINOR	1	6	6	KeyMode.MINOR	1/12
6	6	ChordType.MINOR	1	6	6	KeyMode.MINOR	1/12
6	6	ChordType.MINOR	1	6	6	KeyMode.MINOR	1/12
6	6	ChordType.MINOR	1	6	6	KeyMode.MINOR	1/12
6	6	ChordType.MINOR	1	6	6	KeyMode.MINOR	1/12
6	6	ChordType.MINOR	1	6	6	KeyMode.MINOR	1/12
6	6	ChordType.MINOR	1	6	6	KeyMode.MINOR	1/12
6	6	ChordType.MINOR	1	6	6	KeyMode.MINOR	1/12
6	6	ChordType.MINOR	1	6	6	KeyMode.MINOR	1/12
6	6	ChordType.MINOR	1	6	6	KeyMode.MINOR	1/12
6	6	ChordType.MINOR	1	6	6	KeyMode.MINOR	1/12
6	6	ChordType.MINOR	1	6	6	KeyMode.MINOR	1/12
6	6	ChordType.MINOR	1	6	6	KeyMode.MINOR	1/12
6	6	ChordType.MINOR	1	6	6	KeyMode.MINOR	1/12
5	11	ChordType.MINOR	0	6	6	KeyMode.MINOR	1/12
5	11	ChordType.MINOR	0	6	6	KeyMode.MINOR	1/12
5	11	ChordType.MINOR	0	6	6	KeyMode.MINOR	1/12
5	11	ChordType.MINOR	0	6	6	KeyMode.MINOR	1/12
5	11	ChordType.MINOR	0	6	6	KeyMode.MINOR	1/12
5	11	ChordType.MINOR	0	6	6	KeyMode.MINOR	1/12
5	11	ChordType.MINOR	0	6	6	KeyMode.MINOR	1/12
5	11	ChordType.MINOR	0	6	6	KeyMode.MINOR	1/12
5	11	ChordType.MINOR	0	6	6	KeyMode.MINOR	1/12
5	11	ChordType.MINOR	0	6	6	KeyMode.MINOR	1/12
5	11	ChordType.MINOR	0	6	6	KeyMode.MINOR	1/12
5	11	ChordType.MINOR	0	6	6	KeyMode.MINOR	1/12
5	11	ChordType.MINOR	0	6	6	KeyMode.MINOR	1/12
5	11	ChordType.MINOR	0	6	6	KeyMode.MINOR	1/12
5	11	ChordType.MINOR	0	6	6	KeyMode.MINOR	1/12
5	11	ChordType.MINOR	0	6	6	KeyMode.MINOR	1/12
5	11	ChordType.MINOR	0	6	6	KeyMode.MINOR	1/12
5	11	ChordType.MINOR	0	6	6	KeyMode.MINOR	1/12
5	11	ChordType.MINOR	0	6	6	KeyMode.MINOR	1/12
5	11	ChordType.MINOR	0	6	6	KeyMode.MINOR	1/12
5	11	ChordType.MINOR	0	6	6	KeyMode.MINOR	1/12
5	11	ChordType.MINOR	0	6	6	KeyMode.MINOR	1/12
5	11	ChordType.MINOR	0	6	6	KeyMode.MINOR	1/12
5	11	ChordType.MINOR	0	6	6	KeyMode.MINOR	1/12
1	7	ChordType.MAJOR	1	0	0	KeyMode.MAJOR	1/12
1	7	ChordType.MAJOR	1	0	0	KeyMode.MAJOR	1/12
1	7	ChordType.MAJOR	1	0	0	KeyMode.MAJOR	1/12
1	7	ChordType.MAJOR	1	0	0	KeyMode.MAJOR	1/12
1	7	ChordType.MAJOR	1	0	0	KeyMode.MAJOR	1/12
1	7	ChordType.MAJOR	1	0	0	KeyMode.MAJOR	1/12
1	7	ChordType.MAJOR	1	0	0	KeyMode.MAJOR	1/12
1	7	ChordType.MAJOR	1	0	0	KeyMode.MAJOR	1/12
1	7	ChordType.MAJOR	1	0	0	KeyMode.MAJOR	1/12
1	7	ChordType.MAJOR	1	0	0	KeyMode.MAJOR	1/12
1	7	ChordType.MAJOR	1	0	0	KeyMode.MAJOR	1/12
1	7	ChordType.MAJOR	1	0	0	KeyMode.MAJOR	1/12
1	7	ChordType.MAJOR	1	0	0	KeyMode.MAJOR	1/12
1	7	ChordType.MAJOR	1	0	0	KeyMode.MAJOR	1/12
1	7	ChordType.MAJOR	1	0	0	KeyMode.MAJOR	1/12
1	7	ChordType.MAJOR	1	0	0	KeyMode.MAJOR	1/12
1	7	ChordType.MAJOR	1	0	0	KeyMode.MAJOR	1/12
1	7	ChordType.MAJOR	1	0	0	KeyMode.MAJOR	1/12
1	7	ChordType.MAJOR	1	0	0	KeyMode.MAJOR	1/12
1	7	ChordType.MAJOR	1	0	0	KeyMode.MAJOR	1/12
1	7	ChordType.MAJOR	1	0	0	KeyMode.MAJOR	1/12
1	7	ChordType.MAJOR	1	0	0	KeyMode.MAJOR	1/12
1	7	ChordType.MAJOR	1	0	0	KeyMode.MAJOR	1/12
1	7	ChordType.MAJOR	1	0	0	KeyMode.MAJOR	1/12
0	0	ChordType.MAJOR	0	0	0	KeyMode.MAJOR	1/12
0	0	ChordType.MAJOR	0	0	0	KeyMode.MAJOR	1/12
0	0	ChordType.MAJOR	0	0	0	KeyMode.MAJOR	1/12
0	0	ChordType.MAJOR	0	0	0	KeyMode.MAJOR	1/12
0	0	ChordType.MAJOR	0	0	0	KeyMode.MAJOR	1/12
0	0	ChordType.MAJOR	0	0	0	KeyMode.MAJOR	1/12
0	0	ChordType.MAJOR	0	0	0	KeyMode.MAJOR	1/12
0	0	ChordType.MAJOR	0	0	0	KeyMode.MAJOR	1/12
0	0	ChordType.MAJOR	0	0	0	KeyMode.MAJOR	1/12
0	0	ChordType.MAJOR	0	0	0	KeyMode.MAJOR	1/12
0	0	ChordType.MAJOR	0	0	0	KeyMode.MAJOR	1/12
0	0	ChordType.MAJOR	0	0	0	KeyMode.MAJOR	1/12
0	0	ChordType.MAJOR	0	0	0	KeyMode.MAJOR	1/12
0	0	ChordType.MAJOR	0	0	0	KeyMode.MAJOR	1/12
0	0	ChordType.MAJOR	0	0	0	KeyMode.MAJOR	1/12
0	0	ChordType.MAJOR	0	0	0	KeyMode.MAJOR	1/12
0	0	ChordType.MAJOR	0	0	0	KeyMode.MAJOR	1/12
0	0	ChordType.MAJOR	0	0	0	KeyMode.MAJOR	1/12
0	0	ChordType.MAJOR	0	0	0	KeyMode.MAJOR	1/12
0	0	ChordType.MAJOR	0	0	0	KeyMode.MAJOR	1/12
0	0	ChordType.MAJOR	0	0	0	KeyMode.MAJOR	1/12
0	0	ChordType.MAJOR	0	0	0	KeyMode.MAJOR	1/12
0	0	ChordType.MAJOR	0	0	0	KeyMode.MAJOR	1/12
0	0	ChordType.MAJOR	0	0	0	KeyMode.MAJOR	1/12
3	9	ChordType.MAJOR	1	2	2	KeyMode.MINOR	1/12
3	9	ChordType.MAJOR	1	2	2	KeyMode.MINOR	1/12
3	9	ChordType.MAJOR	1	2	2	KeyMode.MINOR	1/12
3	9	ChordType.MAJOR	1	2	2	KeyMode.MINOR	1/12
3	9	ChordType.MAJOR	1	2	2	KeyMode.MINOR	1/12
3	9	ChordType.MAJOR	1	2	2	KeyMode.MINOR	1/12
3	9	ChordType.MAJOR	1	2	2	KeyMode.MINOR	1/12
3	9	ChordType.MAJOR	1	2	2	KeyMode.MINOR	1/12
3	9	ChordType.MAJOR	1	2	2	KeyMode.MINOR	1/12
3	9	ChordType.MAJOR	1	2	2	KeyMode.MINOR	1/12
3	9	ChordType.MAJOR	1	2	2	KeyMode.MINOR	1/12
3	9	ChordType.MAJOR	1	2	2	KeyMode.MINOR	1/12
3	9	ChordType.MAJOR	1	2	2	KeyMode.MINOR	1/12
3	9	ChordType.MAJOR	1	2	2	KeyMode.MINOR	1/12
3	9	ChordType.MAJOR	1	2	2	KeyMode.MINOR	1/12
3	9	ChordType.MAJOR	1	2	2	KeyMode.MINOR	1/12
3	9	ChordType.MAJOR	1	2	2	KeyMode.MINOR	1/12
3	9	ChordType.MAJOR	1	2	2	KeyMode.MINOR	1/12
3	9	ChordType.MAJOR	1	2	2	KeyMode.MINOR	1/12
3	9	ChordType.MAJOR	1	2	2	KeyMode.MINOR	1/12
3	9	ChordType.MAJOR	1	2	2	KeyMode.MINOR	1/12
3	9	ChordType.MAJOR	1	2	2	KeyMode.MINOR	1/12
3	9	ChordType.MAJOR	1	2	2	KeyMode.MINOR	1/12
3	9	ChordType.MAJOR	1	2	2	KeyMode.MINOR	1/12
2	2	ChordType.MINOR	0	2	2	KeyMode.MINOR	1/12
2	2	ChordType.MINOR	0	2	2	KeyMode.MINOR	1/12
2	2	ChordType.MINOR	0	2	2	KeyMode.MINOR	1/12
2	2	ChordType.MINOR	0	2	2	KeyMode.MINOR	1/12
2	2	ChordType.MINOR	0	2	2	KeyMode.MINOR	1/12
2	2	ChordType.MINOR	0	2	2	KeyMode.MINOR	1/12
2	2	ChordType.MINOR	0	2	2	KeyMode.MINOR	1/12
2	2	ChordType.MINOR	0	2	2	KeyMode.MINOR	1/12
2	2	ChordType.MINOR	0	2	2	KeyMode.MINOR	1/12
2	2	ChordType.MINOR	0	2	2	KeyMode.MINOR	1/12
2	2	ChordType.MINOR	0	2	2	KeyMode.MINOR	1/12
2	2	ChordType.MINOR	0	2	2	KeyMode.MINOR	1/12
2	2	ChordType.MINOR	0	2	2	KeyMode.MINOR	1/12
2	2	ChordType.MINOR	0	2	2	KeyMode.MINOR	1/12
2	2	ChordType.MINOR	0	2	2	KeyMode.MINOR	1/12
2	2	ChordType.MINOR	0	2	2	KeyMode.MINOR	1/12
2	2	ChordType.MINOR	0	2	2	KeyMode.MINOR	1/12
2	2	ChordType.MINOR	0	2	2	KeyMode.MINOR	1/12
2	2	ChordType.MINOR	0	2	2	KeyMode.MINOR	1/12
2	2	ChordType.MINOR	0	2	2	KeyMode.MINOR	1/12
2	2	ChordType.MINOR	0	2	2	KeyMode.MINOR	1/12
2	2	ChordType.MINOR	0	2	2	KeyMode.MINOR	1/12
2	2	ChordType.MINOR	0	2	2	KeyMode.MINOR	1/12
2	2	ChordType.MINOR	0	2	2	KeyMode.MINOR	1/12
8	8	ChordType.DIMINISHED	1	3	9	KeyMode.MINOR	1/12
8	8	ChordType.DIMINISHED	1	3	9	KeyMode.MINOR	1/12
8	8	ChordType.DIMINISHED	1	3	9	KeyMode.MINOR	1/12
8	8	ChordType.DIMINISHED	1	3	9	KeyMode.MINOR	1/12
8	8	ChordType.DIMINISHED	1	3	9	KeyMode.MINOR	1/12
8	8	ChordType.DIMINISHED	1	3	9	KeyMode.MINOR	1/12
8	8	ChordType.DIMINISHED	1	3	9	KeyMode.MINOR	1/12
8	8	ChordType.DIMINISHED	1	3	9	KeyMode.MINOR	1/12
8	8	ChordType.DIMINISHED	1	3	9	KeyMode.MINOR	1/12
8	8	ChordType.DIMINISHED	1	3	9	KeyMode.MINOR	1/12
8	8	ChordType.DIMINISHED	1	3	9	KeyMode.MINOR	1/12
8	8	ChordType.DIMINISHED	1	3	9	KeyMode.MINOR	1/12
8	8	ChordType.MAJOR	0	2	2	KeyMode.MINOR	1/12
8	8	ChordType.MAJOR	0	2	2	KeyMode.MINOR	1/12
8	8	ChordType.MAJOR	0	2	2	KeyMode.MINOR	1/12
8	8	ChordType.MAJOR	0	2	2	KeyMode.MINOR	1/12
8	8	ChordType.MAJOR	0	2	2	KeyMode.MINOR	1/12
8	8	ChordType.MAJOR	0	2	2	KeyMode.MINOR	1/12
8	8	ChordType.MAJOR	0	2	2	KeyMode.MINOR	1/12
8	8	ChordType.MAJOR	0	2	2	KeyMode.MINOR	1/12
8	8	ChordType.MAJOR	0	2	2	KeyMode.MINOR	1/12
8	8	ChordType.MAJOR	0	2	2	KeyMode.MINOR	1/12
8	8	ChordType.MAJOR	0	2	2	KeyMode.MINOR	1/12
8	8	ChordType.MAJOR	0	2	2	KeyMode.MINOR	1/12
3	9	ChordType.MAJOR	0	2	2	KeyMode.MINOR	1/8
3	9	ChordType.MAJOR	0	2	2	KeyMode.MINOR	1/8
3	9	ChordType.MAJOR	0	2	2	KeyMode.MINOR	1/8
3	9	ChordType.MAJOR	0	2	2	KeyMode.MINOR	1/8
3	9	ChordType.MAJOR	0	2	2	KeyMode.MINOR	1/8
3	9	ChordType.MAJOR	0	2	2	KeyMode.MINOR	1/8
3	9	ChordType.MAJOR	0	2	2	KeyMode.MINOR	1/8
3	9	ChordType.MAJOR	0	2	2	KeyMode.MINOR	1/8
3	9	ChordType.MAJOR	0	2	2	KeyMode.MINOR	1/8
3	9	ChordType.MAJOR	0	2	2	KeyMode.MINOR	1/8
3	9	ChordType.MAJOR	0	2	2	KeyMode.MINOR	1/8
3	9	ChordType.MAJOR	0	2	2	KeyMode.MINOR	1/8
5	11	ChordType.HALF_DIM7	3	0	0	KeyMode.MAJOR	1/8
5	11	ChordType.HALF_DIM7	3	0	0	KeyMode.MAJOR	1/8
5	11	ChordType.HALF_DIM7	3	0	0	KeyMode.MAJOR	1/8
5	11	ChordType.HALF_DIM7	3	0	0	KeyMode.MAJOR	1/8
3	9	ChordType.MAJOR	0	2	2	KeyMode.MINOR	1/8
3	9	ChordType.MAJOR	0	2	2	KeyMode.MINOR	1/8
3	9	ChordType.MAJOR	0	2	2	KeyMode.MINOR	1/8
3	9	ChordType.MAJOR	0	2	2	KeyMode.MINOR	1/8
5	11	ChordType.HALF_DIM7	3	0	0	KeyMode.MAJOR	1/8
5	11	ChordType.HALF_DIM7	3	0	0	KeyMode.MAJOR	1/8
5	11	ChordType.HALF_DIM7	3	0	0	KeyMode.MAJOR	1/8
5	11	ChordType.HALF_DIM7	3	0	0	KeyMode.MAJOR	1/8
3	9	ChordType.MAJOR	0	2	2	KeyMode.MINOR	1/8
3	9	ChordType.MAJOR	0	2	2	KeyMode.MINOR	1/8
3	9	ChordType.MAJOR	0	2	2	KeyMode.MINOR	1/8
3	9	ChordType.MAJOR	0	2	2	KeyMode.MINOR	1/8
5	11	ChordType.HALF_DIM7	3	0	0	KeyMode.MAJOR	1/8
5	11	ChordType.HALF_DIM7	3	0	0	KeyMode.MAJOR	1/8
5	11	ChordType.HALF_DIM7	3	0	0	KeyMode.MAJOR	1/8
5	11	ChordType.HALF_DIM7	3	0	0	KeyMode.MAJOR	1/8
3	9	ChordType.MAJOR	0	2	2	KeyMode.MINOR	1/8
3	9	ChordType.MAJOR	0	2	2	KeyMode.MINOR	1/8
3	9	ChordType.MAJOR	0	2	2	KeyMode.MINOR	1/8
3	9	ChordType.MAJOR	0	2	2	KeyMode.MINOR	1/8
3	9	ChordType.MAJOR	0	2	2	KeyMode.MINOR	1/8
3	9	ChordType.MAJOR	0	2	2	KeyMode.MINOR	1/8
3	9	ChordType.MAJOR	0	2	2	KeyMode.MINOR	1/8
3	9	ChordType.MAJOR	0	2	2	KeyMode.MINOR	1/8
3	9	ChordType.MAJOR	1	2	2	KeyMode.MINOR	1/8
3	9	ChordType.MAJOR	1	2	2	KeyMode.MINOR	1/8
3	9	ChordType.MAJOR	1	2	2	KeyMode.MINOR	1/8
3	9	ChordType.MAJOR	1	2	2	KeyMode.MINOR	1/8
5	11	ChordType.HALF_DIM7	0	0	0	KeyMode.MAJOR	1/8
5	11	ChordType.HALF_DIM7	0	0	0	KeyMode.MAJOR	1/8
5	11	ChordType.HALF_DIM7	0	0	0	KeyMode.MAJOR	1/8
5	11	ChordType.HALF_DIM7	0	0	0	KeyMode.MAJOR	1/8
3	9	ChordType.MAJOR	1	2	2	KeyMode.MINOR	1/8
3	9	ChordType.MAJOR	1	2	2	KeyMode.MINOR	1/8
3	9	ChordType.MAJOR	1	2	2	KeyMode.MINOR	1/8
3	9	ChordType.MAJOR	1	2	2	KeyMode.MINOR	1/8
5	11	ChordType.HALF_DIM7	0	0	0	KeyMode.MAJOR	1/8
5	11	ChordType.HALF_DIM7	0	0	0	KeyMode.MAJOR	1/8
5	11	ChordType.HALF_DIM7	0	0	0	KeyMode.MAJOR	1/8
5	11	ChordType.HALF_DIM7	0	0	0	KeyMode.MAJOR	1/8
3	9	ChordType.MAJOR	1	2	2	KeyMode.MINOR	1/8
3	9	ChordType.MAJOR	1	2	2	KeyMode.MINOR	1/8
3	9	ChordType.MAJOR	1	2	2	KeyMode.MINOR	1/8
3	9	ChordType.MAJOR	1	2	2	KeyMode.MINOR	1/8
5	11	ChordType.HALF_DIM7	0	0	0	KeyMode.MAJOR	1/8
5	11	ChordType.HALF_DIM7	0	0	0	KeyMode.MAJOR	1/8
5	11	ChordType.HALF_DIM7	0	0	0	KeyMode.MAJOR	1/8
5	11	ChordType.HALF_DIM7	0	0	0	KeyMode.MAJOR	1/8
3	9	ChordType.MAJOR	0	2	2	KeyMode.MINOR	1/8
3	9	ChordType.MAJOR	0	2	2	KeyMode.MINOR	1/8
3	9	ChordType.MAJOR	0	2	2	KeyMode.MINOR	1/8
3	9	ChordType.MAJOR	0	2	2	KeyMode.MINOR	1/8
3	9	ChordType.MAJOR	0	2	2	KeyMode.MINOR	1/8
3	9	ChordType.MAJOR	0	2	2	KeyMode.MINOR	1/8
3	9	ChordType.MAJOR	0	2	2	KeyMode.MINOR	1/8
3	9	ChordType.MAJOR	0	2	2	KeyMode.MINOR	1/8
3	9	ChordType.MAJOR	0	2	2	KeyMode.MINOR	1/8
3	9	ChordType.MAJOR	0	2	2	KeyMode.MINOR	1/8
3	9	ChordType.MAJOR	0	2	2	KeyMode.MINOR	1/8
3	9	ChordType.MAJOR	0	2	2	KeyMode.MINOR	1/8
5	11	ChordType.HALF_DIM7	3	0	0	KeyMode.MAJOR	1/8
5	11	ChordType.HALF_DIM7	3	0	0	KeyMode.MAJOR	1/8
5	11	ChordType.HALF_DIM7	3	0	0	KeyMode.MAJOR	1/8
5	11	ChordType.HALF_DIM7	3	0	0	KeyMode.MAJOR	1/8
3	9	ChordType.MAJOR	0	2	2	KeyMode.MINOR	1/8
3	9	ChordType.MAJOR	0	2	2	KeyMode.MINOR	1/8
3	9	ChordType.MAJOR	0	2	2	KeyMode.MINOR	1/8
3	9	ChordType.MAJOR	0	2	2	KeyMode.MINOR	1/8
5	11	ChordType.HALF_DIM7	3	0	0	KeyMode.MAJOR	1/8
5	11	ChordType.HALF_DIM7	3	0	0	KeyMode.MAJOR	1/8
5	11	ChordType.HALF_DIM7	3	0	0	KeyMode.MAJOR	1/8
5	11	ChordType.HALF_DIM7	3	0	0	KeyMode.MAJOR	1/8
3	9	ChordType.MAJOR	0	2	2	KeyMode.MINOR	1/8
3	9	ChordType.MAJOR	0	2	2	KeyMode.MINOR	1/8
3	9	ChordType.MAJOR	0	2	2	KeyMode.MINOR	1/8
3	9	ChordType.MAJOR	0	2	2	KeyMode.MINOR	1/8
5	11	ChordType.HALF_DIM7	3	0	0	KeyMode.MAJOR	1/8
5	11	ChordType.HALF_DIM7	3	0	0	KeyMode.MAJOR	1/8
5	11	ChordType.HALF_DIM7	3	0	0	KeyMode.MAJOR	1/8
5	11	ChordType.HALF_DIM7	3	0	0	KeyMode.MAJOR	1/8
3	9	ChordType.MAJOR	0	2	2	KeyMode.MINOR	1
2	2	ChordType.MINOR	2	2	2	KeyMode.MINOR	1
3	9	ChordType.MAJOR	0	2	2	KeyMode.MINOR	1
-2	10	ChordType.MAJOR	1	2	2	KeyMode.MINOR	1
3	9	ChordType.MAJOR	0	2	2	KeyMode.MINOR	1
3	9	ChordType.MAJOR	0	2	2	KeyMode.MINOR	1
7	1	ChordType.DIM7	0	2	2	KeyMode.MINOR	3/4
7	1	ChordType.DIM7	0	2	2	KeyMode.MINOR	1/4
7	1	ChordType.DIM7	0	2	2	KeyMode.MINOR	1/4
7	1	ChordType.DIM7	0	2	2	KeyMode.MINOR	1/4
7	1	ChordType.DIM7	0	2	2	KeyMode.MINOR	1/4
7	1	ChordType.DIM7	0	2	2	KeyMode.MINOR	1/4
7	1	ChordType.DIM7	0	2	2	KeyMode.MINOR	1/4
7	1	ChordType.DIM7	0	2	2	KeyMode.MINOR	1/4
7	1	ChordType.DIM7	0	2	2	KeyMode.MINOR	1/4
7	1	ChordType.DIM7	0	2	2	KeyMode.MINOR	1/4
7	1	ChordType.DIM7	0	2	2	KeyMode.MINOR	1/4
7	1	ChordType.DIM7	0	2	2	KeyMode.MINOR	1/4
7	1	ChordType.DIM7	0	2	2	KeyMode.MINOR	1/4
7	1	ChordType.DIM7	0	2	2	KeyMode.MINOR	1/4
3	9	ChordType.MAJOR	1	2	2	KeyMode.MINOR	1/2
3	9	ChordType.MAJOR	1	2	2	KeyMode.MINOR	1/4
3	9	ChordType.MAJOR	1	2	2	KeyMode.MINOR	1/4
3	9	ChordType.MAJOR	1	2	2	KeyMode.MINOR	5/8
3	9	ChordType.MAJOR	1	2	2	KeyMode.MINOR	1/8
3	9	ChordType.MAJOR	1	2	2	KeyMode.MINOR	1/8
3	9	ChordType.MAJOR	1	2	2	KeyMode.MINOR	1/8
3	9	ChordType.MAJOR	1	2	2	KeyMode.MINOR	1/4
3	9	ChordType.MAJOR	1	2	2	KeyMode.MINOR	15/32
3	9	ChordType.MAJOR	1	2	2	KeyMode.MINOR	1/32
3	9	ChordType.MAJOR	1	2	2	KeyMode.MINOR	7/32
3	9	ChordType.MAJOR	1	2	2	KeyMode.MINOR	1/32
3	9	ChordType.MAJOR	1	2	2	KeyMode.MINOR	1/4
3	9	ChordType.MAJOR	1	2	2	KeyMode.MINOR	1/2
3	9	ChordType.MAJOR	1	2	2	KeyMode.MINOR	1/4
3	9	ChordType.MAJOR	1	2	2	KeyMode.MINOR	3/8
3	9	ChordType.MAJOR	1	2	2	KeyMode.MINOR	1/8
3	9	ChordType.MAJOR	1	2	2	KeyMode.MINOR	3/8
3	9	ChordType.MAJOR	1	2	2	KeyMode.MINOR	1/8
3	9	ChordType.MAJOR	1	2	2	KeyMode.MINOR	1/4
3	9	ChordType.MAJOR	1	2	2	KeyMode.MINOR	1/2
3	9	ChordType.MAJ_MIN7	1	2	2	KeyMode.MINOR	1/8
3	9	ChordType.MAJ_MIN7	1	2	2	KeyMode.MINOR	1/8
2	2	ChordType.MINOR	0	2	2	KeyMode.MINOR	1/8
2	2	ChordType.MINOR	0	2	2	KeyMode.MINOR	1/8
3	9	ChordType.MAJOR	2	2	2	KeyMode.MINOR	1/8
3	9	ChordType.MAJOR	2	2	2	KeyMode.MINOR	1/8
2	2	ChordType.MINOR	1	2	2	KeyMode.MINOR	1/8
2	2	ChordType.MINOR	1	2	2	KeyMode.MINOR	1/8
3	9	ChordType.MAJ_MIN7	1	2	2	KeyMode.MINOR	1/8
3	9	ChordType.MAJ_MIN7	1	2	2	KeyMode.MINOR	1/8
2	2	ChordType.MINOR	0	2	2	KeyMode.MINOR	1/8
2	2	ChordType.MINOR	0	2	2	KeyMode.MINOR	1/8
3	9	ChordType.MAJOR	2	2	2	KeyMode.MINOR	1/8
3	9	ChordType.MAJOR	2	2	2	KeyMode.MINOR	1/8
2	2	ChordType.MINOR	1	2	2	KeyMode.MINOR	1/8
2	2	ChordType.MINOR	1	2	2	KeyMode.MINOR	1/8
2	2	ChordType.MAJ_MIN7	1	1	7	KeyMode.MINOR	1/8
2	2	ChordType.MAJ_MIN7	1	1	7	KeyMode.MINOR	1/8
1	7	ChordType.MINOR	0	2	2	KeyMode.MINOR	1/8
1	7	ChordType.MINOR	0	2	2	KeyMode.MINOR	1/8
2	2	ChordType.MINOR	2	2	2	KeyMode.MINOR	1/8
2	2	ChordType.MINOR	2	2	2	KeyMode.MINOR	1/8
1	7	ChordType.MINOR	1	2	2	KeyMode.MINOR	1/8
1	7	ChordType.MINOR	1	2	2	KeyMode.MINOR	1/8
8	8	ChordType.MAJOR	0	2	2	KeyMode.MINOR	1/8
8	8	ChordType.MAJOR	0	2	2	KeyMode.MINOR	1/8
8	8	ChordType.DIM7	2	3	9	KeyMode.MINOR	1/8
8	8	ChordType.DIM7	2	3	9	KeyMode.MINOR	1/16
8	8	ChordType.DIM7	2	3	9	KeyMode.MINOR	1/16
8	8	ChordType.DIM7	2	3	9	KeyMode.MINOR	1/16
8	8	ChordType.DIM7	2	3	9	KeyMode.MINOR	1/16
8	8	ChordType.DIM7	2	3	9	KeyMode.MINOR	1/16
8	8	ChordType.DIM7	2	3	9	KeyMode.MINOR	1/16
3	9	ChordType.MAJOR	0	2	2	KeyMode.MINOR	1/2
0	0	ChordType.MAJOR	1	-1	5	KeyMode.MINOR	1/2
0	0	ChordType.MAJOR	1	-1	5	KeyMode.MINOR	1/4
0	0	ChordType.MAJOR	1	-1	5	KeyMode.MINOR	1/4
0	0	ChordType.MAJOR	1	-1	5	KeyMode.MINOR	1
4	4	ChordType.DIM7	0	-1	5	KeyMode.MINOR	1/2
4	4	ChordType.DIM7	0	-1	5	KeyMode.MINOR	7/16
4	4	ChordType.DIM7	0	-1	5	KeyMode.MINOR	1/16
4	4	ChordType.DIM7	0	-1	5	KeyMode.MINOR	1/4
4	4	ChordType.DIM7	0	-1	5	KeyMode.MINOR	3/8
4	4	ChordType.DIM7	0	-1	5	KeyMode.MINOR	1/8
4	4	ChordType.DIM7	0	-1	5	KeyMode.MINOR	1/8
4	4	ChordType.DIM7	0	-1	5	KeyMode.MINOR	1/8
4	4	ChordType.DIM7	0	-1	5	KeyMode.MINOR	3/8
4	4	ChordType.DIM7	0	-1	5	KeyMode.MINOR	1/8
4	4	ChordType.DIM7	0	-1	5	KeyMode.MINOR	1/4
4	4	ChordType.DIM7	0	-1	5	KeyMode.MINOR	1/8
4	4	ChordType.DIM7	0	-1	5	KeyMode.MINOR	1/8
-1	5	ChordType.MINOR	0	-1	5	KeyMode.MINOR	1
7	1	ChordType.MAJOR	1	6	6	KeyMode.MINOR	1/2
7	1	ChordType.MAJOR	1	6	6	KeyMode.MINOR	1/2
7	1	ChordType.MAJOR	1	6	6	KeyMode.MINOR	1/2
7	1	ChordType.MAJOR	1	6	6	KeyMode.MINOR	1/2
6	6	ChordType.MINOR	0	6	6	KeyMode.MINOR	1/12
6	6	ChordType.MINOR	0	6	6	KeyMode.MINOR	1/12
6	6	ChordType.MINOR	0	6	6	KeyMode.MINOR	1/12
6	6	ChordType.MINOR	0	6	6	KeyMode.MINOR	1/12
6	6	ChordType.MINOR	0	6	6	KeyMode.MINOR	1/12
6	6	ChordType.MINOR	0	6	6	KeyMode.MINOR	1/12
6	6	ChordType.MINOR	0	6	6	KeyMode.MINOR	1/12
6	6	ChordType.MINOR	0	6	6	KeyMode.MINOR	1/12
6	6	ChordType.MINOR	0	6	6	KeyMode.MINOR	1/12
6	6	ChordType.MINOR	0	6	6	KeyMode.MINOR	1/24
6	6	ChordType.MINOR	0	6	6	KeyMode.MINOR	1/24
6	6	ChordType.MINOR	0	6	6	KeyMode.MINOR	1/24
6	6	ChordType.MINOR	0	6	6	KeyMode.MINOR	1/24
6	6	ChordType.MINOR	0	6	6	KeyMode.MINOR	1/24
6	6	ChordType.MINOR	0	6	6	KeyMode.MINOR	1/24
6	6	ChordType.MINOR	0	6	6	KeyMode.MINOR	1/12
6	6	ChordType.MINOR	0	6	6	KeyMode.MINOR	1/12
6	6	ChordType.MINOR	0	6	6	KeyMode.MINOR	1/12
6	6	ChordType.MINOR	0	6	6	KeyMode.MINOR	1/12
6	6	ChordType.MINOR	0	6	6	KeyMode.MINOR	1/12
6	6	ChordType.MINOR	0	6	6	KeyMode.MINOR	1/12
6	6	ChordType.MINOR	0	6	6	KeyMode.MINOR	1/12
6	6	ChordType.MINOR	0	6	6	KeyMode.MINOR	1/12
6	6	ChordType.MINOR	0	6	6	KeyMode.MINOR	1/12
6	6	ChordType.MINOR	0	6	6	KeyMode.MINOR	1/16
6	6	ChordType.MINOR	0	6	6	KeyMode.MINOR	1/16
6	6	ChordType.MINOR	0	6	6	KeyMode.MINOR	1/16
6	6	ChordType.MINOR	0	6	6	KeyMode.MINOR	1/16
2	2	ChordType.MAJOR	1	1	7	KeyMode.MINOR	1/2
2	2	ChordType.MAJOR	1	1	7	KeyMode.MINOR	1/2
2	2	ChordType.MAJOR	1	1	7	KeyMode.MINOR	1/2
2	2	ChordType.MAJOR	1	1	7	KeyMode.MINOR	1/2
1	7	ChordType.MINOR	0	1	7	KeyMode.MINOR	1/12
1	7	ChordType.MINOR	0	1	7	KeyMode.MINOR	1/12
1	7	ChordType.MINOR	0	1	7	KeyMode.MINOR	1/12
1	7	ChordType.MINOR	0	1	7	KeyMode.MINOR	1/12
1	7	ChordType.MINOR	0	1	7	KeyMode.MINOR	1/12
1	7	ChordType.MINOR	0	1	7	KeyMode.MINOR	1/12
1	7	ChordType.MINOR	0	1	7	KeyMode.MINOR	1/12
1	7	ChordType.MINOR	0	1	7	KeyMode.MINOR	1/12
1	7	ChordType.MINOR	0	1	7	KeyMode.MINOR	1/12
1	7	ChordType.MINOR	0	1	7	KeyMode.MINOR	1/24
1	7	ChordType.MINOR	0	1	7	KeyMode.MINOR	1/24
1	7	ChordType.MINOR	0	1	7	KeyMode.MINOR	1/24
1	7	ChordType.MINOR	0	1	7	KeyMode.MINOR	1/24
1	7	ChordType.MINOR	0	1	7	KeyMode.MINOR	1/24
1	7	ChordType.MINOR	0	1	7	KeyMode.MINOR	1/24
1	7	ChordType.MINOR	0	1	7	KeyMode.MINOR	1/12
1	7	ChordType.MINOR	0	1	7	KeyMode.MINOR	1/12
1	7	ChordType.MINOR	0	1	7	KeyMode.MINOR	1/12
1	7	ChordType.MINOR	0	1	7	KeyMode.MINOR	1/12
1	7	ChordType.MINOR	0	1	7	KeyMode.MINOR	1/12
1	7	ChordType.MINOR	0	1	7	KeyMode.MINOR	1/12
1	7	ChordType.MINOR	0	1	7	KeyMode.MINOR	1/12
1	7	ChordType.MINOR	0	1	7	KeyMode.MINOR	1/12
1	7	ChordType.MINOR	0	1	7	KeyMode.MINOR	1/12
1	7	ChordType.MINOR	0	1	7	KeyMode.MINOR	1/16
1	7	ChordType.MINOR	0	1	7	KeyMode.MINOR	1/16
1	7	ChordType.MINOR	0	1	7	KeyMode.MINOR	1/16
1	7	ChordType.MINOR	0	1	7	KeyMode.MINOR	1/16
7	1	ChordType.DIM7	2	2	2	KeyMode.MINOR	1/2
7	1	ChordType.DIM7	2	2	2	KeyMode.MINOR	1/2
7	1	ChordType.DIM7	2	2	2	KeyMode.MINOR	1/2
7	1	ChordType.DIM7	2	2	2	KeyMode.MINOR	1/2
8	8	ChordType.DIM7	0	3	9	KeyMode.MINOR	1/12
8	8	ChordType.DIM7	0	3	9	KeyMode.MINOR	1/12
8	8	ChordType.DIM7	0	3	9	KeyMode.MINOR	1/12
8	8	ChordType.DIM7	0	3	9	KeyMode.MINOR	1/12
8	8	ChordType.DIM7	0	3	9	KeyMode.MINOR	1/12
8	8	ChordType.DIM7	0	3	9	KeyMode.MINOR	1/12
8	8	ChordType.DIM7	0	3	9	KeyMode.MINOR	1/12
8	8	ChordType.DIM7	0	3	9	KeyMode.MINOR	1/12
8	8	ChordType.DIM7	0	3	9	KeyMode.MINOR	1/12
8	8	ChordType.DIM7	0	3	9	KeyMode.MINOR	1/12
8	8	ChordType.DIM7	0	3	9	KeyMode.MINOR	1/12
8	8	ChordType.DIM7	0	3	9	KeyMode.MINOR	1/12
8	8	ChordType.DIM7	0	3	9	KeyMode.MINOR	1/12
8	8	ChordType.DIM7	0	3	9	KeyMode.MINOR	1/12
8	8	ChordType.DIM7	0	3	9	KeyMode.MINOR	1/12
8	8	ChordType.DIM7	0	3	9	KeyMode.MINOR	1/12
8	8	ChordType.DIM7	0	3	9	KeyMode.MINOR	1/12
8	8	ChordType.DIM7	0	3	9	KeyMode.MINOR	1/12
8	8	ChordType.DIM7	0	3	9	KeyMode.MINOR	1/4
8	8	ChordType.DIM7	0	3	9	KeyMode.MINOR	1/4
3	9	ChordType.MAJ_MIN7	0	2	2	KeyMode.MINOR	1/8
3	9	ChordType.MAJ_MIN7	0	2	2	KeyMode.MINOR	1/8
3	9	ChordType.MAJ_MIN7	0	2	2	KeyMode.MINOR	1/8
3	9	ChordType.MAJ_MIN7	0	2	2	KeyMode.MINOR	1/8
3	9	ChordType.MAJ_MIN7	0	2	2	KeyMode.MINOR	1/8
3	9	ChordType.MAJ_MIN7	0	2	2	KeyMode.MINOR	1/8
3	9	ChordType.MAJ_MIN7	0	2	2	KeyMode.MINOR	1/8
3	9	ChordType.MAJ_MIN7	0	2	2	KeyMode.MINOR	1/8
3	9	ChordType.MAJ_MIN7	0	2	2	KeyMode.MINOR	1/8
3	9	ChordType.MAJ_MIN7	0	2	2	KeyMode.MINOR	1/8
3	9	ChordType.MAJ_MIN7	0	2	2	KeyMode.MINOR	1/8
3	9	ChordType.MAJ_MIN7	0	2	2	KeyMode.MINOR	1/8
3	9	ChordType.MAJ_MIN7	0	2	2	KeyMode.MINOR	1/8
3	9	ChordType.MAJ_MIN7	0	2	2	KeyMode.MINOR	1/8
3	9	ChordType.MAJ_MIN7	0	2	2	KeyMode.MINOR	1/8
3	9	ChordType.MAJ_MIN7	0	2	2	KeyMode.MINOR	1/8
3	9	ChordType.MAJ_MIN7	0	2	2	KeyMode.MINOR	1/8
3	9	ChordType.MAJ_MIN7	0	2	2	KeyMode.MINOR	1/8
3	9	ChordType.MAJ_MIN7	0	2	2	KeyMode.MINOR	1/8
3	9	ChordType.MAJ_MIN7	0	2	2	KeyMode.MINOR	1/8
3	9	ChordType.MAJ_MIN7	0	2	2	KeyMode.MINOR	1/8
3	9	ChordType.MAJ_MIN7	0	2	2	KeyMode.MINOR	1/8
3	9	ChordType.MAJ_MIN7	0	2	2	KeyMode.MINOR	1/8
3	9	ChordType.MAJ_MIN7	0	2	2	KeyMode.MINOR	1/8
3	9	ChordType.MAJ_MIN7	0	2	2	KeyMode.MINOR	1/8
3	9	ChordType.MAJ_MIN7	0	2	2	KeyMode.MINOR	1/8
3	9	ChordType.MAJ_MIN7	0	2	2	KeyMode.MINOR	1/8
3	9	ChordType.MAJ_MIN7	0	2	2	KeyMode.MINOR	1/8
3	9	ChordType.MAJ_MIN7	0	2	2	KeyMode.MINOR	1/8
3	9	ChordType.MAJ_MIN7	0	2	2	KeyMode.MINOR	1/8
3	9	ChordType.MAJ_MIN7	0	2	2	KeyMode.MINOR	1/8
3	9	ChordType.MAJ_MIN7	0	2	2	KeyMode.MINOR	1/8
2	2	ChordType.MINOR	2	2	2	KeyMode.MINOR	1/8
2	2	ChordType.MINOR	2	2	2	KeyMode.MINOR	1/8
2	2	ChordType.MINOR	2	2	2	KeyMode.MINOR	1/8
2	2	ChordType.MINOR	2	2	2	KeyMode.MINOR	1/8
2	2	ChordType.MINOR	2	2	2	KeyMode.MINOR	1/8
2	2	ChordType.MINOR	2	2	2	KeyMode.MINOR	1/8
2	2	ChordType.MINOR	2	2	2	KeyMode.MINOR	1/8
2	2	ChordType.MINOR	2	2	2	KeyMode.MINOR	1/8
2	2	ChordType.MINOR	2	2	2	KeyMode.MINOR	1/8
2	2	ChordType.MINOR	2	2	2	KeyMode.MINOR	1/8
2	2	ChordType.MINOR	2	2	2	KeyMode.MINOR	1/8
2	2	ChordType.MINOR	2	2	2	KeyMode.MINOR	1/8
2	2	ChordType.MINOR	2	2	2	KeyMode.MINOR	1/8
2	2	ChordType.MINOR	2	2	2	KeyMode.MINOR	1/8
2	2	ChordType.MINOR	2	2	2	KeyMode.MINOR	1/8
2	2	ChordType.MINOR	2	2	2	KeyMode.MINOR	1/8
2	2	ChordType.MINOR	2	2	2	KeyMode.MINOR	1/8
2	2	ChordType.MINOR	2	2	2	KeyMode.MINOR	1/8
2	2	ChordType.MINOR	2	2	2	KeyMode.MINOR	1/8
2	2	ChordType.MINOR	2	2	2	KeyMode.MINOR	1/8
2	2	ChordType.MINOR	2	2	2	KeyMode.MINOR	1/8
2	2	ChordType.MINOR	2	2	2	KeyMode.MINOR	1/8
2	2	ChordType.MINOR	2	2	2	KeyMode.MINOR	1/8
2	2	ChordType.MINOR	2	2	2	KeyMode.MINOR	1/8
2	2	ChordType.MINOR	2	2	2	KeyMode.MINOR	1/8
2	2	ChordType.MINOR	2	2	2	KeyMode.MINOR	1/8
2	2	ChordType.MINOR	2	2	2	KeyMode.MINOR	1/8
2	2	ChordType.MINOR	2	2	2	KeyMode.MINOR	1/8
2	2	ChordType.MINOR	2	2	2	KeyMode.MINOR	1/8
2	2	ChordType.MINOR	2	2	2	KeyMode.MINOR	1/8
2	2	ChordType.MINOR	2	2	2	KeyMode.MINOR	1/8
2	2	ChordType.MINOR	2	2	2	KeyMode.MINOR	1/8
3	9	ChordType.MAJ_MIN7	0	2	2	KeyMode.MINOR	1/8
3	9	ChordType.MAJ_MIN7	0	2	2	KeyMode.MINOR	1/8
3	9	ChordType.MAJ_MIN7	0	2	2	KeyMode.MINOR	1/8
3	9	ChordType.MAJ_MIN7	0	2	2	KeyMode.MINOR	1/8
3	9	ChordType.MAJ_MIN7	0	2	2	KeyMode.MINOR	1/8
3	9	ChordType.MAJ_MIN7	0	2	2	KeyMode.MINOR	1/8
3	9	ChordType.MAJ_MIN7	0	2	2	KeyMode.MINOR	1/8
3	9	ChordType.MAJ_MIN7	0	2	2	KeyMode.MINOR	1/8
3	9	ChordType.MAJ_MIN7	0	2	2	KeyMode.MINOR	1/8
3	9	ChordType.MAJ_MIN7	0	2	2	KeyMode.MINOR	1/8
3	9	ChordType.MAJ_MIN7	0	2	2	KeyMode.MINOR	1/8
3	9	ChordType.MAJ_MIN7	0	2	2	KeyMode.MINOR	1/8
3	9	ChordType.MAJ_MIN7	0	2	2	KeyMode.MINOR	1/8
3	9	ChordType.MAJ_MIN7	0	2	2	KeyMode.MINOR	1/8
3	9	ChordType.MAJ_MIN7	0	2	2	KeyMode.MINOR	1/8
3	9	ChordType.MAJ_MIN7	0	2	2	KeyMode.MINOR	1/8
3	9	ChordType.MAJ_MIN7	0	2	2	KeyMode.MINOR	1/8
3	9	ChordType.MAJ_MIN7	0	2	2	KeyMode.MINOR	1/8
3	9	ChordType.MAJ_MIN7	0	2	2	KeyMode.MINOR	1/8
3	9	ChordType.MAJ_MIN7	0	2	2	KeyMode.MINOR	1/8
3	9	ChordType.MAJ_MIN7	0	2	2	KeyMode.MINOR	1/8
3	9	ChordType.MAJ_MIN7	0	2	2	KeyMode.MINOR	1/8
3	9	ChordType.MAJ_MIN7	0	2	2	KeyMode.MINOR	1/8
3	9	ChordType.MAJ_MIN7	0	2	2	KeyMode.MINOR	1/8
3	9	ChordType.MAJ_MIN7	0	2	2	KeyMode.MINOR	1/8
3	9	ChordType.MAJ_MIN7	0	2	2	KeyMode.MINOR	1/8
3	9	ChordType.MAJ_MIN7	0	2	2	KeyMode.MINOR	1/8
3	9	ChordType.MAJ_MIN7	0	2	2	KeyMode.MINOR	1/8
3	9	ChordType.MAJ_MIN7	0	2	2	KeyMode.MINOR	1/8
3	9	ChordType.MAJ_MIN7	0	2	2	KeyMode.MINOR	1/8
3	9	ChordType.MAJ_MIN7	0	2	2	KeyMode.MINOR	1/8
3	9	ChordType.MAJ_MIN7	0	2	2	KeyMode.MINOR	1/8
3	9	ChordType.MAJ_MIN7	0	2	2	KeyMode.MINOR	1/8
3	9	ChordType.MAJ_MIN7	0	2	2	KeyMode.MINOR	1/8
3	9	ChordType.MAJ_MIN7	0	2	2	KeyMode.MINOR	1/8
3	9	ChordType.MAJ_MIN7	0	2	2	KeyMode.MINOR	1/8
3	9	ChordType.MAJ_MIN7	0	2	2	KeyMode.MINOR	1/8
3	9	ChordType.MAJ_MIN7	0	2	2	KeyMode.MINOR	1/8
3	9	ChordType.MAJ_MIN7	0	2	2	KeyMode.MINOR	1/8
3	9	ChordType.MAJ_MIN7	0	2	2	KeyMode.MINOR	1/8
3	9	ChordType.MAJ_MIN7	0	2	2	KeyMode.MINOR	1/8
3	9	ChordType.MAJ_MIN7	0	2	2	KeyMode.MINOR	1/8
3	9	ChordType.MAJ_MIN7	0	2	2	KeyMode.MINOR	1/8
3	9	ChordType.MAJ_MIN7	0	2	2	KeyMode.MINOR	1/8
3	9	ChordType.MAJ_MIN7	0	2	2	KeyMode.MINOR	1/8
3	9	ChordType.MAJ_MIN7	0	2	2	KeyMode.MINOR	1/8
3	9	ChordType.MAJ_MIN7	0	2	2	KeyMode.MINOR	1/8
3	9	ChordType.MAJ_MIN7	0	2	2	KeyMode.MINOR	1/8
2	2	ChordType.MINOR	1	2	2	KeyMode.MINOR	1/4
2	2	ChordType.MINOR	1	2	2	KeyMode.MINOR	1/4
-3	3	ChordType.MAJOR	1	2	2	KeyMode.MINOR	1/2
-3	3	ChordType.MAJOR	1	2	2	KeyMode.MINOR	1/2
-3	3	ChordType.MAJOR	1	2	2	KeyMode.MINOR	1/4
-3	3	ChordType.MAJOR	1	2	2	KeyMode.MINOR	1/4
2	2	ChordType.MINOR	1	2	2	KeyMode.MINOR	1/4
2	2	ChordType.MINOR	1	2	2	KeyMode.MINOR	1/4
-3	3	ChordType.MAJOR	1	2	2	KeyMode.MINOR	1/2
-3	3	ChordType.MAJOR	1	2	2	KeyMode.MINOR	1/2
-3	3	ChordType.MAJOR	1	2	2	KeyMode.MINOR	1/4
-3	3	ChordType.MAJOR	1	2	2	KeyMode.MINOR	1/4
2	2	ChordType.MINOR	1	2	2	KeyMode.MINOR	1/4
2	2	ChordType.MINOR	1	2	2	KeyMode.MINOR	1/4
-3	3	ChordType.MAJOR	1	2	2	KeyMode.MINOR	1/2
-3	3	ChordType.MAJOR	1	2	2	KeyMode.MINOR	1/4
4	4	ChordType.MAJOR	1	3	9	KeyMode.MINOR	1/4
2	2	ChordType.MINOR	2	2	2	KeyMode.MINOR	1/2
2	2	ChordType.MINOR	2	2	2	KeyMode.MINOR	1/4
2	2	ChordType.MAJOR	2	1	7	KeyMode.MINOR	1/4
1	7	ChordType.MINOR	1	2	2	KeyMode.MINOR	1/4
2	2	ChordType.MAJOR	1	1	7	KeyMode.MINOR	1/4
1	7	ChordType.MINOR	0	2	2	KeyMode.MINOR	1/4
-3	3	ChordType.MAJOR	1	2	2	KeyMode.MINOR	1/4
2	2	ChordType.MINOR	2	2	2	KeyMode.MINOR	1/4
3	9	ChordType.MAJOR	0	2	2	KeyMode.MINOR	1/4
2	2	ChordType.MINOR	0	2	2	KeyMode.MINOR	1/4
2	2	ChordType.MINOR	0	2	2	KeyMode.MINOR	1/4
-3	3	ChordType.MAJOR	0	2	2	KeyMode.MINOR	1/4
-3	3	ChordType.MAJOR	0	2	2	KeyMode.MINOR	1/4
-3	3	ChordType.MAJOR	0	2	2	KeyMode.MINOR	1/4
-3	3	ChordType.MAJOR	0	2	2	KeyMode.MINOR	1/4
-3	3	ChordType.MAJOR	0	2	2	KeyMode.MINOR	1/4
-3	3	ChordType.MAJOR	0	2	2	KeyMode.MINOR	1/4
2	2	ChordType.MAJOR	0	1	7	KeyMode.MINOR	1/4
2	2	ChordType.MAJOR	0	1	7	KeyMode.MINOR	1/4
-3	3	ChordType.MAJOR	0	2	2	KeyMode.MINOR	1/4
-3	3	ChordType.MAJOR	0	2	2	KeyMode.MINOR	1/4
-3	3	ChordType.MAJOR	0	2	2	KeyMode.MINOR	1/4
-3	3	ChordType.MAJOR	0	2	2	KeyMode.MINOR	1/4
-3	3	ChordType.MAJOR	0	2	2	KeyMode.MINOR	1/4
-3	3	ChordType.MAJOR	0	2	2	KeyMode.MINOR	1/4
2	2	ChordType.MAJOR	0	1	7	KeyMode.MINOR	1/4
2	2	ChordType.MAJOR	0	1	7	KeyMode.MINOR	1/4
-3	3	ChordType.MAJOR	0	2	2	KeyMode.MINOR	1/4
-3	3	ChordType.MAJOR	0	2	2	KeyMode.MINOR	1/4
-3	3	ChordType.MAJOR	0	2	2	KeyMode.MINOR	1/4
-3	3	ChordType.MAJOR	0	2	2	KeyMode.MINOR	1/4
-3	3	ChordType.MAJOR	0	2	2	KeyMode.MINOR	1/4
-3	3	ChordType.MAJOR	0	2	2	KeyMode.MINOR	1/4
0	0	ChordType.MAJ_MIN7	0	-1	5	KeyMode.MAJOR	1/8
0	0	ChordType.MAJ_MIN7	0	-1	5	KeyMode.MAJOR	1/8
0	0	ChordType.MAJ_MIN7	0	-1	5	KeyMode.MAJOR	1/8
0	0	ChordType.MAJ_MIN7	0	-1	5	KeyMode.MAJOR	1/8
0	0	ChordType.MAJ_MIN7	0	-1	5	KeyMode.MAJOR	1/8
0	0	ChordType.MAJ_MIN7	0	-1	5	KeyMode.MAJOR	1/8
0	0	ChordType.MAJ_MIN7	0	-1	5	KeyMode.MAJOR	1/8
0	0	ChordType.MAJ_MIN7	0	-1	5	KeyMode.MAJOR	1/8
-1	5	ChordType.MAJOR	0	2	2	KeyMode.MINOR	1/8
-1	5	ChordType.MAJOR	0	2	2	KeyMode.MINOR	1/8
-1	5	ChordType.MAJOR	0	2	2	KeyMode.MINOR	1/8
-1	5	ChordType.MAJOR	0	2	2	KeyMode.MINOR	1/8
-1	5	ChordType.MAJOR	0	2	2	KeyMode.MINOR	1/8
-1	5	ChordType.MAJOR	0	2	2	KeyMode.MINOR	1/8
-1	5	ChordType.MAJOR	0	2	2	KeyMode.MINOR	1/8
-1	5	ChordType.MAJOR	0	2	2	KeyMode.MINOR	1/8
3	9	ChordType.MAJ_MIN7	0	2	2	KeyMode.MINOR	1/8
3	9	ChordType.MAJ_MIN7	0	2	2	KeyMode.MINOR	1/8
3	9	ChordType.MAJ_MIN7	0	2	2	KeyMode.MINOR	1/8
3	9	ChordType.MAJ_MIN7	0	2	2	KeyMode.MINOR	1/8
3	9	ChordType.MAJ_MIN7	0	2	2	KeyMode.MINOR	1/8
3	9	ChordType.MAJ_MIN7	0	2	2	KeyMode.MINOR	1/8
3	9	ChordType.MAJ_MIN7	0	2	2	KeyMode.MINOR	1/8
3	9	ChordType.MAJ_MIN7	0	2	2	KeyMode.MINOR	1/8
2	2	ChordType.MINOR	0	2	2	KeyMode.MINOR	1/8
2	2	ChordType.MINOR	0	2	2	KeyMode.MINOR	1/8
2	2	ChordType.MINOR	0	2	2	KeyMode.MINOR	1/8
2	2	ChordType.MINOR	0	2	2	KeyMode.MINOR	1/8
2	2	ChordType.MINOR	0	2	2	KeyMode.MINOR	1/8
2	2	ChordType.MINOR	0	2	2	KeyMode.MINOR	1/8
2	2	ChordType.MINOR	0	2	2	KeyMode.MINOR	1/8
2	2	ChordType.MINOR	0	2	2	KeyMode.MINOR	1/8
4	4	ChordType.HALF_DIM7	1	-1	5	KeyMode.MAJOR	1/8
4	4	ChordType.HALF_DIM7	1	-1	5	KeyMode.MAJOR	1/8
4	4	ChordType.HALF_DIM7	1	-1	5	KeyMode.MAJOR	1/8
4	4	ChordType.HALF_DIM7	1	-1	5	KeyMode.MAJOR	1/8
4	4	ChordType.HALF_DIM7	1	-1	5	KeyMode.MAJOR	1/8
4	4	ChordType.HALF_DIM7	1	-1	5	KeyMode.MAJOR	1/8
4	4	ChordType.HALF_DIM7	1	-1	5	KeyMode.MAJOR	1/8
4	4	ChordType.HALF_DIM7	1	-1	5	KeyMode.MAJOR	1/8
3	9	ChordType.MAJOR	0	2	2	KeyMode.MINOR	1/8
3	9	ChordType.MAJOR	0	2	2	KeyMode.MINOR	1/8
3	9	ChordType.MAJOR	0	2	2	KeyMode.MINOR	1/8
3	9	ChordType.MAJOR	0	2	2	KeyMode.MINOR	1/8
3	9	ChordType.MAJOR	0	2	2	KeyMode.MINOR	1/8
3	9	ChordType.MAJOR	0	2	2	KeyMode.MINOR	1/8
3	9	ChordType.MAJOR	0	2	2	KeyMode.MINOR	1/8
3	9	ChordType.MAJOR	0	2	2	KeyMode.MINOR	1/8
2	2	ChordType.MINOR	2	2	2	KeyMode.MINOR	1/8
2	2	ChordType.MINOR	2	2	2	KeyMode.MINOR	1/8
2	2	ChordType.MINOR	2	2	2	KeyMode.MINOR	1/8
2	2	ChordType.MINOR	2	2	2	KeyMode.MINOR	1/8
3	9	ChordType.MAJ_MIN7	0	2	2	KeyMode.MINOR	1/8
3	9	ChordType.MAJ_MIN7	0	2	2	KeyMode.MINOR	1/8
3	9	ChordType.MAJ_MIN7	0	2	2	KeyMode.MINOR	1/8
3	9	ChordType.MAJ_MIN7	0	2	2	KeyMode.MINOR	1/8
2	2	ChordType.MINOR	2	2	2	KeyMode.MINOR	1/8
2	2	ChordType.MINOR	2	2	2	KeyMode.MINOR	1/8
2	2	ChordType.MINOR	2	2	2	KeyMode.MINOR	1/8
2	2	ChordType.MINOR	2	2	2	KeyMode.MINOR	1/8
3	9	ChordType.MAJOR	0	2	2	KeyMode.MINOR	1/8
3	9	ChordType.MAJOR	0	2	2	KeyMode.MINOR	1/8
3	9	ChordType.MAJOR	0	2	2	KeyMode.MINOR	1/8
3	9	ChordType.MAJOR	0	2	2	KeyMode.MINOR	1/8
2	2	ChordType.MINOR	1	2	2	KeyMode.MINOR	1/8
2	2	ChordType.MINOR	1	2	2	KeyMode.MINOR	1/8
2	2	ChordType.MINOR	1	2	2	KeyMode.MINOR	1/8
2	2	ChordType.MINOR	1	2	2	KeyMode.MINOR	1/8
3	9	ChordType.MAJ_MIN7	0	2	2	KeyMode.MINOR	1/8
3	9	ChordType.MAJ_MIN7	0	2	2	KeyMode.MINOR	1/8
3	9	ChordType.MAJ_MIN7	0	2	2	KeyMode.MINOR	1/8
3	9	ChordType.MAJ_MIN7	0	2	2	KeyMode.MINOR	1/8
2	2	ChordType.MINOR	2	2	2	KeyMode.MINOR	1/8
2	2	ChordType.MINOR	2	2	2	KeyMode.MINOR	1/8
2	2	ChordType.MINOR	2	2	2	KeyMode.MINOR	1/8
2	2	ChordType.MINOR	2	2	2	KeyMode.MINOR	1/8
3	9	ChordType.MAJOR	0	2	2	KeyMode.MINOR	1/8
3	9	ChordType.MAJOR	0	2	2	KeyMode.MINOR	1/8
3	9	ChordType.MAJOR	0	2	2	KeyMode.MINOR	1/8
3	9	ChordType.MAJOR	0	2	2	KeyMode.MINOR	1/8
2	2	ChordType.MINOR	2	2	2	KeyMode.MINOR	1/8
2	2	ChordType.MINOR	2	2	2	KeyMode.MINOR	1/8
2	2	ChordType.MINOR	2	2	2	KeyMode.MINOR	1/8
2	2	ChordType.MINOR	2	2	2	KeyMode.MINOR	1/8
3	9	ChordType.MAJ_MIN7	0	2	2	KeyMode.MINOR	1/8
3	9	ChordType.MAJ_MIN7	0	2	2	KeyMode.MINOR	1/8
3	9	ChordType.MAJ_MIN7	0	2	2	KeyMode.MINOR	1/8
3	9	ChordType.MAJ_MIN7	0	2	2	KeyMode.MINOR	1/8
2	2	ChordType.MINOR	2	2	2	KeyMode.MINOR	1/8
2	2	ChordType.MINOR	2	2	2	KeyMode.MINOR	1/8
2	2	ChordType.MINOR	2	2	2	KeyMode.MINOR	1/8
2	2	ChordType.MINOR	2	2	2	KeyMode.MINOR	1/8
3	9	ChordType.MAJOR	0	2	2	KeyMode.MINOR	1/8
3	9	ChordType.MAJOR	0	2	2	KeyMode.MINOR	1/8
3	9	ChordType.MAJOR	0	2	2	KeyMode.MINOR	1/8
3	9	ChordType.MAJOR	0	2	2	KeyMode.MINOR	1/8
2	2	ChordType.MINOR	1	2	2	KeyMode.MINOR	1/8
2	2	ChordType.MINOR	1	2	2	KeyMode.MINOR	1/8
2	2	ChordType.MINOR	1	2	2	KeyMode.MINOR	1/8
2	2	ChordType.MINOR	1	2	2	KeyMode.MINOR	1/8
3	9	ChordType.MAJ_MIN7	0	2	2	KeyMode.MINOR	1/8
3	9	ChordType.MAJ_MIN7	0	2	2	KeyMode.MINOR	1/8
3	9	ChordType.MAJ_MIN7	0	2	2	KeyMode.MINOR	1/8
3	9	ChordType.MAJ_MIN7	0	2	2	KeyMode.MINOR	1/8
2	2	ChordType.MINOR	2	2	2	KeyMode.MINOR	1/8
2	2	ChordType.MINOR	2	2	2	KeyMode.MINOR	1/8
2	2	ChordType.MINOR	2	2	2	KeyMode.MINOR	1/8
2	2	ChordType.MINOR	2	2	2	KeyMode.MINOR	1/8
3	9	ChordType.MAJOR	0	2	2	KeyMode.MINOR	1/8
3	9	ChordType.MAJOR	0	2	2	KeyMode.MINOR	1/8
3	9	ChordType.MAJOR	0	2	2	KeyMode.MINOR	1/8
3	9	ChordType.MAJOR	0	2	2	KeyMode.MINOR	1/8
2	2	ChordType.MINOR	2	2	2	KeyMode.MINOR	1/8
2	2	ChordType.MINOR	2	2	2	KeyMode.MINOR	1/8
2	2	ChordType.MINOR	2	2	2	KeyMode.MINOR	1/8
2	2	ChordType.MINOR	2	2	2	KeyMode.MINOR	1/8
3	9	ChordType.MAJ_MIN7	0	2	2	KeyMode.MINOR	1/8
3	9	ChordType.MAJ_MIN7	0	2	2	KeyMode.MINOR	1/8
3	9	ChordType.MAJ_MIN7	0	2	2	KeyMode.MINOR	1/8
3	9	ChordType.MAJ_MIN7	0	2	2	KeyMode.MINOR	1/8
2	2	ChordType.MINOR	2	2	2	KeyMode.MINOR	1/8
2	2	ChordType.MINOR	2	2	2	KeyMode.MINOR	1/8
2	2	ChordType.MINOR	2	2	2	KeyMode.MINOR	1/8
2	2	ChordType.MINOR	2	2	2	KeyMode.MINOR	1/8
3	9	ChordType.MAJOR	0	2	2	KeyMode.MINOR	1/8
3	9	ChordType.MAJOR	0	2	2	KeyMode.MINOR	1/8
3	9	ChordType.MAJOR	0	2	2	KeyMode.MINOR	1/8
3	9	ChordType.MAJOR	0	2	2	KeyMode.MINOR	1/8
2	2	ChordType.MINOR	0	2	2	KeyMode.MINOR	1/8
2	2	ChordType.MINOR	0	2	2	KeyMode.MINOR	1/8
2	2	ChordType.MINOR	0	2	2	KeyMode.MINOR	1/8
2	2	ChordType.MINOR	0	2	2	KeyMode.MINOR	1/8
3	9	ChordType.MAJOR	0	2	2	KeyMode.MINOR	1/8
3	9	ChordType.MAJOR	0	2	2	KeyMode.MINOR	1/8
3	9	ChordType.MAJOR	0	2	2	KeyMode.MINOR	1/8
3	9	ChordType.MAJOR	0	2	2	KeyMode.MINOR	1/8
2	2	ChordType.MINOR	0	2	2	KeyMode.MINOR	1/8
2	2	ChordType.MINOR	0	2	2	KeyMode.MINOR	1/8
2	2	ChordType.MINOR	0	2	2	KeyMode.MINOR	1/8
2	2	ChordType.MINOR	0	2	2	KeyMode.MINOR	1/8
3	9	ChordType.MAJOR	0	2	2	KeyMode.MINOR	1/8
3	9	ChordType.MAJOR	0	2	2	KeyMode.MINOR	1/8
3	9	ChordType.MAJOR	0	2	2	KeyMode.MINOR	1/8
3	9	ChordType.MAJOR	0	2	2	KeyMode.MINOR	1/8
2	2	ChordType.MINOR	0	2	2	KeyMode.MINOR	1/2
2	2	ChordType.MINOR	0	2	2	KeyMode.MINOR	1/2
2	2	ChordType.MINOR	0	2	2	KeyMode.MINOR	1/2
2	2	ChordType.MINOR	0	2	2	KeyMode.MINOR	1/2
2	2	ChordType.MINOR	0	2	2	KeyMode.MINOR	1/8
2	2	ChordType.MINOR	0	2	2	KeyMode.MINOR	1/8
2	2	ChordType.MINOR	0	2	2	KeyMode.MINOR	1/8
2	2	ChordType.MINOR	0	2	2	KeyMode.MINOR	1/8
2	2	ChordType.MINOR	0	2	2	KeyMode.MINOR	1/8
2	2	ChordType.MINOR	0	2	2	KeyMode.MINOR	1/8
2	2	ChordType.MINOR	0	2	2	KeyMode.MINOR	1/8
2	2	ChordType.MINOR	0	2	2	KeyMode.MINOR	1/8
2	2	ChordType.MINOR	0	2	2	KeyMode.MINOR	1/8
2	2	ChordType.MINOR	0	2	2	KeyMode.MINOR	1/8
2	2	ChordType.MINOR	0	2	2	KeyMode.MINOR	1/8
2	2	ChordType.MINOR	0	2	2	KeyMode.MINOR	1/8
2	2	ChordType.MINOR	0	2	2	KeyMode.MINOR	1/8
2	2	ChordType.MINOR	0	2	2	KeyMode.MINOR	1/8
2	2	ChordType.MINOR	0	2	2	KeyMode.MINOR	1/8
2	2	ChordType.MINOR	0	2	2	KeyMode.MINOR	1/8
2	2	ChordType.MINOR	0	2	2	KeyMode.MINOR	1/8
2	2	ChordType.MINOR	0	2	2	KeyMode.MINOR	1/8
2	2	ChordType.MINOR	0	2	2	KeyMode.MINOR	1/8
2	2	ChordType.MINOR	0	2	2	KeyMode.MINOR	1/8
2	2	ChordType.MINOR	0	2	2	KeyMode.MINOR	1/8
2	2	ChordType.MINOR	0	2	2	KeyMode.MINOR	1/8
2	2	ChordType.MINOR	0	2	2	KeyMode.MINOR	1/8
2	2	ChordType.MINOR	0	2	2	KeyMode.MINOR	1/8
2	2	ChordType.MINOR	0	2	2	KeyMode.MINOR	1/8
2	2	ChordType.MINOR	0	2	2	KeyMode.MINOR	1/8
2	2	ChordType.MINOR	0	2	2	KeyMode.MINOR	1/8
2	2	ChordType.MINOR	0	2	2	KeyMode.MINOR	1/8
2	2	ChordType.MINOR	0	2	2	KeyMode.MINOR	1/8
2	2	ChordType.MINOR	0	2	2	KeyMode.MINOR	1/8
2	2	ChordType.MINOR	0	2	2	KeyMode.MINOR	1/8
2	2	ChordType.MINOR	0	2	2	KeyMode.MINOR	1/8
2	2	ChordType.MINOR	0	2	2	KeyMode.MINOR	1/8
2	2	ChordType.MINOR	0	2	2	KeyMode.MINOR	1/8
2	2	ChordType.MINOR	0	2	2	KeyMode.MINOR	1/8
2	2	ChordType.MINOR	0	2	2	KeyMode.MINOR	1/8
2	2	ChordType.MINOR	0	2	2	KeyMode.MINOR	1/8
2	2	ChordType.MINOR	0	2	2	KeyMode.MINOR	1/8
2	2	ChordType.MINOR	0	2	2	KeyMode.MINOR	1/8
2	2	ChordType.MINOR	0	2	2	KeyMode.MINOR	1/8
2	2	ChordType.MINOR	0	2	2	KeyMode.MINOR	1/8
2	2	ChordType.MINOR	0	2	2	KeyMode.MINOR	1/8
2	2	ChordType.MINOR	0	2	2	KeyMode.MINOR	1/8
2	2	ChordType.MINOR	0	2	2	KeyMode.MINOR	1/8
2	2	ChordType.MINOR	0	2	2	KeyMode.MINOR	1/8
2	2	ChordType.MINOR	0	2	2	KeyMode.MINOR	1/8
2	2	ChordType.MINOR	0	2	2	KeyMode.MINOR	1/8
2	2	ChordType.MINOR	0	2	2	KeyMode.MINOR	1/8
2	2	ChordType.MINOR	0	2	2	KeyMode.MINOR	1
2	2	ChordType.MINOR	0	2	2	KeyMode.MINOR	1
2	2	ChordType.MINOR	0	2	2	KeyMode.MINOR	1
2	2	ChordType.MINOR	0	2	2	KeyMode.MINOR	1
