chord_root_tpc	chord_root_midi	chord_type	chord_inversion	chord_suspension_tpc	chord_suspension_midi	key_tonic_tpc	key_tonic_midi	key_mode	duration	mc	mn_onset	label
6	6	ChordType.MAJOR	0			6	6	KeyMode.MAJOR	1/4	1	0	F#.I[I{
6	6	ChordType.MAJOR	0			6	6	KeyMode.MAJOR	3/16	1	1/4	F#.I[I{
11	5	ChordType.DIMINISHED	2			6	6	KeyMode.MAJOR	1/16	1	7/16	viio64
11	5	ChordType.DIMINISHED	2			6	6	KeyMode.MAJOR	1/4	2	0	viio64
6	6	ChordType.MAJOR	0			6	6	KeyMode.MAJOR	1/8	2	1/4	I
6	6	ChordType.MAJ_MIN7	0			5	11	KeyMode.MAJOR	1/8	2	3/8	V7/IV
5	11	ChordType.MAJOR	1			6	6	KeyMode.MAJOR	1/4	3	0	IV6
11	5	ChordType.HALF_DIM7	0			6	6	KeyMode.MAJOR	3/16	3	1/4	vii%7
7	1	ChordType.MAJOR	1			6	6	KeyMode.MAJOR	1/16	3	7/16	V6
6	6	ChordType.MAJOR	0			6	6	KeyMode.MAJOR	1/32	4	0	I]}
6	6	ChordType.MAJOR	0			6	6	KeyMode.MAJOR	1/32	4	1/32	I]}
6	6	ChordType.MAJOR	0			6	6	KeyMode.MAJOR	1/32	4	1/16	I]}
6	6	ChordType.MAJOR	0			6	6	KeyMode.MAJOR	1/32	4	3/32	I]}
6	6	ChordType.MAJOR	0			6	6	KeyMode.MAJOR	1/8	4	1/8	I]}
6	6	ChordType.MAJOR	1			6	6	KeyMode.MAJOR	3/16	5	3/4	I6{
6	6	ChordType.MAJOR	1			6	6	KeyMode.MAJOR	1/16	5	15/16	I6{
6	6	ChordType.MAJOR	0			6	6	KeyMode.MAJOR	1/8	6	0	I[I
6	6	ChordType.MAJOR	0			6	6	KeyMode.MAJOR	1/8	6	1/8	I[I
6	6	ChordType.MAJOR	0			6	6	KeyMode.MAJOR	1/8	6	1/4	I[I
6	6	ChordType.MAJOR	0			6	6	KeyMode.MAJOR	1/8	6	3/8	I[I
7	1	ChordType.MAJ_MIN7	3			6	6	KeyMode.MAJOR	1/8	6	1/2	V2
7	1	ChordType.MAJ_MIN7	3			6	6	KeyMode.MAJOR	1/8	6	5/8	V2
6	6	ChordType.MAJOR	0			6	6	KeyMode.MAJOR	1/8	6	3/4	I]
6	6	ChordType.MAJOR	0			6	6	KeyMode.MAJOR	1/8	6	7/8	I]
7	1	ChordType.MAJ_MIN7	0			6	6	KeyMode.MAJOR	1/8	7	0	V7
7	1	ChordType.MAJ_MIN7	0			6	6	KeyMode.MAJOR	1/8	7	1/8	V7
7	1	ChordType.MAJ_MIN7	0			6	6	KeyMode.MAJOR	1/8	7	1/4	V7
7	1	ChordType.MAJ_MIN7	0			6	6	KeyMode.MAJOR	1/8	7	3/8	V7
7	1	ChordType.MAJ_MIN7	0			6	6	KeyMode.MAJOR	1/8	7	1/2	V7
7	1	ChordType.MAJ_MIN7	0			6	6	KeyMode.MAJOR	1/8	7	5/8	V7
7	1	ChordType.MAJOR	0			6	6	KeyMode.MAJOR	1/8	7	3/4	V
7	1	ChordType.MAJOR	0			6	6	KeyMode.MAJOR	1/8	7	7/8	V
6	6	ChordType.MAJOR	0			6	6	KeyMode.MAJOR	1/8	8	0	I[I
6	6	ChordType.MAJOR	0			6	6	KeyMode.MAJOR	1/8	8	1/8	I[I
5	11	ChordType.MAJOR	0			6	6	KeyMode.MAJOR	1/8	8	1/4	IV
5	11	ChordType.MAJOR	0			6	6	KeyMode.MAJOR	1/8	8	3/8	IV
6	6	ChordType.MAJOR	0			6	6	KeyMode.MAJOR	1/8	8	1/2	I
6	6	ChordType.MAJOR	0			6	6	KeyMode.MAJOR	1/8	8	5/8	I
5	11	ChordType.MAJOR	1			6	6	KeyMode.MAJOR	1/8	8	3/4	IV6
5	11	ChordType.MAJOR	1			6	6	KeyMode.MAJOR	1/8	8	7/8	IV6
7	1	ChordType.MAJOR	0			6	6	KeyMode.MAJOR	1/8	9	0	V
7	1	ChordType.MAJOR	0			6	6	KeyMode.MAJOR	1/8	9	1/8	V
5	11	ChordType.MAJOR	0			6	6	KeyMode.MAJOR	1/8	9	1/4	IV
5	11	ChordType.MAJOR	0			6	6	KeyMode.MAJOR	1/8	9	3/8	IV
6	6	ChordType.MAJOR	0			6	6	KeyMode.MAJOR	1/8	9	1/2	I]
6	6	ChordType.MAJOR	0			6	6	KeyMode.MAJOR	1/8	9	5/8	I]
6	6	ChordType.MAJOR	0			6	6	KeyMode.MAJOR	1/16	9	3/4	I]
6	6	ChordType.MAJOR	0			6	6	KeyMode.MAJOR	1/16	9	13/16	I]
6	6	ChordType.MAJOR	0			6	6	KeyMode.MAJOR	1/16	9	7/8	I]
6	6	ChordType.MAJOR	0			6	6	KeyMode.MAJOR	1/16	9	15/16	I]
7	1	ChordType.MAJ_MIN7	2			6	6	KeyMode.MAJOR	1/16	10	0	V43
7	1	ChordType.MAJ_MIN7	2			6	6	KeyMode.MAJOR	1/16	10	1/16	V43
7	1	ChordType.MAJ_MIN7	2			6	6	KeyMode.MAJOR	1/16	10	1/8	V43
7	1	ChordType.MAJ_MIN7	2			6	6	KeyMode.MAJOR	1/16	10	3/16	V43
7	1	ChordType.MAJ_MIN7	0			6	6	KeyMode.MAJOR	1/16	10	1/4	V7
7	1	ChordType.MAJ_MIN7	0			6	6	KeyMode.MAJOR	1/16	10	5/16	V7
7	1	ChordType.MAJ_MIN7	0			6	6	KeyMode.MAJOR	1/16	10	3/8	V7
7	1	ChordType.MAJ_MIN7	0			6	6	KeyMode.MAJOR	1/16	10	7/16	V7
7	1	ChordType.MAJOR	0			6	6	KeyMode.MAJOR	1/4	10	1/2	V
7	1	ChordType.MAJ_MIN7	2			6	6	KeyMode.MAJOR	1/16	10	3/4	V43
7	1	ChordType.MAJ_MIN7	2			6	6	KeyMode.MAJOR	1/16	10	13/16	V43
7	1	ChordType.MAJ_MIN7	2			6	6	KeyMode.MAJOR	1/16	10	7/8	V43
7	1	ChordType.MAJ_MIN7	2			6	6	KeyMode.MAJOR	1/16	10	15/16	V43
6	6	ChordType.MAJOR	1			6	6	KeyMode.MAJOR	1/16	11	0	I6
6	6	ChordType.MAJOR	1			6	6	KeyMode.MAJOR	1/16	11	1/16	I6
6	6	ChordType.MAJOR	1			6	6	KeyMode.MAJOR	1/16	11	1/8	I6
6	6	ChordType.MAJOR	1			6	6	KeyMode.MAJOR	1/16	11	3/16	I6
6	6	ChordType.MAJOR	1			6	6	KeyMode.MAJOR	1/16	11	1/4	I6
6	6	ChordType.MAJOR	1			6	6	KeyMode.MAJOR	1/16	11	5/16	I6
6	6	ChordType.MAJOR	1			6	6	KeyMode.MAJOR	1/16	11	3/8	I6
6	6	ChordType.MAJOR	1			6	6	KeyMode.MAJOR	1/16	11	7/16	I6
6	6	ChordType.MAJOR	1			6	6	KeyMode.MAJOR	1/4	11	1/2	I6
6	6	ChordType.MAJOR	0			6	6	KeyMode.MAJOR	1/12	11	3/4	I
6	6	ChordType.MAJOR	0			6	6	KeyMode.MAJOR	1/12	11	5/6	I
6	6	ChordType.MAJOR	0			6	6	KeyMode.MAJOR	1/12	11	11/12	I
8	8	ChordType.MINOR	1			6	6	KeyMode.MAJOR	1/12	12	0	ii6
8	8	ChordType.MINOR	1			6	6	KeyMode.MAJOR	1/12	12	1/12	ii6
8	8	ChordType.MINOR	1			6	6	KeyMode.MAJOR	1/12	12	1/6	ii6
8	8	ChordType.MINOR	1			6	6	KeyMode.MAJOR	1/12	12	1/4	ii6
8	8	ChordType.MINOR	1			6	6	KeyMode.MAJOR	1/12	12	1/3	ii6
8	8	ChordType.MINOR	1			6	6	KeyMode.MAJOR	1/12	12	5/12	ii6
7	1	ChordType.MAJOR	0			6	6	KeyMode.MAJOR	1/12	12	1/2	V
7	1	ChordType.MAJOR	0			6	6	KeyMode.MAJOR	1/12	12	7/12	V
7	1	ChordType.MAJOR	0			6	6	KeyMode.MAJOR	1/12	12	2/3	V
7	1	ChordType.MAJ_MIN7	0			6	6	KeyMode.MAJOR	1/12	12	3/4	V7
7	1	ChordType.MAJ_MIN7	0			6	6	KeyMode.MAJOR	1/12	12	5/6	V7
7	1	ChordType.MAJ_MIN7	0			6	6	KeyMode.MAJOR	1/12	12	11/12	V7
6	6	ChordType.MAJOR	0			6	6	KeyMode.MAJOR	1/4	13	0	I
7	1	ChordType.MAJOR	0			6	6	KeyMode.MAJOR	1/4	13	1/4	V
6	6	ChordType.MAJOR	0			6	6	KeyMode.MAJOR	1/2	13	1/2	I|IAC}
6	6	ChordType.MAJOR	0			6	6	KeyMode.MAJOR	1/2	14	0	I|IAC}
8	8	ChordType.MINOR	1			6	6	KeyMode.MAJOR	1/2	14	1/2	ii6
7	1	ChordType.MAJOR	0			6	6	KeyMode.MAJOR	1/4	15	0	V
6	6	ChordType.MAJOR	0			6	6	KeyMode.MAJOR	1/4	15	1/4	I
7	1	ChordType.MAJ_MIN7	0			6	6	KeyMode.MAJOR	1/2	15	1/2	V7|HC}
7	1	ChordType.MAJ_MIN7	1			6	6	KeyMode.MAJOR	1/2	16	0	V65{
7	1	ChordType.MAJ_MIN7	0			6	6	KeyMode.MAJOR	1/2	16	1/2	V7
6	6	ChordType.MAJOR	0			6	6	KeyMode.MAJOR	1/4	17	0	I|IAC}
6	6	ChordType.MAJOR	1			6	6	KeyMode.MAJOR	1/16	17	1/4	I6{
6	6	ChordType.MAJOR	1			6	6	KeyMode.MAJOR	1/16	17	5/16	I6{
6	6	ChordType.MAJOR	1			6	6	KeyMode.MAJOR	1/16	17	3/8	I6{
6	6	ChordType.MAJOR	1			6	6	KeyMode.MAJOR	1/16	17	7/16	I6{
6	6	ChordType.MAJOR	0			6	6	KeyMode.MAJOR	1/4	17	1/2	I
6	6	ChordType.MAJOR	0			6	6	KeyMode.MAJOR	1/4	17	3/4	I
11	5	ChordType.DIMINISHED	1	11:6	5:6	6	6	KeyMode.MAJOR	1/4	18	0	viio6(2)
11	5	ChordType.DIMINISHED	1			6	6	KeyMode.MAJOR	3/16	18	1/4	viio6
11	5	ChordType.DIMINISHED	1			6	6	KeyMode.MAJOR	1/16	18	7/16	viio6
11	5	ChordType.DIMINISHED	1			6	6	KeyMode.MAJOR	1/4	18	1/2	viio6
11	5	ChordType.DIMINISHED	1			6	6	KeyMode.MAJOR	1/4	18	3/4	viio6
10	10	ChordType.MAJ_MIN7	3			9	3	KeyMode.MINOR	1/16	19	0	V.V2/ii
10	10	ChordType.MAJ_MIN7	3			9	3	KeyMode.MINOR	1/16	19	1/16	V.V2/ii
10	10	ChordType.MAJ_MIN7	3			9	3	KeyMode.MINOR	1/16	19	1/8	V.V2/ii
10	10	ChordType.MAJ_MIN7	3			9	3	KeyMode.MINOR	1/16	19	3/16	V.V2/ii
10	10	ChordType.MAJ_MIN7	3			9	3	KeyMode.MINOR	1/16	19	1/4	V.V2/ii
10	10	ChordType.MAJ_MIN7	3			9	3	KeyMode.MINOR	1/16	19	5/16	V.V2/ii
10	10	ChordType.MAJ_MIN7	3			9	3	KeyMode.MINOR	1/16	19	3/8	V.V2/ii
10	10	ChordType.MAJ_MIN7	3			9	3	KeyMode.MINOR	1/16	19	7/16	V.V2/ii
10	10	ChordType.MAJ_MIN7	2			9	3	KeyMode.MINOR	1/16	19	1/2	V43/ii
10	10	ChordType.MAJ_MIN7	2			9	3	KeyMode.MINOR	1/16	19	9/16	V43/ii
10	10	ChordType.MAJ_MIN7	2			9	3	KeyMode.MINOR	1/16	19	5/8	V43/ii
10	10	ChordType.MAJ_MIN7	2			9	3	KeyMode.MINOR	1/16	19	11/16	V43/ii
10	10	ChordType.MAJ_MIN7	0			9	3	KeyMode.MINOR	1/16	19	3/4	V7/ii
10	10	ChordType.MAJ_MIN7	0			9	3	KeyMode.MINOR	1/16	19	13/16	V7/ii
10	10	ChordType.MAJ_MIN7	0			9	3	KeyMode.MINOR	1/16	19	7/8	V7/ii
10	10	ChordType.MAJ_MIN7	0			9	3	KeyMode.MINOR	1/16	19	15/16	V7/ii
10	10	ChordType.MAJOR	0	11:6;14:9	5:6;2:3	9	3	KeyMode.MINOR	1/16	20	0	V(64)/ii
10	10	ChordType.MAJOR	0	11:6;14:9	5:6;2:3	9	3	KeyMode.MINOR	1/16	20	1/16	V(64)/ii
10	10	ChordType.MAJOR	0	11:6;14:9	5:6;2:3	9	3	KeyMode.MINOR	1/16	20	1/8	V(64)/ii
10	10	ChordType.MAJOR	0	11:6;14:9	5:6;2:3	9	3	KeyMode.MINOR	1/16	20	3/16	V(64)/ii
10	10	ChordType.MAJ_MIN7	3			9	3	KeyMode.MINOR	1/16	20	1/4	V2/ii
10	10	ChordType.MAJ_MIN7	3			9	3	KeyMode.MINOR	1/16	20	5/16	V2/ii
10	10	ChordType.MAJ_MIN7	3			9	3	KeyMode.MINOR	1/16	20	3/8	V2/ii
10	10	ChordType.MAJ_MIN7	3			9	3	KeyMode.MINOR	1/16	20	7/16	V2/ii
9	3	ChordType.MINOR	1			7	1	KeyMode.MAJOR	1/16	20	1/2	ii6
9	3	ChordType.MINOR	1			7	1	KeyMode.MAJOR	1/16	20	9/16	ii6
9	3	ChordType.MINOR	1			7	1	KeyMode.MAJOR	1/16	20	5/8	ii6
9	3	ChordType.MINOR	1			7	1	KeyMode.MAJOR	1/16	20	11/16	ii6
9	3	ChordType.MINOR	1			7	1	KeyMode.MAJOR	1/16	20	3/4	ii6
9	3	ChordType.MINOR	1			7	1	KeyMode.MAJOR	1/16	20	13/16	ii6
9	3	ChordType.MINOR	1			7	1	KeyMode.MAJOR	1/16	20	7/8	ii6
9	3	ChordType.MINOR	1			7	1	KeyMode.MAJOR	1/16	20	15/16	ii6
15	9	ChordType.DIM7	3			10	10	KeyMode.MINOR	1/16	21	0	#viio2/vi
15	9	ChordType.DIM7	3			10	10	KeyMode.MINOR	1/16	21	1/16	#viio2/vi
15	9	ChordType.DIM7	3			10	10	KeyMode.MINOR	1/16	21	1/8	#viio2/vi
15	9	ChordType.DIM7	3			10	10	KeyMode.MINOR	1/16	21	3/16	#viio2/vi
8	8	ChordType.MAJ_MIN7	3			7	1	KeyMode.MAJOR	1/16	21	1/4	V2
8	8	ChordType.MAJ_MIN7	3			7	1	KeyMode.MAJOR	1/16	21	5/16	V2
8	8	ChordType.MAJ_MIN7	3			7	1	KeyMode.MAJOR	1/16	21	3/8	V2
8	8	ChordType.MAJ_MIN7	3			7	1	KeyMode.MAJOR	1/16	21	7/16	V2
15	9	ChordType.DIM7	3			10	10	KeyMode.MINOR	1/16	21	1/2	#viio2/vi
15	9	ChordType.DIM7	3			10	10	KeyMode.MINOR	1/16	21	9/16	#viio2/vi
15	9	ChordType.DIM7	3			10	10	KeyMode.MINOR	1/16	21	5/8	#viio2/vi
15	9	ChordType.DIM7	3			10	10	KeyMode.MINOR	1/16	21	11/16	#viio2/vi
8	8	ChordType.MAJ_MIN7	3			7	1	KeyMode.MAJOR	1/16	21	3/4	V2
8	8	ChordType.MAJ_MIN7	3			7	1	KeyMode.MAJOR	1/16	21	13/16	V2
8	8	ChordType.MAJ_MIN7	3			7	1	KeyMode.MAJOR	1/16	21	7/8	V2
8	8	ChordType.MAJ_MIN7	3			7	1	KeyMode.MAJOR	1/16	21	15/16	V2
15	9	ChordType.DIM7	3			10	10	KeyMode.MINOR	1/16	22	0	#viio2/vi
15	9	ChordType.DIM7	3			10	10	KeyMode.MINOR	1/16	22	1/16	#viio2/vi
15	9	ChordType.DIM7	3			10	10	KeyMode.MINOR	1/16	22	1/8	#viio2/vi
15	9	ChordType.DIM7	3			10	10	KeyMode.MINOR	1/16	22	3/16	#viio2/vi
8	8	ChordType.MAJ_MIN7	3			7	1	KeyMode.MAJOR	1/16	22	1/4	V2
8	8	ChordType.MAJ_MIN7	3			7	1	KeyMode.MAJOR	1/16	22	5/16	V2
8	8	ChordType.MAJ_MIN7	3			7	1	KeyMode.MAJOR	1/16	22	3/8	V2
8	8	ChordType.MAJ_MIN7	3			7	1	KeyMode.MAJOR	1/16	22	7/16	V2
8	8	ChordType.MAJ_MIN7	2			7	1	KeyMode.MAJOR	1/16	22	1/2	V43
8	8	ChordType.MAJ_MIN7	2			7	1	KeyMode.MAJOR	1/16	22	9/16	V43
8	8	ChordType.MAJ_MIN7	2			7	1	KeyMode.MAJOR	1/16	22	5/8	V43
8	8	ChordType.MAJ_MIN7	2			7	1	KeyMode.MAJOR	1/16	22	11/16	V43
9	3	ChordType.MINOR	1			7	1	KeyMode.MAJOR	1/16	22	3/4	ii6
9	3	ChordType.MINOR	1			7	1	KeyMode.MAJOR	1/16	22	13/16	ii6
9	3	ChordType.MINOR	1			7	1	KeyMode.MAJOR	1/16	22	7/8	ii6
9	3	ChordType.MINOR	1			7	1	KeyMode.MAJOR	1/16	22	15/16	ii6
15	9	ChordType.DIM7	3			10	10	KeyMode.MINOR	1/16	23	0	#viio2/vi
15	9	ChordType.DIM7	3			10	10	KeyMode.MINOR	1/16	23	1/16	#viio2/vi
15	9	ChordType.DIM7	3			10	10	KeyMode.MINOR	1/16	23	1/8	#viio2/vi
15	9	ChordType.DIM7	3			10	10	KeyMode.MINOR	1/16	23	3/16	#viio2/vi
8	8	ChordType.MAJ_MIN7	3			7	1	KeyMode.MAJOR	1/16	23	1/4	V2
8	8	ChordType.MAJ_MIN7	3			7	1	KeyMode.MAJOR	1/16	23	5/16	V2
8	8	ChordType.MAJ_MIN7	3			7	1	KeyMode.MAJOR	1/16	23	3/8	V2
8	8	ChordType.MAJ_MIN7	3			7	1	KeyMode.MAJOR	1/16	23	7/16	V2
15	9	ChordType.DIM7	3			10	10	KeyMode.MINOR	1/16	23	1/2	#viio2/vi
15	9	ChordType.DIM7	3			10	10	KeyMode.MINOR	1/16	23	9/16	#viio2/vi
15	9	ChordType.DIM7	3			10	10	KeyMode.MINOR	1/16	23	5/8	#viio2/vi
15	9	ChordType.DIM7	3			10	10	KeyMode.MINOR	1/16	23	11/16	#viio2/vi
8	8	ChordType.MAJ_MIN7	3			7	1	KeyMode.MAJOR	1/16	23	3/4	V2
8	8	ChordType.MAJ_MIN7	3			7	1	KeyMode.MAJOR	1/16	23	13/16	V2
8	8	ChordType.MAJ_MIN7	3			7	1	KeyMode.MAJOR	1/16	23	7/8	V2
8	8	ChordType.MAJ_MIN7	3			7	1	KeyMode.MAJOR	1/16	23	15/16	V2
15	9	ChordType.DIM7	3			10	10	KeyMode.MINOR	1/16	24	0	#viio2/vi
15	9	ChordType.DIM7	3			10	10	KeyMode.MINOR	1/16	24	1/16	#viio2/vi
15	9	ChordType.DIM7	3			10	10	KeyMode.MINOR	1/16	24	1/8	#viio2/vi
15	9	ChordType.DIM7	3			10	10	KeyMode.MINOR	1/16	24	3/16	#viio2/vi
8	8	ChordType.MAJ_MIN7	3			7	1	KeyMode.MAJOR	1/16	24	1/4	V2
8	8	ChordType.MAJ_MIN7	3			7	1	KeyMode.MAJOR	1/16	24	5/16	V2
8	8	ChordType.MAJ_MIN7	3			7	1	KeyMode.MAJOR	1/16	24	3/8	V2
8	8	ChordType.MAJ_MIN7	3			7	1	KeyMode.MAJOR	1/16	24	7/16	V2
8	8	ChordType.MAJ_MIN7	2			7	1	KeyMode.MAJOR	1/16	24	1/2	V43
8	8	ChordType.MAJ_MIN7	2			7	1	KeyMode.MAJOR	1/16	24	9/16	V43
8	8	ChordType.MAJ_MIN7	2			7	1	KeyMode.MAJOR	1/16	24	5/8	V43
8	8	ChordType.MAJ_MIN7	2			7	1	KeyMode.MAJOR	1/16	24	11/16	V43
9	3	ChordType.MINOR	1			7	1	KeyMode.MAJOR	1/16	24	3/4	ii6
9	3	ChordType.MINOR	1			7	1	KeyMode.MAJOR	1/16	24	13/16	ii6
9	3	ChordType.MINOR	1			7	1	KeyMode.MAJOR	1/16	24	7/8	ii6
9	3	ChordType.MINOR	1			7	1	KeyMode.MAJOR	1/16	24	15/16	ii6
8	8	ChordType.MAJ_MIN7	3			7	1	KeyMode.MAJOR	1/16	25	0	V2
8	8	ChordType.MAJ_MIN7	3			7	1	KeyMode.MAJOR	1/16	25	1/16	V2
8	8	ChordType.MAJ_MIN7	3			7	1	KeyMode.MAJOR	1/16	25	1/8	V2
8	8	ChordType.MAJ_MIN7	3			7	1	KeyMode.MAJOR	1/16	25	3/16	V2
7	1	ChordType.MAJOR	1			7	1	KeyMode.MAJOR	1/16	25	1/4	I6
7	1	ChordType.MAJOR	1			7	1	KeyMode.MAJOR	1/16	25	5/16	I6
7	1	ChordType.MAJOR	1			7	1	KeyMode.MAJOR	1/16	25	3/8	I6
7	1	ChordType.MAJOR	1			7	1	KeyMode.MAJOR	1/16	25	7/16	I6
7	1	ChordType.MAJOR	1			7	1	KeyMode.MAJOR	1/16	25	1/2	I6
7	1	ChordType.MAJOR	1			7	1	KeyMode.MAJOR	1/16	25	9/16	I6
7	1	ChordType.MAJOR	1			7	1	KeyMode.MAJOR	1/16	25	5/8	I6
7	1	ChordType.MAJOR	1			7	1	KeyMode.MAJOR	1/16	25	11/16	I6
7	1	ChordType.MAJOR	1			7	1	KeyMode.MAJOR	1/16	25	3/4	I6
7	1	ChordType.MAJOR	1			7	1	KeyMode.MAJOR	1/16	25	13/16	I6
7	1	ChordType.MAJOR	1			7	1	KeyMode.MAJOR	1/16	25	7/8	I6
7	1	ChordType.MAJOR	1			7	1	KeyMode.MAJOR	1/16	25	15/16	I6
7	1	ChordType.MAJOR	1	8:13;11:16	8:7;5:4	7	1	KeyMode.MAJOR	1/16	26	0	I6(#4#2)
7	1	ChordType.MAJOR	1	8:13;11:16	8:7;5:4	7	1	KeyMode.MAJOR	1/16	26	1/16	I6(#4#2)
7	1	ChordType.MAJOR	1	8:13;11:16	8:7;5:4	7	1	KeyMode.MAJOR	1/16	26	1/8	I6(#4#2)
7	1	ChordType.MAJOR	1	8:13;11:16	8:7;5:4	7	1	KeyMode.MAJOR	1/16	26	3/16	I6(#4#2)
7	1	ChordType.MAJOR	1	8:13;11:16	8:7;5:4	7	1	KeyMode.MAJOR	1/16	26	1/4	I6(#4#2)
7	1	ChordType.MAJOR	1	8:13;11:16	8:7;5:4	7	1	KeyMode.MAJOR	1/16	26	5/16	I6(#4#2)
7	1	ChordType.MAJOR	1	8:13;11:16	8:7;5:4	7	1	KeyMode.MAJOR	1/16	26	3/8	I6(#4#2)
7	1	ChordType.MAJOR	1	8:13;11:16	8:7;5:4	7	1	KeyMode.MAJOR	1/16	26	7/16	I6(#4#2)
7	1	ChordType.MAJOR	1	8:13;11:16	8:7;5:4	7	1	KeyMode.MAJOR	1/16	26	1/2	I6(#4#2)
7	1	ChordType.MAJOR	1	8:13;11:16	8:7;5:4	7	1	KeyMode.MAJOR	1/16	26	9/16	I6(#4#2)
7	1	ChordType.MAJOR	1	8:13;11:16	8:7;5:4	7	1	KeyMode.MAJOR	1/16	26	5/8	I6(#4#2)
7	1	ChordType.MAJOR	1	8:13;11:16	8:7;5:4	7	1	KeyMode.MAJOR	1/16	26	11/16	I6(#4#2)
7	1	ChordType.MAJOR	1	8:13;11:16	8:7;5:4	7	1	KeyMode.MAJOR	1/16	26	3/4	I6(#4#2)
7	1	ChordType.MAJOR	1	8:13;11:16	8:7;5:4	7	1	KeyMode.MAJOR	1/16	26	13/16	I6(#4#2)
7	1	ChordType.MAJOR	1	8:13;11:16	8:7;5:4	7	1	KeyMode.MAJOR	1/16	26	7/8	I6(#4#2)
7	1	ChordType.MAJOR	1	8:13;11:16	8:7;5:4	7	1	KeyMode.MAJOR	1/16	26	15/16	I6(#4#2)
13	7	ChordType.DIM7	1	:3	:9	8	8	KeyMode.MAJOR	1/16	27	0	Ger6
13	7	ChordType.DIM7	1	:3	:9	8	8	KeyMode.MAJOR	1/16	27	1/16	Ger6
13	7	ChordType.DIM7	1	:3	:9	8	8	KeyMode.MAJOR	1/16	27	1/8	Ger6
13	7	ChordType.DIM7	1	:3	:9	8	8	KeyMode.MAJOR	1/16	27	3/16	Ger6
13	7	ChordType.DIM7	1	:3	:9	8	8	KeyMode.MAJOR	1/16	27	1/4	Ger6
13	7	ChordType.DIM7	1	:3	:9	8	8	KeyMode.MAJOR	1/16	27	5/16	Ger6
13	7	ChordType.DIM7	1	:3	:9	8	8	KeyMode.MAJOR	1/16	27	3/8	Ger6
13	7	ChordType.DIM7	1	:3	:9	8	8	KeyMode.MAJOR	1/16	27	7/16	Ger6
13	7	ChordType.DIM7	1	:3	:9	8	8	KeyMode.MAJOR	1/16	27	1/2	Ger6
13	7	ChordType.DIM7	1	:3	:9	8	8	KeyMode.MAJOR	1/16	27	9/16	Ger6
13	7	ChordType.DIM7	1	:3	:9	8	8	KeyMode.MAJOR	1/16	27	5/8	Ger6
13	7	ChordType.DIM7	1	:3	:9	8	8	KeyMode.MAJOR	1/16	27	11/16	Ger6
13	7	ChordType.DIM7	1	:3	:9	8	8	KeyMode.MAJOR	1/16	27	3/4	Ger6
13	7	ChordType.DIM7	1	:3	:9	8	8	KeyMode.MAJOR	1/16	27	13/16	Ger6
13	7	ChordType.DIM7	1	:3	:9	8	8	KeyMode.MAJOR	1/16	27	7/8	Ger6
13	7	ChordType.DIM7	1	:3	:9	8	8	KeyMode.MAJOR	1/16	27	15/16	Ger6
8	8	ChordType.MAJ_MIN7	0	12:7	0:1	7	1	KeyMode.MAJOR	1/16	28	0	V7(4)
8	8	ChordType.MAJ_MIN7	0	12:7	0:1	7	1	KeyMode.MAJOR	1/16	28	1/16	V7(4)
8	8	ChordType.MAJ_MIN7	0	12:7	0:1	7	1	KeyMode.MAJOR	1/16	28	1/8	V7(4)
8	8	ChordType.MAJ_MIN7	0	12:7	0:1	7	1	KeyMode.MAJOR	1/16	28	3/16	V7(4)
8	8	ChordType.MAJ_MIN7	0	12:7	0:1	7	1	KeyMode.MAJOR	1/16	28	1/4	V7(4)
8	8	ChordType.MAJ_MIN7	0	12:7	0:1	7	1	KeyMode.MAJOR	1/16	28	5/16	V7(4)
8	8	ChordType.MAJ_MIN7	0	12:7	0:1	7	1	KeyMode.MAJOR	1/16	28	3/8	V7(4)
8	8	ChordType.MAJ_MIN7	0	12:7	0:1	7	1	KeyMode.MAJOR	1/16	28	7/16	V7(4)
8	8	ChordType.MAJ_MIN7	0			7	1	KeyMode.MAJOR	1/16	28	1/2	V7
8	8	ChordType.MAJ_MIN7	0			7	1	KeyMode.MAJOR	1/16	28	9/16	V7
8	8	ChordType.MAJ_MIN7	0			7	1	KeyMode.MAJOR	1/16	28	5/8	V7
8	8	ChordType.MAJ_MIN7	0			7	1	KeyMode.MAJOR	1/16	28	11/16	V7
8	8	ChordType.MAJ_MIN7	0			7	1	KeyMode.MAJOR	1/16	28	3/4	V7
8	8	ChordType.MAJ_MIN7	0			7	1	KeyMode.MAJOR	1/16	28	13/16	V7
8	8	ChordType.MAJ_MIN7	0			7	1	KeyMode.MAJOR	1/16	28	7/8	V7
8	8	ChordType.MAJ_MIN7	0			7	1	KeyMode.MAJOR	1/16	28	15/16	V7
7	1	ChordType.MAJOR	0			7	1	KeyMode.MAJOR	1/2	29	0	I|PAC}
7	1	ChordType.MAJOR	0			7	1	KeyMode.MAJOR	1/12	29	1/2	I|PAC}
7	1	ChordType.MAJOR	0			7	1	KeyMode.MAJOR	1/12	29	7/12	I|PAC}
7	1	ChordType.MAJOR	0			7	1	KeyMode.MAJOR	1/12	29	2/3	I|PAC}
7	1	ChordType.MAJOR	0	8:10;11:6	8:10;5:6	7	1	KeyMode.MAJOR	1/12	29	3/4	I(64)
7	1	ChordType.MAJOR	0	8:10;11:6	8:10;5:6	7	1	KeyMode.MAJOR	1/12	29	5/6	I(64)
7	1	ChordType.MAJOR	0	8:10;11:6	8:10;5:6	7	1	KeyMode.MAJOR	1/12	29	11/12	I(64)
7	1	ChordType.MAJOR	0			7	1	KeyMode.MAJOR	1/12	30	0	I
7	1	ChordType.MAJOR	0			7	1	KeyMode.MAJOR	1/12	30	1/12	I
7	1	ChordType.MAJOR	0			7	1	KeyMode.MAJOR	1/12	30	1/6	I
7	1	ChordType.MAJOR	0			7	1	KeyMode.MAJOR	1/12	30	1/4	I
7	1	ChordType.MAJOR	0			7	1	KeyMode.MAJOR	1/12	30	1/3	I
7	1	ChordType.MAJOR	0			7	1	KeyMode.MAJOR	1/12	30	5/12	I
7	1	ChordType.MAJOR	0			7	1	KeyMode.MAJOR	1/12	30	1/2	I
7	1	ChordType.MAJOR	0			7	1	KeyMode.MAJOR	1/12	30	7/12	I
7	1	ChordType.MAJOR	0			7	1	KeyMode.MAJOR	1/12	30	2/3	I
8	8	ChordType.MAJ_MIN7	0			7	1	KeyMode.MAJOR	1/12	30	3/4	V7
8	8	ChordType.MAJ_MIN7	0			7	1	KeyMode.MAJOR	1/12	30	5/6	V7
8	8	ChordType.MAJ_MIN7	0			7	1	KeyMode.MAJOR	1/12	30	11/12	V7
7	1	ChordType.MAJOR	0			7	1	KeyMode.MAJOR	1/4	31	0	I|IAC}{
7	1	ChordType.MAJOR	0			7	1	KeyMode.MAJOR	1/12	31	1/4	I|IAC}{
7	1	ChordType.MAJOR	0			7	1	KeyMode.MAJOR	1/12	31	1/3	I|IAC}{
7	1	ChordType.MAJOR	0			7	1	KeyMode.MAJOR	1/12	31	5/12	I|IAC}{
7	1	ChordType.MAJOR	0			7	1	KeyMode.MAJOR	1/12	31	1/2	I|IAC}{
7	1	ChordType.MAJOR	0			7	1	KeyMode.MAJOR	1/12	31	7/12	I|IAC}{
7	1	ChordType.MAJOR	0			7	1	KeyMode.MAJOR	1/12	31	2/3	I|IAC}{
7	1	ChordType.MAJOR	0	8:10;11:6	8:10;5:6	7	1	KeyMode.MAJOR	1/12	31	3/4	I(64)
7	1	ChordType.MAJOR	0	8:10;11:6	8:10;5:6	7	1	KeyMode.MAJOR	1/12	31	5/6	I(64)
7	1	ChordType.MAJOR	0	8:10;11:6	8:10;5:6	7	1	KeyMode.MAJOR	1/12	31	11/12	I(64)
7	1	ChordType.MAJOR	0			7	1	KeyMode.MAJOR	1/12	32	0	I
7	1	ChordType.MAJOR	0			7	1	KeyMode.MAJOR	1/12	32	1/12	I
7	1	ChordType.MAJOR	0			7	1	KeyMode.MAJOR	1/12	32	1/6	I
7	1	ChordType.MAJOR	0			7	1	KeyMode.MAJOR	1/12	32	1/4	I
7	1	ChordType.MAJOR	0			7	1	KeyMode.MAJOR	1/12	32	1/3	I
7	1	ChordType.MAJOR	0			7	1	KeyMode.MAJOR	1/12	32	5/12	I
10	10	ChordType.MAJ_MIN7	0			9	3	KeyMode.MINOR	1/4	32	1/2	V7/ii
9	3	ChordType.MINOR	0			7	1	KeyMode.MAJOR	1/4	32	3/4	ii
8	8	ChordType.MAJ_MIN7	0			7	1	KeyMode.MAJOR	1/2	33	0	V7|HC}{
8	8	ChordType.MAJ_MIN7	0			7	1	KeyMode.MAJOR	1/16	33	1/2	V7|HC}{
8	8	ChordType.MAJ_MIN7	0			7	1	KeyMode.MAJOR	1/16	33	9/16	V7|HC}{
8	8	ChordType.MAJ_MIN7	0			7	1	KeyMode.MAJOR	1/16	33	5/8	V7|HC}{
8	8	ChordType.MAJ_MIN7	0			7	1	KeyMode.MAJOR	1/16	33	11/16	V7|HC}{
8	8	ChordType.MAJ_MIN7	0			7	1	KeyMode.MAJOR	1/16	33	3/4	V7|HC}{
8	8	ChordType.MAJ_MIN7	0			7	1	KeyMode.MAJOR	1/16	33	13/16	V7|HC}{
8	8	ChordType.MAJ_MIN7	0			7	1	KeyMode.MAJOR	1/16	33	7/8	V7|HC}{
8	8	ChordType.MAJ_MIN7	0			7	1	KeyMode.MAJOR	1/16	33	15/16	V7|HC}{
7	1	ChordType.MAJOR	0			7	1	KeyMode.MAJOR	1/16	34	0	I|PAC}{
7	1	ChordType.MAJOR	0			7	1	KeyMode.MAJOR	1/16	34	1/16	I|PAC}{
7	1	ChordType.MAJOR	0			7	1	KeyMode.MAJOR	1/16	34	1/8	I|PAC}{
7	1	ChordType.MAJOR	0			7	1	KeyMode.MAJOR	1/16	34	3/16	I|PAC}{
7	1	ChordType.MAJOR	0			7	1	KeyMode.MAJOR	1/16	34	1/4	I|PAC}{
7	1	ChordType.MAJOR	0			7	1	KeyMode.MAJOR	1/16	34	5/16	I|PAC}{
7	1	ChordType.MAJOR	0			7	1	KeyMode.MAJOR	1/16	34	3/8	I|PAC}{
7	1	ChordType.MAJOR	0			7	1	KeyMode.MAJOR	1/16	34	7/16	I|PAC}{
10	10	ChordType.MAJOR	0			9	3	KeyMode.MINOR	1/4	34	1/2	V/ii
9	3	ChordType.MINOR	0			7	1	KeyMode.MAJOR	1/4	34	3/4	ii
8	8	ChordType.MAJ_MIN7	0			7	1	KeyMode.MAJOR	1/2	35	0	V7|HC}{
8	8	ChordType.MAJ_MIN7	0			7	1	KeyMode.MAJOR	1/16	35	1/2	V7|HC}{
8	8	ChordType.MAJ_MIN7	0			7	1	KeyMode.MAJOR	1/16	35	9/16	V7|HC}{
8	8	ChordType.MAJ_MIN7	0			7	1	KeyMode.MAJOR	1/16	35	5/8	V7|HC}{
8	8	ChordType.MAJ_MIN7	0			7	1	KeyMode.MAJOR	1/16	35	11/16	V7|HC}{
8	8	ChordType.MAJ_MIN7	0			7	1	KeyMode.MAJOR	1/16	35	3/4	V7|HC}{
8	8	ChordType.MAJ_MIN7	0			7	1	KeyMode.MAJOR	1/16	35	13/16	V7|HC}{
8	8	ChordType.MAJ_MIN7	0			7	1	KeyMode.MAJOR	1/16	35	7/8	V7|HC}{
8	8	ChordType.MAJ_MIN7	0			7	1	KeyMode.MAJOR	1/16	35	15/16	V7|HC}{
7	1	ChordType.MAJOR	0			7	1	KeyMode.MAJOR	1/16	36	0	I|PAC}{
7	1	ChordType.MAJOR	0			7	1	KeyMode.MAJOR	1/16	36	1/16	I|PAC}{
7	1	ChordType.MAJOR	0			7	1	KeyMode.MAJOR	1/16	36	1/8	I|PAC}{
7	1	ChordType.MAJOR	0			7	1	KeyMode.MAJOR	1/16	36	3/16	I|PAC}{
7	1	ChordType.MAJOR	1			7	1	KeyMode.MAJOR	1/16	36	1/4	I6
7	1	ChordType.MAJOR	1			7	1	KeyMode.MAJOR	1/16	36	5/16	I6
7	1	ChordType.MAJOR	1			7	1	KeyMode.MAJOR	1/16	36	3/8	I6
7	1	ChordType.MAJOR	1			7	1	KeyMode.MAJOR	1/16	36	7/16	I6
8	8	ChordType.MAJ_MIN7	0			7	1	KeyMode.MAJOR	1/16	36	1/2	V7
8	8	ChordType.MAJ_MIN7	0			7	1	KeyMode.MAJOR	1/16	36	9/16	V7
8	8	ChordType.MAJ_MIN7	0			7	1	KeyMode.MAJOR	1/16	36	5/8	V7
8	8	ChordType.MAJ_MIN7	0			7	1	KeyMode.MAJOR	1/16	36	11/16	V7
8	8	ChordType.MAJ_MIN7	0			7	1	KeyMode.MAJOR	1/16	36	3/4	V7
8	8	ChordType.MAJ_MIN7	0			7	1	KeyMode.MAJOR	1/16	36	13/16	V7
8	8	ChordType.MAJ_MIN7	0			7	1	KeyMode.MAJOR	1/16	36	7/8	V7
8	8	ChordType.MAJ_MIN7	0			7	1	KeyMode.MAJOR	1/16	36	15/16	V7
7	1	ChordType.MAJOR	0			7	1	KeyMode.MAJOR	1/16	37	0	I|PAC}
7	1	ChordType.MAJOR	0			7	1	KeyMode.MAJOR	1/16	37	1/16	I|PAC}
7	1	ChordType.MAJOR	0			7	1	KeyMode.MAJOR	1/16	37	1/8	I|PAC}
7	1	ChordType.MAJOR	0			7	1	KeyMode.MAJOR	1/16	37	3/16	I|PAC}
7	1	ChordType.MAJOR	1			7	1	KeyMode.MAJOR	1/16	37	1/4	I6
7	1	ChordType.MAJOR	1			7	1	KeyMode.MAJOR	1/16	37	5/16	I6
7	1	ChordType.MAJOR	1			7	1	KeyMode.MAJOR	1/16	37	3/8	I6
7	1	ChordType.MAJOR	1			7	1	KeyMode.MAJOR	1/16	37	7/16	I6
8	8	ChordType.MAJ_MIN7	3			7	1	KeyMode.MAJOR	1/16	37	1/2	V2
8	8	ChordType.MAJ_MIN7	3			7	1	KeyMode.MAJOR	1/16	37	9/16	V2
8	8	ChordType.MAJ_MIN7	3			7	1	KeyMode.MAJOR	1/16	37	5/8	V2
8	8	ChordType.MAJ_MIN7	3			7	1	KeyMode.MAJOR	1/16	37	11/16	V2
8	8	ChordType.MAJ_MIN7	3			7	1	KeyMode.MAJOR	1/16	37	3/4	V2
8	8	ChordType.MAJ_MIN7	3			7	1	KeyMode.MAJOR	1/16	37	13/16	V2
8	8	ChordType.MAJ_MIN7	3			7	1	KeyMode.MAJOR	1/16	37	7/8	V2
8	8	ChordType.MAJ_MIN7	3			7	1	KeyMode.MAJOR	1/16	37	15/16	V2
8	8	ChordType.MAJ_MIN7	3			7	1	KeyMode.MAJOR	1/16	38	0	V2
8	8	ChordType.MAJ_MIN7	3			7	1	KeyMode.MAJOR	1/16	38	1/16	V2
8	8	ChordType.MAJ_MIN7	3			7	1	KeyMode.MAJOR	1/16	38	1/8	V2
8	8	ChordType.MAJ_MIN7	3			7	1	KeyMode.MAJOR	1/16	38	3/16	V2
8	8	ChordType.MAJ_MIN7	0			7	1	KeyMode.MAJOR	1/16	38	1/4	V7
8	8	ChordType.MAJ_MIN7	0			7	1	KeyMode.MAJOR	1/16	38	5/16	V7
8	8	ChordType.MAJ_MIN7	0			7	1	KeyMode.MAJOR	1/16	38	3/8	V7
8	8	ChordType.MAJ_MIN7	0			7	1	KeyMode.MAJOR	1/16	38	7/16	V7
8	8	ChordType.MAJ_MIN7	0			7	1	KeyMode.MAJOR	1/16	38	1/2	V7
8	8	ChordType.MAJ_MIN7	0			7	1	KeyMode.MAJOR	1/16	38	9/16	V7
8	8	ChordType.MAJ_MIN7	0			7	1	KeyMode.MAJOR	1/16	38	5/8	V7
8	8	ChordType.MAJ_MIN7	0			7	1	KeyMode.MAJOR	1/16	38	11/16	V7
8	8	ChordType.MAJ_MIN7	0			7	1	KeyMode.MAJOR	1/16	38	3/4	V7
8	8	ChordType.MAJ_MIN7	0			7	1	KeyMode.MAJOR	1/16	38	13/16	V7
8	8	ChordType.MAJ_MIN7	0			7	1	KeyMode.MAJOR	1/16	38	7/8	V7
8	8	ChordType.MAJ_MIN7	0			7	1	KeyMode.MAJOR	1/16	38	15/16	V7
8	8	ChordType.MAJ_MIN7	0			7	1	KeyMode.MAJOR	1/16	41	0	V7
8	8	ChordType.MAJ_MIN7	0			7	1	KeyMode.MAJOR	1/16	41	1/16	V7
8	8	ChordType.MAJ_MIN7	0			7	1	KeyMode.MAJOR	1/16	41	1/8	V7
8	8	ChordType.MAJ_MIN7	0			7	1	KeyMode.MAJOR	1/16	41	3/16	V7
7	1	ChordType.MAJ_MIN7	1			6	6	KeyMode.MAJOR	1/16	41	1/4	I.V65
7	1	ChordType.MAJ_MIN7	1			6	6	KeyMode.MAJOR	1/16	41	5/16	I.V65
7	1	ChordType.MAJ_MIN7	1			6	6	KeyMode.MAJOR	1/16	41	3/8	I.V65
7	1	ChordType.MAJ_MIN7	1			6	6	KeyMode.MAJOR	1/16	41	7/16	I.V65
7	1	ChordType.MAJ_MIN7	1			6	6	KeyMode.MAJOR	1/16	41	1/2	I.V65
7	1	ChordType.MAJ_MIN7	1			6	6	KeyMode.MAJOR	1/16	41	9/16	I.V65
7	1	ChordType.MAJ_MIN7	1			6	6	KeyMode.MAJOR	1/16	41	5/8	I.V65
7	1	ChordType.MAJ_MIN7	1			6	6	KeyMode.MAJOR	1/16	41	11/16	I.V65
6	6	ChordType.MINOR	1			6	6	KeyMode.MAJOR	1/16	41	3/4	i6{
6	6	ChordType.MINOR	1			6	6	KeyMode.MAJOR	1/16	41	13/16	i6{
6	6	ChordType.MINOR	1			6	6	KeyMode.MAJOR	1/16	41	7/8	i6{
11	5	ChordType.DIMINISHED	1			6	6	KeyMode.MAJOR	1/16	41	15/16	viio6
6	6	ChordType.MINOR	0			6	6	KeyMode.MAJOR	1/8	42	0	i[i
6	6	ChordType.MINOR	0			6	6	KeyMode.MAJOR	1/8	42	1/8	i[i
6	6	ChordType.MINOR	0			6	6	KeyMode.MAJOR	1/8	42	1/4	i[i
6	6	ChordType.MINOR	0			6	6	KeyMode.MAJOR	1/8	42	3/8	i[i
7	1	ChordType.MAJ_MIN7	3			6	6	KeyMode.MAJOR	1/8	42	1/2	V2
7	1	ChordType.MAJ_MIN7	3			6	6	KeyMode.MAJOR	1/8	42	5/8	V2
6	6	ChordType.MINOR	0			6	6	KeyMode.MAJOR	1/8	42	3/4	i]
6	6	ChordType.MINOR	0			6	6	KeyMode.MAJOR	1/8	42	7/8	i]
5	11	ChordType.MINOR	0			6	6	KeyMode.MAJOR	1/8	43	0	iv
5	11	ChordType.MINOR	0			6	6	KeyMode.MAJOR	1/8	43	1/8	iv
5	11	ChordType.MINOR	0			6	6	KeyMode.MAJOR	1/8	43	1/4	iv
5	11	ChordType.MINOR	0			6	6	KeyMode.MAJOR	1/8	43	3/8	iv
5	11	ChordType.MINOR	0			6	6	KeyMode.MAJOR	1/8	43	1/2	iv
5	11	ChordType.MINOR	0			6	6	KeyMode.MAJOR	1/8	43	5/8	iv
2	2	ChordType.MAJOR	2			3	9	KeyMode.MAJOR	1/8	43	3/4	IV64/bIII
2	2	ChordType.MAJOR	2			3	9	KeyMode.MAJOR	1/8	43	7/8	IV64/bIII
4	4	ChordType.MAJ_MIN7	1			3	9	KeyMode.MAJOR	1/8	44	0	V65/bIII
4	4	ChordType.MAJ_MIN7	1			3	9	KeyMode.MAJOR	1/8	44	1/8	V65/bIII
5	11	ChordType.MINOR	2			3	9	KeyMode.MAJOR	1/8	44	1/4	ii64/bIII
5	11	ChordType.MINOR	2			3	9	KeyMode.MAJOR	1/8	44	3/8	ii64/bIII
4	4	ChordType.MAJOR	0			3	9	KeyMode.MAJOR	1/8	44	1/2	V/bIII
4	4	ChordType.MAJOR	0			3	9	KeyMode.MAJOR	1/8	44	5/8	V/bIII
4	4	ChordType.MAJOR	1			3	9	KeyMode.MAJOR	1/8	44	3/4	V6/bIII
4	4	ChordType.MAJOR	1			3	9	KeyMode.MAJOR	1/8	44	7/8	V6/bIII
3	9	ChordType.MAJOR	0			3	9	KeyMode.MAJOR	1/16	45	0	I/bIII|IAC}{
3	9	ChordType.MAJOR	0			3	9	KeyMode.MAJOR	1/16	45	1/16	I/bIII|IAC}{
3	9	ChordType.MAJOR	0			3	9	KeyMode.MAJOR	1/16	45	1/8	I/bIII|IAC}{
3	9	ChordType.MAJOR	0			3	9	KeyMode.MAJOR	1/16	45	3/16	I/bIII|IAC}{
3	9	ChordType.MAJOR	0			3	9	KeyMode.MAJOR	1/16	45	1/4	I/bIII|IAC}{
3	9	ChordType.MAJOR	0			3	9	KeyMode.MAJOR	1/16	45	5/16	I/bIII|IAC}{
3	9	ChordType.MAJOR	0			3	9	KeyMode.MAJOR	1/16	45	3/8	I/bIII|IAC}{
3	9	ChordType.MAJOR	0			3	9	KeyMode.MAJOR	1/16	45	7/16	I/bIII|IAC}{
7	1	ChordType.MINOR	2			8	8	KeyMode.MINOR	1/16	45	1/2	iv64/ii
7	1	ChordType.MINOR	2			8	8	KeyMode.MINOR	1/16	45	9/16	iv64/ii
7	1	ChordType.MINOR	2			8	8	KeyMode.MINOR	1/16	45	5/8	iv64/ii
7	1	ChordType.MINOR	2			8	8	KeyMode.MINOR	1/16	45	11/16	iv64/ii
7	1	ChordType.MINOR	2			8	8	KeyMode.MINOR	1/16	45	3/4	iv64/ii
7	1	ChordType.MINOR	2			8	8	KeyMode.MINOR	1/16	45	13/16	iv64/ii
7	1	ChordType.MINOR	2			8	8	KeyMode.MINOR	1/16	45	7/8	iv64/ii
7	1	ChordType.MINOR	2			8	8	KeyMode.MINOR	1/16	45	15/16	iv64/ii
9	3	ChordType.MAJ_MIN7	1			8	8	KeyMode.MINOR	1/16	46	0	V65/ii
9	3	ChordType.MAJ_MIN7	1			8	8	KeyMode.MINOR	1/16	46	1/16	V65/ii
9	3	ChordType.MAJ_MIN7	1			8	8	KeyMode.MINOR	1/16	46	1/8	V65/ii
9	3	ChordType.MAJ_MIN7	1			8	8	KeyMode.MINOR	1/16	46	3/16	V65/ii
8	8	ChordType.MINOR	1			6	6	KeyMode.MAJOR	1/16	46	1/4	ii6
8	8	ChordType.MINOR	1			6	6	KeyMode.MAJOR	1/16	46	5/16	ii6
8	8	ChordType.MINOR	1			6	6	KeyMode.MAJOR	1/16	46	3/8	ii6
8	8	ChordType.MINOR	1			6	6	KeyMode.MAJOR	1/16	46	7/16	ii6
8	8	ChordType.MINOR	1			6	6	KeyMode.MAJOR	1/16	46	1/2	ii6
8	8	ChordType.MINOR	1			6	6	KeyMode.MAJOR	1/16	46	9/16	ii6
8	8	ChordType.MINOR	1			6	6	KeyMode.MAJOR	1/16	46	5/8	ii6
8	8	ChordType.MINOR	1			6	6	KeyMode.MAJOR	1/16	46	11/16	ii6
8	8	ChordType.MINOR	0			6	6	KeyMode.MAJOR	1/16	46	3/4	ii
8	8	ChordType.MINOR	0			6	6	KeyMode.MAJOR	1/16	46	13/16	ii
8	8	ChordType.MINOR	0			6	6	KeyMode.MAJOR	1/16	46	7/8	ii
8	8	ChordType.MINOR	0			6	6	KeyMode.MAJOR	1/16	46	15/16	ii
8	8	ChordType.MINOR	0			6	6	KeyMode.MAJOR	1/16	47	0	ii
8	8	ChordType.MINOR	0			6	6	KeyMode.MAJOR	1/16	47	1/16	ii
8	8	ChordType.MINOR	0			6	6	KeyMode.MAJOR	1/16	47	1/8	ii
8	8	ChordType.MINOR	0			6	6	KeyMode.MAJOR	1/16	47	3/16	ii
8	8	ChordType.MINOR	0			6	6	KeyMode.MAJOR	1/16	47	1/4	ii
8	8	ChordType.MINOR	0			6	6	KeyMode.MAJOR	1/16	47	5/16	ii
8	8	ChordType.MINOR	0			6	6	KeyMode.MAJOR	1/16	47	3/8	ii
8	8	ChordType.MINOR	0			6	6	KeyMode.MAJOR	1/16	47	7/16	ii
9	3	ChordType.MAJ_MIN7	2			8	8	KeyMode.MINOR	1/16	47	1/2	V43/ii
9	3	ChordType.MAJ_MIN7	2			8	8	KeyMode.MINOR	1/16	47	9/16	V43/ii
9	3	ChordType.MAJ_MIN7	2			8	8	KeyMode.MINOR	1/16	47	5/8	V43/ii
9	3	ChordType.MAJ_MIN7	2			8	8	KeyMode.MINOR	1/16	47	11/16	V43/ii
8	8	ChordType.MINOR	0			6	6	KeyMode.MAJOR	1/16	47	3/4	ii
8	8	ChordType.MINOR	0			6	6	KeyMode.MAJOR	1/16	47	13/16	ii
8	8	ChordType.MINOR	0			6	6	KeyMode.MAJOR	1/16	47	7/8	ii
8	8	ChordType.MINOR	0			6	6	KeyMode.MAJOR	1/16	47	15/16	ii
14	2	ChordType.DIM7	0			9	3	KeyMode.MINOR	1/16	48	0	#viio7/vi
14	2	ChordType.DIM7	0			9	3	KeyMode.MINOR	1/16	48	1/16	#viio7/vi
14	2	ChordType.DIM7	0			9	3	KeyMode.MINOR	1/16	48	1/8	#viio7/vi
14	2	ChordType.DIM7	0			9	3	KeyMode.MINOR	1/16	48	3/16	#viio7/vi
14	2	ChordType.DIM7	0			9	3	KeyMode.MINOR	1/16	48	1/4	#viio7/vi
14	2	ChordType.DIM7	0			9	3	KeyMode.MINOR	1/16	48	5/16	#viio7/vi
14	2	ChordType.DIM7	0			9	3	KeyMode.MINOR	1/16	48	3/8	#viio7/vi
14	2	ChordType.DIM7	0			9	3	KeyMode.MINOR	1/16	48	7/16	#viio7/vi
14	2	ChordType.DIM7	0			9	3	KeyMode.MINOR	1/16	48	1/2	#viio7/vi
14	2	ChordType.DIM7	0			9	3	KeyMode.MINOR	1/16	48	9/16	#viio7/vi
14	2	ChordType.DIM7	0			9	3	KeyMode.MINOR	1/16	48	5/8	#viio7/vi
14	2	ChordType.DIM7	0			9	3	KeyMode.MINOR	1/16	48	11/16	#viio7/vi
14	2	ChordType.DIM7	0			9	3	KeyMode.MINOR	1/16	48	3/4	#viio7/vi
14	2	ChordType.DIM7	0			9	3	KeyMode.MINOR	1/16	48	13/16	#viio7/vi
14	2	ChordType.DIM7	0			9	3	KeyMode.MINOR	1/16	48	7/8	#viio7/vi
14	2	ChordType.DIM7	0			9	3	KeyMode.MINOR	1/16	48	15/16	#viio7/vi
14	2	ChordType.DIM7	0			9	3	KeyMode.MINOR	1/16	49	0	#viio7/vi
14	2	ChordType.DIM7	0			9	3	KeyMode.MINOR	1/16	49	1/16	#viio7/vi
14	2	ChordType.DIM7	0			9	3	KeyMode.MINOR	1/16	49	1/8	#viio7/vi
14	2	ChordType.DIM7	0			9	3	KeyMode.MINOR	1/16	49	3/16	#viio7/vi
14	2	ChordType.DIM7	0			9	3	KeyMode.MINOR	1/16	49	1/4	#viio7/vi
14	2	ChordType.DIM7	0			9	3	KeyMode.MINOR	1/16	49	5/16	#viio7/vi
14	2	ChordType.DIM7	0			9	3	KeyMode.MINOR	1/16	49	3/8	#viio7/vi
14	2	ChordType.DIM7	0			9	3	KeyMode.MINOR	1/16	49	7/16	#viio7/vi
14	2	ChordType.DIM7	0			9	3	KeyMode.MINOR	1/16	49	1/2	#viio7/vi
14	2	ChordType.DIM7	0			9	3	KeyMode.MINOR	1/16	49	9/16	#viio7/vi
14	2	ChordType.DIM7	0			9	3	KeyMode.MINOR	1/16	49	5/8	#viio7/vi
14	2	ChordType.DIM7	0			9	3	KeyMode.MINOR	1/16	49	11/16	#viio7/vi
10	10	ChordType.MAJOR	1			9	3	KeyMode.MINOR	1/16	49	3/4	V6/vi
10	10	ChordType.MAJOR	1			9	3	KeyMode.MINOR	1/16	49	13/16	V6/vi
10	10	ChordType.MAJOR	1			9	3	KeyMode.MINOR	1/16	49	7/8	V6/vi
10	10	ChordType.MAJOR	1			9	3	KeyMode.MINOR	1/16	49	15/16	V6/vi
9	3	ChordType.MINOR	0			6	6	KeyMode.MAJOR	1/16	50	0	vi
9	3	ChordType.MINOR	0			6	6	KeyMode.MAJOR	1/16	50	1/16	vi
9	3	ChordType.MINOR	0			6	6	KeyMode.MAJOR	1/16	50	1/8	vi
9	3	ChordType.MINOR	0			6	6	KeyMode.MAJOR	1/16	50	3/16	vi
9	3	ChordType.MINOR	0			6	6	KeyMode.MAJOR	1/16	50	1/4	vi
9	3	ChordType.MINOR	0			6	6	KeyMode.MAJOR	1/16	50	5/16	vi
9	3	ChordType.MINOR	0			6	6	KeyMode.MAJOR	1/16	50	3/8	vi
9	3	ChordType.MINOR	0			6	6	KeyMode.MAJOR	1/16	50	7/16	vi
14	2	ChordType.DIMINISHED	1			9	3	KeyMode.MINOR	1/16	50	1/2	#viio6/vi
14	2	ChordType.DIMINISHED	1			9	3	KeyMode.MINOR	1/16	50	9/16	#viio6/vi
14	2	ChordType.DIMINISHED	1			9	3	KeyMode.MINOR	1/16	50	5/8	#viio6/vi
14	2	ChordType.DIMINISHED	1			9	3	KeyMode.MINOR	1/16	50	11/16	#viio6/vi
10	10	ChordType.MAJOR	1			9	3	KeyMode.MINOR	1/16	50	3/4	V6/vi
10	10	ChordType.MAJOR	1			9	3	KeyMode.MINOR	1/16	50	13/16	V6/vi
10	10	ChordType.MAJOR	1			9	3	KeyMode.MINOR	1/16	50	7/8	V6/vi
10	10	ChordType.MAJOR	1			9	3	KeyMode.MINOR	1/16	50	15/16	V6/vi
9	3	ChordType.MINOR	0			6	6	KeyMode.MAJOR	1/16	51	0	vi
9	3	ChordType.MINOR	0			6	6	KeyMode.MAJOR	1/16	51	1/16	vi
9	3	ChordType.MINOR	0			6	6	KeyMode.MAJOR	1/16	51	1/8	vi
9	3	ChordType.MINOR	0			6	6	KeyMode.MAJOR	1/16	51	3/16	vi
9	3	ChordType.MINOR	0			6	6	KeyMode.MAJOR	1/16	51	1/4	vi
9	3	ChordType.MINOR	0			6	6	KeyMode.MAJOR	1/16	51	5/16	vi
9	3	ChordType.MINOR	0			6	6	KeyMode.MAJOR	1/16	51	3/8	vi
9	3	ChordType.MINOR	0			6	6	KeyMode.MAJOR	1/16	51	7/16	vi
8	8	ChordType.MAJ_MIN7	2			7	1	KeyMode.MINOR	1/16	51	1/2	V43/v
8	8	ChordType.MAJ_MIN7	2			7	1	KeyMode.MINOR	1/16	51	9/16	V43/v
8	8	ChordType.MAJ_MIN7	2			7	1	KeyMode.MINOR	1/16	51	5/8	V43/v
8	8	ChordType.MAJ_MIN7	2			7	1	KeyMode.MINOR	1/16	51	11/16	V43/v
8	8	ChordType.MAJOR	1			7	1	KeyMode.MINOR	1/16	51	3/4	V6/v
8	8	ChordType.MAJOR	1			7	1	KeyMode.MINOR	1/16	51	13/16	V6/v
8	8	ChordType.MAJOR	1			7	1	KeyMode.MINOR	1/16	51	7/8	V6/v
8	8	ChordType.MAJOR	1			7	1	KeyMode.MINOR	1/16	51	15/16	V6/v
7	1	ChordType.MINOR	0			6	6	KeyMode.MAJOR	1/16	52	0	v
7	1	ChordType.MINOR	0			6	6	KeyMode.MAJOR	1/16	52	1/16	v
7	1	ChordType.MINOR	0			6	6	KeyMode.MAJOR	1/16	52	1/8	v
7	1	ChordType.MINOR	0			6	6	KeyMode.MAJOR	1/16	52	3/16	v
7	1	ChordType.MINOR	0			6	6	KeyMode.MAJOR	1/16	52	1/4	v
7	1	ChordType.MINOR	0			6	6	KeyMode.MAJOR	1/16	52	5/16	v
7	1	ChordType.MINOR	0			6	6	KeyMode.MAJOR	1/16	52	3/8	v
7	1	ChordType.MINOR	0			6	6	KeyMode.MAJOR	1/16	52	7/16	v
12	0	ChordType.DIMINISHED	1			7	1	KeyMode.MINOR	1/16	52	1/2	#viio6/v
12	0	ChordType.DIMINISHED	1			7	1	KeyMode.MINOR	1/16	52	9/16	#viio6/v
12	0	ChordType.DIMINISHED	1			7	1	KeyMode.MINOR	1/16	52	5/8	#viio6/v
12	0	ChordType.DIMINISHED	1			7	1	KeyMode.MINOR	1/16	52	11/16	#viio6/v
8	8	ChordType.MAJOR	1			7	1	KeyMode.MINOR	1/16	52	3/4	V6/v
8	8	ChordType.MAJOR	1			7	1	KeyMode.MINOR	1/16	52	13/16	V6/v
8	8	ChordType.MAJOR	1			7	1	KeyMode.MINOR	1/16	52	7/8	V6/v
8	8	ChordType.MAJOR	1			7	1	KeyMode.MINOR	1/16	52	15/16	V6/v
7	1	ChordType.MINOR	0			6	6	KeyMode.MAJOR	1/16	53	0	v
7	1	ChordType.MINOR	0			6	6	KeyMode.MAJOR	1/16	53	1/16	v
7	1	ChordType.MINOR	0			6	6	KeyMode.MAJOR	1/16	53	1/8	v
7	1	ChordType.MINOR	0			6	6	KeyMode.MAJOR	1/16	53	3/16	v
7	1	ChordType.MINOR	0			6	6	KeyMode.MAJOR	1/16	53	1/4	v
7	1	ChordType.MINOR	0			6	6	KeyMode.MAJOR	1/16	53	5/16	v
7	1	ChordType.MINOR	0			6	6	KeyMode.MAJOR	1/16	53	3/8	v
7	1	ChordType.MINOR	0			6	6	KeyMode.MAJOR	1/16	53	7/16	v
6	6	ChordType.MAJ_MIN7	2			5	11	KeyMode.MAJOR	1/16	53	1/2	V43/IV
6	6	ChordType.MAJ_MIN7	2			5	11	KeyMode.MAJOR	1/16	53	9/16	V43/IV
6	6	ChordType.MAJ_MIN7	2			5	11	KeyMode.MAJOR	1/16	53	5/8	V43/IV
6	6	ChordType.MAJ_MIN7	2			5	11	KeyMode.MAJOR	1/16	53	11/16	V43/IV
6	6	ChordType.MAJOR	1			5	11	KeyMode.MAJOR	1/16	53	3/4	V6/IV
6	6	ChordType.MAJOR	1			5	11	KeyMode.MAJOR	1/16	53	13/16	V6/IV
6	6	ChordType.MAJOR	1			5	11	KeyMode.MAJOR	1/16	53	7/8	V6/IV
6	6	ChordType.MAJOR	1			5	11	KeyMode.MAJOR	1/16	53	15/16	V6/IV
5	11	ChordType.MAJOR	0			6	6	KeyMode.MAJOR	1/16	54	0	IV
5	11	ChordType.MAJOR	0			6	6	KeyMode.MAJOR	1/16	54	1/16	IV
5	11	ChordType.MAJOR	0			6	6	KeyMode.MAJOR	1/16	54	1/8	IV
5	11	ChordType.MAJOR	0			6	6	KeyMode.MAJOR	1/16	54	3/16	IV
6	6	ChordType.MAJOR	1			5	11	KeyMode.MAJOR	1/16	54	1/4	V6/IV
6	6	ChordType.MAJOR	1			5	11	KeyMode.MAJOR	1/16	54	5/16	V6/IV
6	6	ChordType.MAJOR	1			5	11	KeyMode.MAJOR	1/16	54	3/8	V6/IV
6	6	ChordType.MAJOR	1			5	11	KeyMode.MAJOR	1/16	54	7/16	V6/IV
5	11	ChordType.MAJOR	0			6	6	KeyMode.MAJOR	1/16	54	1/2	IV
5	11	ChordType.MAJOR	0			6	6	KeyMode.MAJOR	1/16	54	9/16	IV
5	11	ChordType.MAJOR	0			6	6	KeyMode.MAJOR	1/16	54	5/8	IV
5	11	ChordType.MAJOR	0			6	6	KeyMode.MAJOR	1/16	54	11/16	IV
6	6	ChordType.MAJOR	0			5	11	KeyMode.MAJOR	1/16	54	3/4	V/IV
6	6	ChordType.MAJOR	0			5	11	KeyMode.MAJOR	1/16	54	13/16	V/IV
6	6	ChordType.MAJOR	0			5	11	KeyMode.MAJOR	1/16	54	7/8	V/IV
6	6	ChordType.MAJOR	0			5	11	KeyMode.MAJOR	1/16	54	15/16	V/IV
5	11	ChordType.MAJOR	0			6	6	KeyMode.MAJOR	1/16	55	0	IV
5	11	ChordType.MAJOR	0			6	6	KeyMode.MAJOR	1/16	55	1/16	IV
5	11	ChordType.MAJOR	0			6	6	KeyMode.MAJOR	1/16	55	1/8	IV
5	11	ChordType.MAJOR	0			6	6	KeyMode.MAJOR	1/16	55	3/16	IV
5	11	ChordType.MAJOR	0			6	6	KeyMode.MAJOR	1/16	55	1/4	IV
5	11	ChordType.MAJOR	0			6	6	KeyMode.MAJOR	1/16	55	5/16	IV
5	11	ChordType.MAJOR	0			6	6	KeyMode.MAJOR	1/16	55	3/8	IV
5	11	ChordType.MAJOR	0			6	6	KeyMode.MAJOR	1/16	55	7/16	IV
11	5	ChordType.DIMINISHED	0			6	6	KeyMode.MAJOR	1/16	55	1/2	viio
11	5	ChordType.DIMINISHED	0			6	6	KeyMode.MAJOR	1/16	55	9/16	viio
11	5	ChordType.DIMINISHED	0			6	6	KeyMode.MAJOR	1/16	55	5/8	viio
11	5	ChordType.DIMINISHED	0			6	6	KeyMode.MAJOR	1/16	55	11/16	viio
11	5	ChordType.DIMINISHED	0			6	6	KeyMode.MAJOR	1/16	55	3/4	viio
11	5	ChordType.DIMINISHED	0			6	6	KeyMode.MAJOR	1/16	55	13/16	viio
11	5	ChordType.DIMINISHED	0			6	6	KeyMode.MAJOR	1/16	55	7/8	viio
11	5	ChordType.DIMINISHED	0			6	6	KeyMode.MAJOR	1/16	55	15/16	viio
11	5	ChordType.DIMINISHED	0			6	6	KeyMode.MAJOR	1/16	56	0	viio
11	5	ChordType.DIMINISHED	0			6	6	KeyMode.MAJOR	1/16	56	1/16	viio
11	5	ChordType.DIMINISHED	0			6	6	KeyMode.MAJOR	1/16	56	1/8	viio
11	5	ChordType.DIMINISHED	0			6	6	KeyMode.MAJOR	1/16	56	3/16	viio
8	8	ChordType.MINOR	0			6	6	KeyMode.MAJOR	1/16	56	1/4	ii
8	8	ChordType.MINOR	0			6	6	KeyMode.MAJOR	1/16	56	5/16	ii
8	8	ChordType.MINOR	0			6	6	KeyMode.MAJOR	1/16	56	3/8	ii
8	8	ChordType.MINOR	0			6	6	KeyMode.MAJOR	1/16	56	7/16	ii
8	8	ChordType.MINOR	0			6	6	KeyMode.MAJOR	1/16	56	1/2	ii
8	8	ChordType.MINOR	0			6	6	KeyMode.MAJOR	1/16	56	9/16	ii
8	8	ChordType.MINOR	0			6	6	KeyMode.MAJOR	1/16	56	5/8	ii
8	8	ChordType.MINOR	0			6	6	KeyMode.MAJOR	1/16	56	11/16	ii
5	11	ChordType.MAJOR	0			6	6	KeyMode.MAJOR	1/16	56	3/4	IV
5	11	ChordType.MAJOR	0			6	6	KeyMode.MAJOR	1/16	56	13/16	IV
5	11	ChordType.MAJOR	0			6	6	KeyMode.MAJOR	1/16	56	7/8	IV
5	11	ChordType.MAJOR	0			6	6	KeyMode.MAJOR	1/16	56	15/16	IV
5	11	ChordType.MAJOR	0			6	6	KeyMode.MAJOR	1/16	57	0	IV
5	11	ChordType.MAJOR	0			6	6	KeyMode.MAJOR	1/16	57	1/16	IV
5	11	ChordType.MAJOR	0			6	6	KeyMode.MAJOR	1/16	57	1/8	IV
5	11	ChordType.MAJOR	0			6	6	KeyMode.MAJOR	1/16	57	3/16	IV
11	5	ChordType.DIMINISHED	0			6	6	KeyMode.MAJOR	1/16	57	1/4	viio
11	5	ChordType.DIMINISHED	0			6	6	KeyMode.MAJOR	1/16	57	5/16	viio
11	5	ChordType.DIMINISHED	0			6	6	KeyMode.MAJOR	1/16	57	3/8	viio
11	5	ChordType.DIMINISHED	0			6	6	KeyMode.MAJOR	1/16	57	7/16	viio
11	5	ChordType.DIMINISHED	0			6	6	KeyMode.MAJOR	1/16	57	1/2	viio
11	5	ChordType.DIMINISHED	0			6	6	KeyMode.MAJOR	1/16	57	9/16	viio
11	5	ChordType.DIMINISHED	0			6	6	KeyMode.MAJOR	1/16	57	5/8	viio
11	5	ChordType.DIMINISHED	0			6	6	KeyMode.MAJOR	1/16	57	11/16	viio
12	0	ChordType.DIMINISHED	0			7	1	KeyMode.MAJOR	1/16	57	3/4	viio/V
12	0	ChordType.DIMINISHED	0			7	1	KeyMode.MAJOR	1/16	57	13/16	viio/V
12	0	ChordType.DIMINISHED	0			7	1	KeyMode.MAJOR	1/16	57	7/8	viio/V
12	0	ChordType.DIMINISHED	0			7	1	KeyMode.MAJOR	1/16	57	15/16	viio/V
7	1	ChordType.MAJOR	0			6	6	KeyMode.MAJOR	1/2	58	0	V|HC}
7	1	ChordType.MAJOR	0			6	6	KeyMode.MAJOR	1/2	58	1/2	V|HC}
7	1	ChordType.MAJOR	2			6	6	KeyMode.MAJOR	1/12	59	0	V64
7	1	ChordType.MAJOR	2			6	6	KeyMode.MAJOR	1/12	59	1/12	V64
7	1	ChordType.MAJOR	2			6	6	KeyMode.MAJOR	1/12	59	1/6	V64
7	1	ChordType.MAJOR	2			6	6	KeyMode.MAJOR	1/12	59	1/4	V64
7	1	ChordType.MAJOR	2			6	6	KeyMode.MAJOR	1/12	59	1/3	V64
7	1	ChordType.MAJOR	2			6	6	KeyMode.MAJOR	1/12	59	5/12	V64
7	1	ChordType.MAJOR	0			6	6	KeyMode.MAJOR	1/12	59	1/2	V
7	1	ChordType.MAJOR	0			6	6	KeyMode.MAJOR	1/12	59	7/12	V
7	1	ChordType.MAJOR	0			6	6	KeyMode.MAJOR	1/12	59	2/3	V
6	6	ChordType.MAJOR	1			6	6	KeyMode.MAJOR	1/12	59	3/4	I6{
6	6	ChordType.MAJOR	1			6	6	KeyMode.MAJOR	1/12	59	5/6	I6{
6	6	ChordType.MAJOR	1			6	6	KeyMode.MAJOR	1/48	59	11/12	I6{
11	5	ChordType.DIMINISHED	1			6	6	KeyMode.MAJOR	1/16	59	15/16	viio6
6	6	ChordType.MAJOR	0			6	6	KeyMode.MAJOR	1/8	60	0	I[I
6	6	ChordType.MAJOR	0			6	6	KeyMode.MAJOR	1/8	60	1/8	I[I
6	6	ChordType.MAJOR	0			6	6	KeyMode.MAJOR	1/8	60	1/4	I[I
6	6	ChordType.MAJOR	0			6	6	KeyMode.MAJOR	1/8	60	3/8	I[I
7	1	ChordType.MAJ_MIN7	3			6	6	KeyMode.MAJOR	1/8	60	1/2	V2
7	1	ChordType.MAJ_MIN7	3			6	6	KeyMode.MAJOR	1/8	60	5/8	V2
6	6	ChordType.MAJOR	0			6	6	KeyMode.MAJOR	1/8	60	3/4	I]
6	6	ChordType.MAJOR	0			6	6	KeyMode.MAJOR	1/8	60	7/8	I]
7	1	ChordType.MAJ_MIN7	0			6	6	KeyMode.MAJOR	1/8	61	0	V7
7	1	ChordType.MAJ_MIN7	0			6	6	KeyMode.MAJOR	1/8	61	1/8	V7
7	1	ChordType.MAJ_MIN7	0			6	6	KeyMode.MAJOR	1/8	61	1/4	V7
7	1	ChordType.MAJ_MIN7	0			6	6	KeyMode.MAJOR	1/8	61	3/8	V7
7	1	ChordType.MAJ_MIN7	0			6	6	KeyMode.MAJOR	1/8	61	1/2	V7
7	1	ChordType.MAJ_MIN7	0			6	6	KeyMode.MAJOR	1/8	61	5/8	V7
7	1	ChordType.MAJOR	0			6	6	KeyMode.MAJOR	1/8	61	3/4	V
7	1	ChordType.MAJOR	0			6	6	KeyMode.MAJOR	1/8	61	7/8	V
6	6	ChordType.MAJOR	0			6	6	KeyMode.MAJOR	1/8	62	0	I[I
6	6	ChordType.MAJOR	0			6	6	KeyMode.MAJOR	1/8	62	1/8	I[I
5	11	ChordType.MAJOR	0			6	6	KeyMode.MAJOR	1/8	62	1/4	IV
5	11	ChordType.MAJOR	0			6	6	KeyMode.MAJOR	1/8	62	3/8	IV
6	6	ChordType.MAJOR	0			6	6	KeyMode.MAJOR	1/8	62	1/2	I
6	6	ChordType.MAJOR	0			6	6	KeyMode.MAJOR	1/8	62	5/8	I
5	11	ChordType.MAJOR	1			6	6	KeyMode.MAJOR	1/8	62	3/4	IV6
5	11	ChordType.MAJOR	1			6	6	KeyMode.MAJOR	1/8	62	7/8	IV6
7	1	ChordType.MAJOR	0			6	6	KeyMode.MAJOR	1/8	63	0	V
7	1	ChordType.MAJOR	0			6	6	KeyMode.MAJOR	1/8	63	1/8	V
5	11	ChordType.MAJOR	0			6	6	KeyMode.MAJOR	1/8	63	1/4	IV
5	11	ChordType.MAJOR	0			6	6	KeyMode.MAJOR	1/8	63	3/8	IV
6	6	ChordType.MAJOR	0			6	6	KeyMode.MAJOR	1/8	63	1/2	I]
6	6	ChordType.MAJOR	0			6	6	KeyMode.MAJOR	1/8	63	5/8	I]
6	6	ChordType.MAJOR	0			6	6	KeyMode.MAJOR	1/16	63	3/4	I]
6	6	ChordType.MAJOR	0			6	6	KeyMode.MAJOR	1/16	63	13/16	I]
6	6	ChordType.MAJOR	0			6	6	KeyMode.MAJOR	1/16	63	7/8	I]
6	6	ChordType.MAJOR	0			6	6	KeyMode.MAJOR	1/16	63	15/16	I]
7	1	ChordType.MAJ_MIN7	2			6	6	KeyMode.MAJOR	1/16	64	0	V43
7	1	ChordType.MAJ_MIN7	2			6	6	KeyMode.MAJOR	1/16	64	1/16	V43
7	1	ChordType.MAJ_MIN7	2			6	6	KeyMode.MAJOR	1/16	64	1/8	V43
7	1	ChordType.MAJ_MIN7	2			6	6	KeyMode.MAJOR	1/16	64	3/16	V43
7	1	ChordType.MAJ_MIN7	0			6	6	KeyMode.MAJOR	1/16	64	1/4	V7
7	1	ChordType.MAJ_MIN7	0			6	6	KeyMode.MAJOR	1/16	64	5/16	V7
7	1	ChordType.MAJ_MIN7	0			6	6	KeyMode.MAJOR	1/16	64	3/8	V7
7	1	ChordType.MAJ_MIN7	0			6	6	KeyMode.MAJOR	1/16	64	7/16	V7
7	1	ChordType.MAJOR	0			6	6	KeyMode.MAJOR	1/4	64	1/2	V
7	1	ChordType.MAJ_MIN7	2			6	6	KeyMode.MAJOR	1/16	64	3/4	V43
7	1	ChordType.MAJ_MIN7	2			6	6	KeyMode.MAJOR	1/16	64	13/16	V43
7	1	ChordType.MAJ_MIN7	2			6	6	KeyMode.MAJOR	1/16	64	7/8	V43
7	1	ChordType.MAJ_MIN7	2			6	6	KeyMode.MAJOR	1/16	64	15/16	V43
6	6	ChordType.MAJOR	1			6	6	KeyMode.MAJOR	1/16	65	0	I6
6	6	ChordType.MAJOR	1			6	6	KeyMode.MAJOR	1/16	65	1/16	I6
6	6	ChordType.MAJOR	1			6	6	KeyMode.MAJOR	1/16	65	1/8	I6
6	6	ChordType.MAJOR	1			6	6	KeyMode.MAJOR	1/16	65	3/16	I6
6	6	ChordType.MAJOR	1			6	6	KeyMode.MAJOR	1/16	65	1/4	I6
6	6	ChordType.MAJOR	1			6	6	KeyMode.MAJOR	1/16	65	5/16	I6
6	6	ChordType.MAJOR	1			6	6	KeyMode.MAJOR	1/16	65	3/8	I6
6	6	ChordType.MAJOR	1			6	6	KeyMode.MAJOR	1/16	65	7/16	I6
6	6	ChordType.MAJOR	1			6	6	KeyMode.MAJOR	1/4	65	1/2	I6
6	6	ChordType.MAJOR	0			6	6	KeyMode.MAJOR	1/16	65	3/4	I
6	6	ChordType.MAJOR	0			6	6	KeyMode.MAJOR	1/16	65	13/16	I
6	6	ChordType.MAJOR	0			6	6	KeyMode.MAJOR	1/16	65	7/8	I
6	6	ChordType.MAJOR	0			6	6	KeyMode.MAJOR	1/16	65	15/16	I
9	3	ChordType.MAJ_MIN7	2			8	8	KeyMode.MINOR	1/16	66	0	V43/ii
9	3	ChordType.MAJ_MIN7	2			8	8	KeyMode.MINOR	1/16	66	1/16	V43/ii
9	3	ChordType.MAJ_MIN7	2			8	8	KeyMode.MINOR	1/16	66	1/8	V43/ii
9	3	ChordType.MAJ_MIN7	2			8	8	KeyMode.MINOR	1/16	66	3/16	V43/ii
9	3	ChordType.MAJ_MIN7	0			8	8	KeyMode.MINOR	1/16	66	1/4	V7/ii
9	3	ChordType.MAJ_MIN7	0			8	8	KeyMode.MINOR	1/16	66	5/16	V7/ii
9	3	ChordType.MAJ_MIN7	0			8	8	KeyMode.MINOR	1/16	66	3/8	V7/ii
9	3	ChordType.MAJ_MIN7	0			8	8	KeyMode.MINOR	1/16	66	7/16	V7/ii
9	3	ChordType.MAJOR	0			8	8	KeyMode.MINOR	1/4	66	1/2	V/ii
9	3	ChordType.MAJ_MIN7	2			8	8	KeyMode.MINOR	1/16	66	3/4	V43/ii
9	3	ChordType.MAJ_MIN7	2			8	8	KeyMode.MINOR	1/16	66	13/16	V43/ii
9	3	ChordType.MAJ_MIN7	2			8	8	KeyMode.MINOR	1/16	66	7/8	V43/ii
9	3	ChordType.MAJ_MIN7	2			8	8	KeyMode.MINOR	1/16	66	15/16	V43/ii
8	8	ChordType.MINOR	1			6	6	KeyMode.MAJOR	1/16	67	0	ii6
8	8	ChordType.MINOR	1			6	6	KeyMode.MAJOR	1/16	67	1/16	ii6
8	8	ChordType.MINOR	1			6	6	KeyMode.MAJOR	1/16	67	1/8	ii6
8	8	ChordType.MINOR	1			6	6	KeyMode.MAJOR	1/16	67	3/16	ii6
8	8	ChordType.MINOR	1			6	6	KeyMode.MAJOR	1/16	67	1/4	ii6
8	8	ChordType.MINOR	1			6	6	KeyMode.MAJOR	1/16	67	5/16	ii6
8	8	ChordType.MINOR	1			6	6	KeyMode.MAJOR	1/16	67	3/8	ii6
8	8	ChordType.MINOR	1			6	6	KeyMode.MAJOR	1/16	67	7/16	ii6
8	8	ChordType.MINOR	1			6	6	KeyMode.MAJOR	1/4	67	1/2	ii6
4	4	ChordType.MAJOR	1			4	4	KeyMode.MAJOR	1/12	67	3/4	bVII.I6
4	4	ChordType.MAJOR	1			4	4	KeyMode.MAJOR	1/12	67	5/6	bVII.I6
4	4	ChordType.MAJOR	1			4	4	KeyMode.MAJOR	1/12	67	11/12	bVII.I6
6	6	ChordType.MINOR	1			4	4	KeyMode.MAJOR	1/12	68	0	ii6
6	6	ChordType.MINOR	1			4	4	KeyMode.MAJOR	1/12	68	1/12	ii6
6	6	ChordType.MINOR	1			4	4	KeyMode.MAJOR	1/12	68	1/6	ii6
6	6	ChordType.MINOR	1			4	4	KeyMode.MAJOR	1/12	68	1/4	ii6
6	6	ChordType.MINOR	1			4	4	KeyMode.MAJOR	1/12	68	1/3	ii6
6	6	ChordType.MINOR	1			4	4	KeyMode.MAJOR	1/12	68	5/12	ii6
5	11	ChordType.MAJ_MIN7	0			4	4	KeyMode.MAJOR	1/12	68	1/2	V7
5	11	ChordType.MAJ_MIN7	0			4	4	KeyMode.MAJOR	1/12	68	7/12	V7
5	11	ChordType.MAJ_MIN7	0			4	4	KeyMode.MAJOR	1/12	68	2/3	V7
5	11	ChordType.MAJ_MIN7	0			4	4	KeyMode.MAJOR	1/12	68	3/4	V7
5	11	ChordType.MAJ_MIN7	0			4	4	KeyMode.MAJOR	1/12	68	5/6	V7
5	11	ChordType.MAJ_MIN7	0			4	4	KeyMode.MAJOR	1/12	68	11/12	V7
4	4	ChordType.MAJOR	0			4	4	KeyMode.MAJOR	1/4	69	0	I
5	11	ChordType.MAJOR	0			4	4	KeyMode.MAJOR	1/4	69	1/4	V
4	4	ChordType.MAJOR	0			4	4	KeyMode.MAJOR	1/2	69	1/2	I|IAC}
4	4	ChordType.MAJOR	0			4	4	KeyMode.MAJOR	1/2	70	0	I|IAC}
6	6	ChordType.MINOR	1			6	6	KeyMode.MINOR	1/2	70	1/2	i.i6
5	11	ChordType.MAJOR	0			6	6	KeyMode.MINOR	1/4	71	0	IV
7	1	ChordType.MAJ_MIN7	2			6	6	KeyMode.MINOR	1/4	71	1/4	V43
6	6	ChordType.MINOR	0			6	6	KeyMode.MINOR	1/2	71	1/2	i|IAC}
6	6	ChordType.MINOR	0			6	6	KeyMode.MINOR	1/2	72	0	i|IAC}
8	8	ChordType.DIMINISHED	1			6	6	KeyMode.MINOR	1/2	72	1/2	iio6
7	1	ChordType.MAJ_MIN7	0			6	6	KeyMode.MINOR	1/4	73	0	V7
6	6	ChordType.MAJ_MIN7	0			5	11	KeyMode.MINOR	1/4	73	1/4	iv.V7
5	11	ChordType.MINOR	0			5	11	KeyMode.MINOR	1/2	73	1/2	i|PAC}
5	11	ChordType.MINOR	0			5	11	KeyMode.MINOR	1/2	74	0	i|PAC}
7	1	ChordType.DIMINISHED	1			5	11	KeyMode.MINOR	1/2	74	1/2	iio6
6	6	ChordType.MAJ_MIN7	0			5	11	KeyMode.MINOR	1/4	75	0	V7
5	11	ChordType.MINOR	0			5	11	KeyMode.MINOR	1/4	75	1/4	i
6	6	ChordType.MAJ_MIN7	1			5	11	KeyMode.MAJOR	1/2	75	1/2	IV.V65|HC}
10	10	ChordType.DIMINISHED	1			5	11	KeyMode.MAJOR	1/4	76	0	viio6{
5	11	ChordType.MAJOR	0			5	11	KeyMode.MAJOR	1/4	76	1/4	I
10	10	ChordType.DIMINISHED	0			5	11	KeyMode.MAJOR	1/2	76	1/2	viio
6	6	ChordType.MAJOR	1			5	11	KeyMode.MAJOR	1/2	77	0	V6
6	6	ChordType.MAJ_MIN7	0			5	11	KeyMode.MAJOR	1/2	77	1/2	V7
5	11	ChordType.MAJOR	0			5	11	KeyMode.MAJOR	1/4	78	0	I|IAC}
5	11	ChordType.MAJOR	1			5	11	KeyMode.MAJOR	1/16	78	1/4	I6{
5	11	ChordType.MAJOR	1			5	11	KeyMode.MAJOR	1/16	78	5/16	I6{
5	11	ChordType.MAJOR	1			5	11	KeyMode.MAJOR	1/16	78	3/8	I6{
5	11	ChordType.MAJOR	1			5	11	KeyMode.MAJOR	1/16	78	7/16	I6{
5	11	ChordType.MAJOR	0			5	11	KeyMode.MAJOR	1/4	78	1/2	I
5	11	ChordType.MAJOR	0			5	11	KeyMode.MAJOR	1/4	78	3/4	I
10	10	ChordType.DIMINISHED	1	10:5	10:11	5	11	KeyMode.MAJOR	1/4	79	0	viio6(2)
10	10	ChordType.DIMINISHED	1			5	11	KeyMode.MAJOR	3/16	79	1/4	viio6
10	10	ChordType.DIMINISHED	1			5	11	KeyMode.MAJOR	1/16	79	7/16	viio6
10	10	ChordType.DIMINISHED	1			5	11	KeyMode.MAJOR	1/4	79	1/2	viio6
10	10	ChordType.DIMINISHED	1			5	11	KeyMode.MAJOR	1/4	79	3/4	viio6
9	3	ChordType.MAJ_MIN7	3			8	8	KeyMode.MINOR	1/16	80	0	I.V2/ii
9	3	ChordType.MAJ_MIN7	3			8	8	KeyMode.MINOR	1/16	80	1/16	I.V2/ii
9	3	ChordType.MAJ_MIN7	3			8	8	KeyMode.MINOR	1/16	80	1/8	I.V2/ii
9	3	ChordType.MAJ_MIN7	3			8	8	KeyMode.MINOR	1/16	80	3/16	I.V2/ii
9	3	ChordType.MAJ_MIN7	3			8	8	KeyMode.MINOR	1/16	80	1/4	I.V2/ii
9	3	ChordType.MAJ_MIN7	3			8	8	KeyMode.MINOR	1/16	80	5/16	I.V2/ii
9	3	ChordType.MAJ_MIN7	3			8	8	KeyMode.MINOR	1/16	80	3/8	I.V2/ii
9	3	ChordType.MAJ_MIN7	3			8	8	KeyMode.MINOR	1/16	80	7/16	I.V2/ii
9	3	ChordType.MAJ_MIN7	2			8	8	KeyMode.MINOR	1/16	80	1/2	V43/ii
9	3	ChordType.MAJ_MIN7	2			8	8	KeyMode.MINOR	1/16	80	9/16	V43/ii
9	3	ChordType.MAJ_MIN7	2			8	8	KeyMode.MINOR	1/16	80	5/8	V43/ii
9	3	ChordType.MAJ_MIN7	2			8	8	KeyMode.MINOR	1/16	80	11/16	V43/ii
9	3	ChordType.MAJ_MIN7	0			8	8	KeyMode.MINOR	1/16	80	3/4	V7/ii
9	3	ChordType.MAJ_MIN7	0			8	8	KeyMode.MINOR	1/16	80	13/16	V7/ii
9	3	ChordType.MAJ_MIN7	0			8	8	KeyMode.MINOR	1/16	80	7/8	V7/ii
9	3	ChordType.MAJ_MIN7	0			8	8	KeyMode.MINOR	1/16	80	15/16	V7/ii
9	3	ChordType.MAJOR	0	10:5;13:8	10:11;7:8	8	8	KeyMode.MINOR	1/16	81	0	V(64)/ii
9	3	ChordType.MAJOR	0	10:5;13:8	10:11;7:8	8	8	KeyMode.MINOR	1/16	81	1/16	V(64)/ii
9	3	ChordType.MAJOR	0	10:5;13:8	10:11;7:8	8	8	KeyMode.MINOR	1/16	81	1/8	V(64)/ii
9	3	ChordType.MAJOR	0	10:5;13:8	10:11;7:8	8	8	KeyMode.MINOR	1/16	81	3/16	V(64)/ii
9	3	ChordType.MAJ_MIN7	3			8	8	KeyMode.MINOR	1/16	81	1/4	V2/ii
9	3	ChordType.MAJ_MIN7	3			8	8	KeyMode.MINOR	1/16	81	5/16	V2/ii
9	3	ChordType.MAJ_MIN7	3			8	8	KeyMode.MINOR	1/16	81	3/8	V2/ii
9	3	ChordType.MAJ_MIN7	3			8	8	KeyMode.MINOR	1/16	81	7/16	V2/ii
8	8	ChordType.MINOR	1			6	6	KeyMode.MAJOR	1/16	81	1/2	ii6
8	8	ChordType.MINOR	1			6	6	KeyMode.MAJOR	1/16	81	9/16	ii6
8	8	ChordType.MINOR	1			6	6	KeyMode.MAJOR	1/16	81	5/8	ii6
8	8	ChordType.MINOR	1			6	6	KeyMode.MAJOR	1/16	81	11/16	ii6
8	8	ChordType.MINOR	1			6	6	KeyMode.MAJOR	1/16	81	3/4	ii6
8	8	ChordType.MINOR	1			6	6	KeyMode.MAJOR	1/16	81	13/16	ii6
8	8	ChordType.MINOR	1			6	6	KeyMode.MAJOR	1/16	81	7/8	ii6
8	8	ChordType.MINOR	1			6	6	KeyMode.MAJOR	1/16	81	15/16	ii6
11	5	ChordType.DIM7	2			6	6	KeyMode.MAJOR	1/16	82	0	viio43
11	5	ChordType.DIM7	2			6	6	KeyMode.MAJOR	1/16	82	1/16	viio43
11	5	ChordType.DIM7	2			6	6	KeyMode.MAJOR	1/16	82	1/8	viio43
11	5	ChordType.DIM7	2			6	6	KeyMode.MAJOR	1/16	82	3/16	viio43
7	1	ChordType.MAJ_MIN7	3			6	6	KeyMode.MAJOR	1/16	82	1/4	V2
7	1	ChordType.MAJ_MIN7	3			6	6	KeyMode.MAJOR	1/16	82	5/16	V2
7	1	ChordType.MAJ_MIN7	3			6	6	KeyMode.MAJOR	1/16	82	3/8	V2
7	1	ChordType.MAJ_MIN7	3			6	6	KeyMode.MAJOR	1/16	82	7/16	V2
11	5	ChordType.DIM7	2			6	6	KeyMode.MAJOR	1/16	82	1/2	viio43
11	5	ChordType.DIM7	2			6	6	KeyMode.MAJOR	1/16	82	9/16	viio43
11	5	ChordType.DIM7	2			6	6	KeyMode.MAJOR	1/16	82	5/8	viio43
11	5	ChordType.DIM7	2			6	6	KeyMode.MAJOR	1/16	82	11/16	viio43
7	1	ChordType.MAJ_MIN7	3			6	6	KeyMode.MAJOR	1/16	82	3/4	V2
7	1	ChordType.MAJ_MIN7	3			6	6	KeyMode.MAJOR	1/16	82	13/16	V2
7	1	ChordType.MAJ_MIN7	3			6	6	KeyMode.MAJOR	1/16	82	7/8	V2
7	1	ChordType.MAJ_MIN7	3			6	6	KeyMode.MAJOR	1/16	82	15/16	V2
11	5	ChordType.DIM7	2			6	6	KeyMode.MAJOR	1/16	83	0	viio43
11	5	ChordType.DIM7	2			6	6	KeyMode.MAJOR	1/16	83	1/16	viio43
11	5	ChordType.DIM7	2			6	6	KeyMode.MAJOR	1/16	83	1/8	viio43
11	5	ChordType.DIM7	2			6	6	KeyMode.MAJOR	1/16	83	3/16	viio43
7	1	ChordType.MAJ_MIN7	3			6	6	KeyMode.MAJOR	1/16	83	1/4	V2
7	1	ChordType.MAJ_MIN7	3			6	6	KeyMode.MAJOR	1/16	83	5/16	V2
7	1	ChordType.MAJ_MIN7	3			6	6	KeyMode.MAJOR	1/16	83	3/8	V2
7	1	ChordType.MAJ_MIN7	3			6	6	KeyMode.MAJOR	1/16	83	7/16	V2
7	1	ChordType.MAJ_MIN7	2			6	6	KeyMode.MAJOR	1/16	83	1/2	V43
7	1	ChordType.MAJ_MIN7	2			6	6	KeyMode.MAJOR	1/16	83	9/16	V43
7	1	ChordType.MAJ_MIN7	2			6	6	KeyMode.MAJOR	1/16	83	5/8	V43
7	1	ChordType.MAJ_MIN7	2			6	6	KeyMode.MAJOR	1/16	83	11/16	V43
8	8	ChordType.MINOR	1			6	6	KeyMode.MAJOR	1/16	83	3/4	ii6
8	8	ChordType.MINOR	1			6	6	KeyMode.MAJOR	1/16	83	13/16	ii6
8	8	ChordType.MINOR	1			6	6	KeyMode.MAJOR	1/16	83	7/8	ii6
8	8	ChordType.MINOR	1			6	6	KeyMode.MAJOR	1/16	83	15/16	ii6
11	5	ChordType.DIM7	2			6	6	KeyMode.MAJOR	1/16	84	0	viio43
11	5	ChordType.DIM7	2			6	6	KeyMode.MAJOR	1/16	84	1/16	viio43
11	5	ChordType.DIM7	2			6	6	KeyMode.MAJOR	1/16	84	1/8	viio43
11	5	ChordType.DIM7	2			6	6	KeyMode.MAJOR	1/16	84	3/16	viio43
7	1	ChordType.MAJ_MIN7	3			6	6	KeyMode.MAJOR	1/16	84	1/4	V2
7	1	ChordType.MAJ_MIN7	3			6	6	KeyMode.MAJOR	1/16	84	5/16	V2
7	1	ChordType.MAJ_MIN7	3			6	6	KeyMode.MAJOR	1/16	84	3/8	V2
7	1	ChordType.MAJ_MIN7	3			6	6	KeyMode.MAJOR	1/16	84	7/16	V2
11	5	ChordType.DIM7	2			6	6	KeyMode.MAJOR	1/16	84	1/2	viio43
11	5	ChordType.DIM7	2			6	6	KeyMode.MAJOR	1/16	84	9/16	viio43
11	5	ChordType.DIM7	2			6	6	KeyMode.MAJOR	1/16	84	5/8	viio43
11	5	ChordType.DIM7	2			6	6	KeyMode.MAJOR	1/16	84	11/16	viio43
7	1	ChordType.MAJ_MIN7	3			6	6	KeyMode.MAJOR	1/16	84	3/4	V2
7	1	ChordType.MAJ_MIN7	3			6	6	KeyMode.MAJOR	1/16	84	13/16	V2
7	1	ChordType.MAJ_MIN7	3			6	6	KeyMode.MAJOR	1/16	84	7/8	V2
7	1	ChordType.MAJ_MIN7	3			6	6	KeyMode.MAJOR	1/16	84	15/16	V2
11	5	ChordType.DIM7	2			6	6	KeyMode.MAJOR	1/16	85	0	viio43
11	5	ChordType.DIM7	2			6	6	KeyMode.MAJOR	1/16	85	1/16	viio43
11	5	ChordType.DIM7	2			6	6	KeyMode.MAJOR	1/16	85	1/8	viio43
11	5	ChordType.DIM7	2			6	6	KeyMode.MAJOR	1/16	85	3/16	viio43
7	1	ChordType.MAJ_MIN7	3			6	6	KeyMode.MAJOR	1/16	85	1/4	V2
7	1	ChordType.MAJ_MIN7	3			6	6	KeyMode.MAJOR	1/16	85	5/16	V2
7	1	ChordType.MAJ_MIN7	3			6	6	KeyMode.MAJOR	1/16	85	3/8	V2
7	1	ChordType.MAJ_MIN7	3			6	6	KeyMode.MAJOR	1/16	85	7/16	V2
7	1	ChordType.MAJ_MIN7	2			6	6	KeyMode.MAJOR	1/16	85	1/2	V43
7	1	ChordType.MAJ_MIN7	2			6	6	KeyMode.MAJOR	1/16	85	9/16	V43
7	1	ChordType.MAJ_MIN7	2			6	6	KeyMode.MAJOR	1/16	85	5/8	V43
7	1	ChordType.MAJ_MIN7	2			6	6	KeyMode.MAJOR	1/16	85	11/16	V43
8	8	ChordType.MINOR	1			6	6	KeyMode.MAJOR	1/16	85	3/4	ii6
8	8	ChordType.MINOR	1			6	6	KeyMode.MAJOR	1/16	85	13/16	ii6
8	8	ChordType.MINOR	1			6	6	KeyMode.MAJOR	1/16	85	7/8	ii6
8	8	ChordType.MINOR	1			6	6	KeyMode.MAJOR	1/16	85	15/16	ii6
7	1	ChordType.MAJ_MIN7	3			6	6	KeyMode.MAJOR	1/16	86	0	V2
7	1	ChordType.MAJ_MIN7	3			6	6	KeyMode.MAJOR	1/16	86	1/16	V2
7	1	ChordType.MAJ_MIN7	3			6	6	KeyMode.MAJOR	1/16	86	1/8	V2
7	1	ChordType.MAJ_MIN7	3			6	6	KeyMode.MAJOR	1/16	86	3/16	V2
6	6	ChordType.MAJOR	1			6	6	KeyMode.MAJOR	1/16	86	1/4	I6
6	6	ChordType.MAJOR	1			6	6	KeyMode.MAJOR	1/16	86	5/16	I6
6	6	ChordType.MAJOR	1			6	6	KeyMode.MAJOR	1/16	86	3/8	I6
6	6	ChordType.MAJOR	1			6	6	KeyMode.MAJOR	1/16	86	7/16	I6
6	6	ChordType.MAJOR	1			6	6	KeyMode.MAJOR	1/16	86	1/2	I6
6	6	ChordType.MAJOR	1			6	6	KeyMode.MAJOR	1/16	86	9/16	I6
6	6	ChordType.MAJOR	1			6	6	KeyMode.MAJOR	1/16	86	5/8	I6
6	6	ChordType.MAJOR	1			6	6	KeyMode.MAJOR	1/16	86	11/16	I6
6	6	ChordType.MAJOR	1			6	6	KeyMode.MAJOR	1/16	86	3/4	I6
6	6	ChordType.MAJOR	1			6	6	KeyMode.MAJOR	1/16	86	13/16	I6
6	6	ChordType.MAJOR	1			6	6	KeyMode.MAJOR	1/16	86	7/8	I6
6	6	ChordType.MAJOR	1			6	6	KeyMode.MAJOR	1/16	86	15/16	I6
6	6	ChordType.MAJOR	1	7:12;10:15	1:0;10:9	6	6	KeyMode.MAJOR	1/16	87	0	I6(#4#2)
6	6	ChordType.MAJOR	1	7:12;10:15	1:0;10:9	6	6	KeyMode.MAJOR	1/16	87	1/16	I6(#4#2)
6	6	ChordType.MAJOR	1	7:12;10:15	1:0;10:9	6	6	KeyMode.MAJOR	1/16	87	1/8	I6(#4#2)
6	6	ChordType.MAJOR	1	7:12;10:15	1:0;10:9	6	6	KeyMode.MAJOR	1/16	87	3/16	I6(#4#2)
6	6	ChordType.MAJOR	1	7:12;10:15	1:0;10:9	6	6	KeyMode.MAJOR	1/16	87	1/4	I6(#4#2)
6	6	ChordType.MAJOR	1	7:12;10:15	1:0;10:9	6	6	KeyMode.MAJOR	1/16	87	5/16	I6(#4#2)
6	6	ChordType.MAJOR	1	7:12;10:15	1:0;10:9	6	6	KeyMode.MAJOR	1/16	87	3/8	I6(#4#2)
6	6	ChordType.MAJOR	1	7:12;10:15	1:0;10:9	6	6	KeyMode.MAJOR	1/16	87	7/16	I6(#4#2)
6	6	ChordType.MAJOR	1	7:12;10:15	1:0;10:9	6	6	KeyMode.MAJOR	1/16	87	1/2	I6(#4#2)
6	6	ChordType.MAJOR	1	7:12;10:15	1:0;10:9	6	6	KeyMode.MAJOR	1/16	87	9/16	I6(#4#2)
6	6	ChordType.MAJOR	1	7:12;10:15	1:0;10:9	6	6	KeyMode.MAJOR	1/16	87	5/8	I6(#4#2)
6	6	ChordType.MAJOR	1	7:12;10:15	1:0;10:9	6	6	KeyMode.MAJOR	1/16	87	11/16	I6(#4#2)
6	6	ChordType.MAJOR	1	7:12;10:15	1:0;10:9	6	6	KeyMode.MAJOR	1/16	87	3/4	I6(#4#2)
6	6	ChordType.MAJOR	1	7:12;10:15	1:0;10:9	6	6	KeyMode.MAJOR	1/16	87	13/16	I6(#4#2)
6	6	ChordType.MAJOR	1	7:12;10:15	1:0;10:9	6	6	KeyMode.MAJOR	1/16	87	7/8	I6(#4#2)
6	6	ChordType.MAJOR	1	7:12;10:15	1:0;10:9	6	6	KeyMode.MAJOR	1/16	87	15/16	I6(#4#2)
12	0	ChordType.DIM7	1	:2	:2	7	1	KeyMode.MAJOR	1/16	88	0	Ger6
12	0	ChordType.DIM7	1	:2	:2	7	1	KeyMode.MAJOR	1/16	88	1/16	Ger6
12	0	ChordType.DIM7	1	:2	:2	7	1	KeyMode.MAJOR	1/16	88	1/8	Ger6
12	0	ChordType.DIM7	1	:2	:2	7	1	KeyMode.MAJOR	1/16	88	3/16	Ger6
12	0	ChordType.DIM7	1	:2	:2	7	1	KeyMode.MAJOR	1/16	88	1/4	Ger6
12	0	ChordType.DIM7	1	:2	:2	7	1	KeyMode.MAJOR	1/16	88	5/16	Ger6
12	0	ChordType.DIM7	1	:2	:2	7	1	KeyMode.MAJOR	1/16	88	3/8	Ger6
12	0	ChordType.DIM7	1	:2	:2	7	1	KeyMode.MAJOR	1/16	88	7/16	Ger6
12	0	ChordType.DIM7	1	:2	:2	7	1	KeyMode.MAJOR	1/16	88	1/2	Ger6
12	0	ChordType.DIM7	1	:2	:2	7	1	KeyMode.MAJOR	1/16	88	9/16	Ger6
12	0	ChordType.DIM7	1	:2	:2	7	1	KeyMode.MAJOR	1/16	88	5/8	Ger6
12	0	ChordType.DIM7	1	:2	:2	7	1	KeyMode.MAJOR	1/16	88	11/16	Ger6
12	0	ChordType.DIM7	1	:2	:2	7	1	KeyMode.MAJOR	1/16	88	3/4	Ger6
12	0	ChordType.DIM7	1	:2	:2	7	1	KeyMode.MAJOR	1/16	88	13/16	Ger6
12	0	ChordType.DIM7	1	:2	:2	7	1	KeyMode.MAJOR	1/16	88	7/8	Ger6
12	0	ChordType.DIM7	1	:2	:2	7	1	KeyMode.MAJOR	1/16	88	15/16	Ger6
7	1	ChordType.MAJ_MIN7	0	11:6	5:6	6	6	KeyMode.MAJOR	1/16	89	0	V7(4)
7	1	ChordType.MAJ_MIN7	0	11:6	5:6	6	6	KeyMode.MAJOR	1/16	89	1/16	V7(4)
7	1	ChordType.MAJ_MIN7	0	11:6	5:6	6	6	KeyMode.MAJOR	1/16	89	1/8	V7(4)
7	1	ChordType.MAJ_MIN7	0	11:6	5:6	6	6	KeyMode.MAJOR	1/16	89	3/16	V7(4)
7	1	ChordType.MAJ_MIN7	0	11:6	5:6	6	6	KeyMode.MAJOR	1/16	89	1/4	V7(4)
7	1	ChordType.MAJ_MIN7	0	11:6	5:6	6	6	KeyMode.MAJOR	1/16	89	5/16	V7(4)
7	1	ChordType.MAJ_MIN7	0	11:6	5:6	6	6	KeyMode.MAJOR	1/16	89	3/8	V7(4)
7	1	ChordType.MAJ_MIN7	0	11:6	5:6	6	6	KeyMode.MAJOR	1/16	89	7/16	V7(4)
7	1	ChordType.MAJ_MIN7	0			6	6	KeyMode.MAJOR	1/16	89	1/2	V7
7	1	ChordType.MAJ_MIN7	0			6	6	KeyMode.MAJOR	1/16	89	9/16	V7
7	1	ChordType.MAJ_MIN7	0			6	6	KeyMode.MAJOR	1/16	89	5/8	V7
7	1	ChordType.MAJ_MIN7	0			6	6	KeyMode.MAJOR	1/16	89	11/16	V7
7	1	ChordType.MAJ_MIN7	0			6	6	KeyMode.MAJOR	1/16	89	3/4	V7
7	1	ChordType.MAJ_MIN7	0			6	6	KeyMode.MAJOR	1/16	89	13/16	V7
7	1	ChordType.MAJ_MIN7	0			6	6	KeyMode.MAJOR	1/16	89	7/8	V7
7	1	ChordType.MAJ_MIN7	0			6	6	KeyMode.MAJOR	1/16	89	15/16	V7
6	6	ChordType.MAJOR	0			6	6	KeyMode.MAJOR	1/2	90	0	I|PAC}
6	6	ChordType.MAJOR	0			6	6	KeyMode.MAJOR	1/12	90	1/2	I|PAC}
6	6	ChordType.MAJOR	0			6	6	KeyMode.MAJOR	1/12	90	7/12	I|PAC}
6	6	ChordType.MAJOR	0			6	6	KeyMode.MAJOR	1/12	90	2/3	I|PAC}
6	6	ChordType.MAJOR	0	7:9;10:5	1:3;10:11	6	6	KeyMode.MAJOR	1/12	90	3/4	I(64)
6	6	ChordType.MAJOR	0	7:9;10:5	1:3;10:11	6	6	KeyMode.MAJOR	1/12	90	5/6	I(64)
6	6	ChordType.MAJOR	0	7:9;10:5	1:3;10:11	6	6	KeyMode.MAJOR	1/12	90	11/12	I(64)
6	6	ChordType.MAJOR	0			6	6	KeyMode.MAJOR	1/12	91	0	I
6	6	ChordType.MAJOR	0			6	6	KeyMode.MAJOR	1/12	91	1/12	I
6	6	ChordType.MAJOR	0			6	6	KeyMode.MAJOR	1/12	91	1/6	I
6	6	ChordType.MAJOR	0			6	6	KeyMode.MAJOR	1/12	91	1/4	I
6	6	ChordType.MAJOR	0			6	6	KeyMode.MAJOR	1/12	91	1/3	I
6	6	ChordType.MAJOR	0			6	6	KeyMode.MAJOR	1/12	91	5/12	I
6	6	ChordType.MAJOR	0			6	6	KeyMode.MAJOR	1/12	91	1/2	I
6	6	ChordType.MAJOR	0			6	6	KeyMode.MAJOR	1/12	91	7/12	I
6	6	ChordType.MAJOR	0			6	6	KeyMode.MAJOR	1/12	91	2/3	I
7	1	ChordType.MAJ_MIN7	0			6	6	KeyMode.MAJOR	1/12	91	3/4	V7
7	1	ChordType.MAJ_MIN7	0			6	6	KeyMode.MAJOR	1/12	91	5/6	V7
7	1	ChordType.MAJ_MIN7	0			6	6	KeyMode.MAJOR	1/12	91	11/12	V7
6	6	ChordType.MAJOR	0			6	6	KeyMode.MAJOR	1/4	92	0	I|IAC}{
6	6	ChordType.MAJOR	0			6	6	KeyMode.MAJOR	1/12	92	1/4	I|IAC}{
6	6	ChordType.MAJOR	0			6	6	KeyMode.MAJOR	1/12	92	1/3	I|IAC}{
6	6	ChordType.MAJOR	0			6	6	KeyMode.MAJOR	1/12	92	5/12	I|IAC}{
6	6	ChordType.MAJOR	0			6	6	KeyMode.MAJOR	1/12	92	1/2	I|IAC}{
6	6	ChordType.MAJOR	0			6	6	KeyMode.MAJOR	1/12	92	7/12	I|IAC}{
6	6	ChordType.MAJOR	0			6	6	KeyMode.MAJOR	1/12	92	2/3	I|IAC}{
6	6	ChordType.MAJOR	0	7:9;10:5	1:3;10:11	6	6	KeyMode.MAJOR	1/12	92	3/4	I(64)
6	6	ChordType.MAJOR	0	7:9;10:5	1:3;10:11	6	6	KeyMode.MAJOR	1/12	92	5/6	I(64)
6	6	ChordType.MAJOR	0	7:9;10:5	1:3;10:11	6	6	KeyMode.MAJOR	1/12	92	11/12	I(64)
6	6	ChordType.MAJOR	0			6	6	KeyMode.MAJOR	1/12	93	0	I
6	6	ChordType.MAJOR	0			6	6	KeyMode.MAJOR	1/12	93	1/12	I
6	6	ChordType.MAJOR	0			6	6	KeyMode.MAJOR	1/12	93	1/6	I
6	6	ChordType.MAJOR	0			6	6	KeyMode.MAJOR	1/12	93	1/4	I
6	6	ChordType.MAJOR	0			6	6	KeyMode.MAJOR	1/12	93	1/3	I
6	6	ChordType.MAJOR	0			6	6	KeyMode.MAJOR	1/12	93	5/12	I
9	3	ChordType.MAJ_MIN7	0			8	8	KeyMode.MINOR	1/4	93	1/2	V7/ii
8	8	ChordType.MINOR	0			6	6	KeyMode.MAJOR	1/4	93	3/4	ii
7	1	ChordType.MAJ_MIN7	0			6	6	KeyMode.MAJOR	1/2	94	0	V7|HC}{
7	1	ChordType.MAJ_MIN7	0			6	6	KeyMode.MAJOR	1/16	94	1/2	V7|HC}{
7	1	ChordType.MAJ_MIN7	0			6	6	KeyMode.MAJOR	1/16	94	9/16	V7|HC}{
7	1	ChordType.MAJ_MIN7	0			6	6	KeyMode.MAJOR	1/16	94	5/8	V7|HC}{
7	1	ChordType.MAJ_MIN7	0			6	6	KeyMode.MAJOR	1/16	94	11/16	V7|HC}{
7	1	ChordType.MAJ_MIN7	0			6	6	KeyMode.MAJOR	1/16	94	3/4	V7|HC}{
7	1	ChordType.MAJ_MIN7	0			6	6	KeyMode.MAJOR	1/16	94	13/16	V7|HC}{
7	1	ChordType.MAJ_MIN7	0			6	6	KeyMode.MAJOR	1/16	94	7/8	V7|HC}{
7	1	ChordType.MAJ_MIN7	0			6	6	KeyMode.MAJOR	1/16	94	15/16	V7|HC}{
6	6	ChordType.MAJOR	0			6	6	KeyMode.MAJOR	1/16	95	0	I|PAC}{
6	6	ChordType.MAJOR	0			6	6	KeyMode.MAJOR	1/16	95	1/16	I|PAC}{
6	6	ChordType.MAJOR	0			6	6	KeyMode.MAJOR	1/16	95	1/8	I|PAC}{
6	6	ChordType.MAJOR	0			6	6	KeyMode.MAJOR	1/16	95	3/16	I|PAC}{
6	6	ChordType.MAJOR	0			6	6	KeyMode.MAJOR	1/16	95	1/4	I|PAC}{
6	6	ChordType.MAJOR	0			6	6	KeyMode.MAJOR	1/16	95	5/16	I|PAC}{
6	6	ChordType.MAJOR	0			6	6	KeyMode.MAJOR	1/16	95	3/8	I|PAC}{
6	6	ChordType.MAJOR	0			6	6	KeyMode.MAJOR	1/16	95	7/16	I|PAC}{
9	3	ChordType.MAJOR	0			8	8	KeyMode.MINOR	1/4	95	1/2	V/ii
8	8	ChordType.MINOR	0			6	6	KeyMode.MAJOR	1/4	95	3/4	ii
7	1	ChordType.MAJ_MIN7	0			6	6	KeyMode.MAJOR	1/2	96	0	V7|HC}{
7	1	ChordType.MAJ_MIN7	0			6	6	KeyMode.MAJOR	1/16	96	1/2	V7|HC}{
7	1	ChordType.MAJ_MIN7	0			6	6	KeyMode.MAJOR	1/16	96	9/16	V7|HC}{
7	1	ChordType.MAJ_MIN7	0			6	6	KeyMode.MAJOR	1/16	96	5/8	V7|HC}{
7	1	ChordType.MAJ_MIN7	0			6	6	KeyMode.MAJOR	1/16	96	11/16	V7|HC}{
7	1	ChordType.MAJ_MIN7	0			6	6	KeyMode.MAJOR	1/16	96	3/4	V7|HC}{
7	1	ChordType.MAJ_MIN7	0			6	6	KeyMode.MAJOR	1/16	96	13/16	V7|HC}{
7	1	ChordType.MAJ_MIN7	0			6	6	KeyMode.MAJOR	1/16	96	7/8	V7|HC}{
7	1	ChordType.MAJ_MIN7	0			6	6	KeyMode.MAJOR	1/16	96	15/16	V7|HC}{
6	6	ChordType.MAJOR	0			6	6	KeyMode.MAJOR	1/16	97	0	I|PAC}{
6	6	ChordType.MAJOR	0			6	6	KeyMode.MAJOR	1/16	97	1/16	I|PAC}{
6	6	ChordType.MAJOR	0			6	6	KeyMode.MAJOR	1/16	97	1/8	I|PAC}{
6	6	ChordType.MAJOR	0			6	6	KeyMode.MAJOR	1/16	97	3/16	I|PAC}{
6	6	ChordType.MAJOR	1			6	6	KeyMode.MAJOR	1/16	97	1/4	I6
6	6	ChordType.MAJOR	1			6	6	KeyMode.MAJOR	1/16	97	5/16	I6
6	6	ChordType.MAJOR	1			6	6	KeyMode.MAJOR	1/16	97	3/8	I6
6	6	ChordType.MAJOR	1			6	6	KeyMode.MAJOR	1/16	97	7/16	I6
7	1	ChordType.MAJ_MIN7	0			6	6	KeyMode.MAJOR	1/16	97	1/2	V7
7	1	ChordType.MAJ_MIN7	0			6	6	KeyMode.MAJOR	1/16	97	9/16	V7
7	1	ChordType.MAJ_MIN7	0			6	6	KeyMode.MAJOR	1/16	97	5/8	V7
7	1	ChordType.MAJ_MIN7	0			6	6	KeyMode.MAJOR	1/16	97	11/16	V7
7	1	ChordType.MAJ_MIN7	0			6	6	KeyMode.MAJOR	1/16	97	3/4	V7
7	1	ChordType.MAJ_MIN7	0			6	6	KeyMode.MAJOR	1/16	97	13/16	V7
7	1	ChordType.MAJ_MIN7	0			6	6	KeyMode.MAJOR	1/16	97	7/8	V7
7	1	ChordType.MAJ_MIN7	0			6	6	KeyMode.MAJOR	1/16	97	15/16	V7
6	6	ChordType.MAJOR	0			6	6	KeyMode.MAJOR	1/16	98	0	I|PAC}
6	6	ChordType.MAJOR	0			6	6	KeyMode.MAJOR	1/16	98	1/16	I|PAC}
6	6	ChordType.MAJOR	0			6	6	KeyMode.MAJOR	1/16	98	1/8	I|PAC}
6	6	ChordType.MAJOR	0			6	6	KeyMode.MAJOR	1/16	98	3/16	I|PAC}
6	6	ChordType.MAJOR	1			6	6	KeyMode.MAJOR	1/16	98	1/4	I6
6	6	ChordType.MAJOR	1			6	6	KeyMode.MAJOR	1/16	98	5/16	I6
6	6	ChordType.MAJOR	1			6	6	KeyMode.MAJOR	1/16	98	3/8	I6
6	6	ChordType.MAJOR	1			6	6	KeyMode.MAJOR	1/16	98	7/16	I6
7	1	ChordType.MAJ_MIN7	3			6	6	KeyMode.MAJOR	1/16	98	1/2	V2
7	1	ChordType.MAJ_MIN7	3			6	6	KeyMode.MAJOR	1/16	98	9/16	V2
7	1	ChordType.MAJ_MIN7	3			6	6	KeyMode.MAJOR	1/16	98	5/8	V2
7	1	ChordType.MAJ_MIN7	3			6	6	KeyMode.MAJOR	1/16	98	11/16	V2
7	1	ChordType.MAJ_MIN7	3			6	6	KeyMode.MAJOR	1/16	98	3/4	V2
7	1	ChordType.MAJ_MIN7	3			6	6	KeyMode.MAJOR	1/16	98	13/16	V2
7	1	ChordType.MAJ_MIN7	3			6	6	KeyMode.MAJOR	1/16	98	7/8	V2
7	1	ChordType.MAJ_MIN7	3			6	6	KeyMode.MAJOR	1/16	98	15/16	V2
7	1	ChordType.MAJ_MIN7	3			6	6	KeyMode.MAJOR	1/16	99	0	V2
7	1	ChordType.MAJ_MIN7	3			6	6	KeyMode.MAJOR	1/16	99	1/16	V2
7	1	ChordType.MAJ_MIN7	3			6	6	KeyMode.MAJOR	1/16	99	1/8	V2
7	1	ChordType.MAJ_MIN7	3			6	6	KeyMode.MAJOR	1/16	99	3/16	V2
7	1	ChordType.MAJ_MIN7	0			6	6	KeyMode.MAJOR	1/16	99	1/4	V7
7	1	ChordType.MAJ_MIN7	0			6	6	KeyMode.MAJOR	1/16	99	5/16	V7
7	1	ChordType.MAJ_MIN7	0			6	6	KeyMode.MAJOR	1/16	99	3/8	V7
7	1	ChordType.MAJ_MIN7	0			6	6	KeyMode.MAJOR	1/16	99	7/16	V7
7	1	ChordType.MAJ_MIN7	0			6	6	KeyMode.MAJOR	1/16	99	1/2	V7
7	1	ChordType.MAJ_MIN7	0			6	6	KeyMode.MAJOR	1/16	99	9/16	V7
7	1	ChordType.MAJ_MIN7	0			6	6	KeyMode.MAJOR	1/16	99	5/8	V7
7	1	ChordType.MAJ_MIN7	0			6	6	KeyMode.MAJOR	1/16	99	11/16	V7
7	1	ChordType.MAJ_MIN7	0			6	6	KeyMode.MAJOR	1/16	99	3/4	V7
7	1	ChordType.MAJ_MIN7	0			6	6	KeyMode.MAJOR	1/16	99	13/16	V7
7	1	ChordType.MAJ_MIN7	0			6	6	KeyMode.MAJOR	1/16	99	7/8	V7
7	1	ChordType.MAJ_MIN7	0			6	6	KeyMode.MAJOR	1/16	99	15/16	V7
7	1	ChordType.MAJ_MIN7	0			6	6	KeyMode.MAJOR	1/16	100	0	V7
7	1	ChordType.MAJ_MIN7	0			6	6	KeyMode.MAJOR	1/16	100	1/16	V7
7	1	ChordType.MAJ_MIN7	0			6	6	KeyMode.MAJOR	1/16	100	1/8	V7
7	1	ChordType.MAJ_MIN7	0			6	6	KeyMode.MAJOR	1/16	100	3/16	V7
7	1	ChordType.MAJOR	0	8:10;11:6	8:10;5:6	6	6	KeyMode.MAJOR	1/16	100	1/4	V(64)
7	1	ChordType.MAJOR	0	8:10;11:6	8:10;5:6	6	6	KeyMode.MAJOR	1/16	100	5/16	V(64)
7	1	ChordType.MAJOR	0	8:10;11:6	8:10;5:6	6	6	KeyMode.MAJOR	1/16	100	3/8	V(64)
7	1	ChordType.MAJOR	0	8:10;11:6	8:10;5:6	6	6	KeyMode.MAJOR	1/16	100	7/16	V(64)
6	6	ChordType.MAJOR	1			6	6	KeyMode.MAJOR	1/16	100	1/2	I6
6	6	ChordType.MAJOR	1			6	6	KeyMode.MAJOR	1/16	100	9/16	I6
6	6	ChordType.MAJOR	1			6	6	KeyMode.MAJOR	1/16	100	5/8	I6
6	6	ChordType.MAJOR	1			6	6	KeyMode.MAJOR	1/16	100	11/16	I6
6	6	ChordType.MAJOR	1			6	6	KeyMode.MAJOR	1/16	100	3/4	I6
6	6	ChordType.MAJOR	1			6	6	KeyMode.MAJOR	1/16	100	13/16	I6
6	6	ChordType.MAJOR	1			6	6	KeyMode.MAJOR	1/16	100	7/8	I6
11	5	ChordType.DIMINISHED	1			6	6	KeyMode.MAJOR	1/16	100	15/16	viio6
6	6	ChordType.MAJOR	0			6	6	KeyMode.MAJOR	1/16	101	0	I
6	6	ChordType.MAJOR	0			6	6	KeyMode.MAJOR	1/16	101	1/16	I
6	6	ChordType.MAJOR	0			6	6	KeyMode.MAJOR	1/16	101	1/8	I
6	6	ChordType.MAJOR	0			6	6	KeyMode.MAJOR	1/16	101	3/16	I
6	6	ChordType.MAJ_MIN7	1			5	11	KeyMode.MAJOR	1/16	101	1/4	IV.V65
6	6	ChordType.MAJ_MIN7	1			5	11	KeyMode.MAJOR	1/16	101	5/16	IV.V65
6	6	ChordType.MAJ_MIN7	1			5	11	KeyMode.MAJOR	1/16	101	3/8	IV.V65
6	6	ChordType.MAJ_MIN7	1			5	11	KeyMode.MAJOR	1/16	101	7/16	IV.V65
6	6	ChordType.MAJOR	0			5	11	KeyMode.MAJOR	1/16	101	1/2	V
6	6	ChordType.MAJOR	0			5	11	KeyMode.MAJOR	1/16	101	9/16	V
6	6	ChordType.MAJOR	0			5	11	KeyMode.MAJOR	1/16	101	5/8	V
6	6	ChordType.MAJOR	0			5	11	KeyMode.MAJOR	1/16	101	11/16	V
10	10	ChordType.DIMINISHED	1			5	11	KeyMode.MAJOR	1/16	101	3/4	viio6
10	10	ChordType.DIMINISHED	1			5	11	KeyMode.MAJOR	1/16	101	13/16	viio6
10	10	ChordType.DIMINISHED	1			5	11	KeyMode.MAJOR	1/16	101	7/8	viio6
5	11	ChordType.MAJOR	0			5	11	KeyMode.MAJOR	1/16	101	15/16	I
10	10	ChordType.DIMINISHED	0			5	11	KeyMode.MAJOR	1/16	102	0	viio
10	10	ChordType.DIMINISHED	0			5	11	KeyMode.MAJOR	1/16	102	1/16	viio
10	10	ChordType.DIMINISHED	0			5	11	KeyMode.MAJOR	1/16	102	1/8	viio
10	10	ChordType.DIMINISHED	0			5	11	KeyMode.MAJOR	1/16	102	3/16	viio
6	6	ChordType.MAJ_MIN7	1			5	11	KeyMode.MAJOR	1/16	102	1/4	V65
6	6	ChordType.MAJ_MIN7	1			5	11	KeyMode.MAJOR	1/16	102	5/16	V65
6	6	ChordType.MAJ_MIN7	1			5	11	KeyMode.MAJOR	1/16	102	3/8	V65
6	6	ChordType.MAJ_MIN7	1			5	11	KeyMode.MAJOR	1/16	102	7/16	V65
7	1	ChordType.DIMINISHED	0			5	11	KeyMode.MAJOR	1/16	102	1/2	iio
7	1	ChordType.DIMINISHED	0			5	11	KeyMode.MAJOR	1/16	102	9/16	iio
7	1	ChordType.DIMINISHED	0			5	11	KeyMode.MAJOR	1/16	102	5/8	iio
7	1	ChordType.DIMINISHED	0			5	11	KeyMode.MAJOR	1/16	102	11/16	iio
6	6	ChordType.MAJ_MIN7	1			5	11	KeyMode.MAJOR	1/16	102	3/4	V65
6	6	ChordType.MAJ_MIN7	1			5	11	KeyMode.MAJOR	1/16	102	13/16	V65
6	6	ChordType.MAJ_MIN7	1			5	11	KeyMode.MAJOR	1/16	102	7/8	V65
6	6	ChordType.MAJ_MIN7	1			5	11	KeyMode.MAJOR	1/16	102	15/16	V65
7	1	ChordType.DIMINISHED	0			5	11	KeyMode.MAJOR	1/16	103	0	iio
7	1	ChordType.DIMINISHED	0			5	11	KeyMode.MAJOR	1/16	103	1/16	iio
7	1	ChordType.DIMINISHED	0			5	11	KeyMode.MAJOR	1/16	103	1/8	iio
7	1	ChordType.DIMINISHED	0			5	11	KeyMode.MAJOR	1/16	103	3/16	iio
6	6	ChordType.MAJ_MIN7	1			5	11	KeyMode.MAJOR	1/16	103	1/4	V65
6	6	ChordType.MAJ_MIN7	1			5	11	KeyMode.MAJOR	1/16	103	5/16	V65
6	6	ChordType.MAJ_MIN7	1			5	11	KeyMode.MAJOR	1/16	103	3/8	V65
6	6	ChordType.MAJ_MIN7	1			5	11	KeyMode.MAJOR	1/16	103	7/16	V65
5	11	ChordType.MINOR	0			5	11	KeyMode.MAJOR	1/16	103	1/2	i
5	11	ChordType.MINOR	0			5	11	KeyMode.MAJOR	1/16	103	9/16	i
5	11	ChordType.MINOR	0			5	11	KeyMode.MAJOR	1/16	103	5/8	i
5	11	ChordType.MINOR	0			5	11	KeyMode.MAJOR	1/16	103	11/16	i
5	11	ChordType.MINOR	1			5	11	KeyMode.MAJOR	1/16	103	3/4	i6
5	11	ChordType.MINOR	1			5	11	KeyMode.MAJOR	1/16	103	13/16	i6
5	11	ChordType.MINOR	1			5	11	KeyMode.MAJOR	1/16	103	7/8	i6
5	11	ChordType.MINOR	1			5	11	KeyMode.MAJOR	1/16	103	15/16	i6
11	5	ChordType.DIM7	0			6	6	KeyMode.MAJOR	1/16	104	0	I.viio7
11	5	ChordType.DIM7	0			6	6	KeyMode.MAJOR	1/16	104	1/16	I.viio7
11	5	ChordType.DIM7	0			6	6	KeyMode.MAJOR	1/16	104	1/8	I.viio7
11	5	ChordType.DIM7	0			6	6	KeyMode.MAJOR	1/16	104	3/16	I.viio7
11	5	ChordType.DIM7	0			6	6	KeyMode.MAJOR	1/16	104	1/4	I.viio7
11	5	ChordType.DIM7	0			6	6	KeyMode.MAJOR	1/16	104	5/16	I.viio7
11	5	ChordType.DIM7	0			6	6	KeyMode.MAJOR	1/16	104	3/8	I.viio7
11	5	ChordType.DIM7	0			6	6	KeyMode.MAJOR	1/16	104	7/16	I.viio7
11	5	ChordType.DIM7	0			6	6	KeyMode.MAJOR	1/16	104	1/2	I.viio7
11	5	ChordType.DIM7	0			6	6	KeyMode.MAJOR	1/16	104	9/16	I.viio7
11	5	ChordType.DIM7	0			6	6	KeyMode.MAJOR	1/16	104	5/8	I.viio7
11	5	ChordType.DIM7	0			6	6	KeyMode.MAJOR	1/16	104	11/16	I.viio7
7	1	ChordType.MAJ_MIN7	1			6	6	KeyMode.MAJOR	1/16	104	3/4	V65
7	1	ChordType.MAJ_MIN7	1			6	6	KeyMode.MAJOR	1/16	104	13/16	V65
7	1	ChordType.MAJ_MIN7	1			6	6	KeyMode.MAJOR	1/16	104	7/8	V65
7	1	ChordType.MAJ_MIN7	1			6	6	KeyMode.MAJOR	1/16	104	15/16	V65
11	5	ChordType.DIMINISHED	0			6	6	KeyMode.MAJOR	1/16	105	0	viio
11	5	ChordType.DIMINISHED	0			6	6	KeyMode.MAJOR	1/16	105	1/16	viio
11	5	ChordType.DIMINISHED	0			6	6	KeyMode.MAJOR	1/16	105	1/8	viio
11	5	ChordType.DIMINISHED	0			6	6	KeyMode.MAJOR	1/16	105	3/16	viio
7	1	ChordType.MAJ_MIN7	2			6	6	KeyMode.MAJOR	1/16	105	1/4	V43
7	1	ChordType.MAJ_MIN7	2			6	6	KeyMode.MAJOR	1/16	105	5/16	V43
7	1	ChordType.MAJ_MIN7	2			6	6	KeyMode.MAJOR	1/16	105	3/8	V43
7	1	ChordType.MAJ_MIN7	2			6	6	KeyMode.MAJOR	1/16	105	7/16	V43
6	6	ChordType.MAJOR	0			6	6	KeyMode.MAJOR	1/16	105	1/2	I
6	6	ChordType.MAJOR	0			6	6	KeyMode.MAJOR	1/16	105	9/16	I
6	6	ChordType.MAJOR	0			6	6	KeyMode.MAJOR	1/16	105	5/8	I
6	6	ChordType.MAJOR	0			6	6	KeyMode.MAJOR	1/16	105	11/16	I
6	6	ChordType.MAJOR	2			6	6	KeyMode.MAJOR	1/16	105	3/4	I64
6	6	ChordType.MAJOR	2			6	6	KeyMode.MAJOR	1/16	105	13/16	I64
6	6	ChordType.MAJOR	2			6	6	KeyMode.MAJOR	1/16	105	7/8	I64
6	6	ChordType.MAJOR	2			6	6	KeyMode.MAJOR	1/16	105	15/16	I64
6	6	ChordType.MAJOR	1			6	6	KeyMode.MAJOR	1/16	106	0	I6
6	6	ChordType.MAJOR	1			6	6	KeyMode.MAJOR	1/16	106	1/16	I6
6	6	ChordType.MAJOR	1			6	6	KeyMode.MAJOR	1/16	106	1/8	I6
6	6	ChordType.MAJOR	1			6	6	KeyMode.MAJOR	1/16	106	3/16	I6
6	6	ChordType.MAJOR	0			6	6	KeyMode.MAJOR	1/16	106	1/4	I
6	6	ChordType.MAJOR	0			6	6	KeyMode.MAJOR	1/16	106	5/16	I
6	6	ChordType.MAJOR	0			6	6	KeyMode.MAJOR	1/16	106	3/8	I
6	6	ChordType.MAJOR	0			6	6	KeyMode.MAJOR	1/16	106	7/16	I
6	6	ChordType.MAJOR	0			6	6	KeyMode.MAJOR	1/16	106	1/2	I
6	6	ChordType.MAJOR	0			6	6	KeyMode.MAJOR	1/16	106	9/16	I
6	6	ChordType.MAJOR	0			6	6	KeyMode.MAJOR	1/16	106	5/8	I
6	6	ChordType.MAJOR	0			6	6	KeyMode.MAJOR	1/16	106	11/16	I
6	6	ChordType.MAJOR	2			6	6	KeyMode.MAJOR	1/16	106	3/4	I64
6	6	ChordType.MAJOR	2			6	6	KeyMode.MAJOR	1/16	106	13/16	I64
6	6	ChordType.MAJOR	2			6	6	KeyMode.MAJOR	1/16	106	7/8	I64
6	6	ChordType.MAJOR	2			6	6	KeyMode.MAJOR	1/16	106	15/16	I64
6	6	ChordType.MAJOR	1			6	6	KeyMode.MAJOR	1/16	107	0	I6
6	6	ChordType.MAJOR	1			6	6	KeyMode.MAJOR	1/16	107	1/16	I6
6	6	ChordType.MAJOR	1			6	6	KeyMode.MAJOR	1/16	107	1/8	I6
6	6	ChordType.MAJOR	1			6	6	KeyMode.MAJOR	1/16	107	3/16	I6
6	6	ChordType.MAJOR	0			6	6	KeyMode.MAJOR	1/16	107	1/4	I
6	6	ChordType.MAJOR	0			6	6	KeyMode.MAJOR	1/16	107	5/16	I
6	6	ChordType.MAJOR	0			6	6	KeyMode.MAJOR	1/16	107	3/8	I
6	6	ChordType.MAJOR	0			6	6	KeyMode.MAJOR	1/16	107	7/16	I
6	6	ChordType.MAJOR	2			6	6	KeyMode.MAJOR	1/16	107	1/2	I64
6	6	ChordType.MAJOR	2			6	6	KeyMode.MAJOR	1/16	107	9/16	I64
6	6	ChordType.MAJOR	2			6	6	KeyMode.MAJOR	1/16	107	5/8	I64
6	6	ChordType.MAJOR	2			6	6	KeyMode.MAJOR	1/16	107	11/16	I64
6	6	ChordType.MAJOR	1			6	6	KeyMode.MAJOR	1/16	107	3/4	I6
6	6	ChordType.MAJOR	1			6	6	KeyMode.MAJOR	1/16	107	13/16	I6
6	6	ChordType.MAJOR	1			6	6	KeyMode.MAJOR	1/16	107	7/8	I6
6	6	ChordType.MAJOR	1			6	6	KeyMode.MAJOR	1/16	107	15/16	I6
6	6	ChordType.MAJOR	0			6	6	KeyMode.MAJOR	1	109	0	I}
