chord_root_tpc	chord_root_midi	chord_type	chord_inversion	chord_suspension_tpc	chord_suspension_midi	key_tonic_tpc	key_tonic_midi	key_mode	duration	mc	mn_onset
1	7	ChordType.MAJOR	0			1	7	KeyMode.MAJOR	1/2	0	0
1	7	ChordType.MAJOR	0			1	7	KeyMode.MAJOR	1/12	0	1/2
1	7	ChordType.MAJOR	0			1	7	KeyMode.MAJOR	1/12	0	7/12
1	7	ChordType.MAJOR	0			1	7	KeyMode.MAJOR	1/12	0	2/3
1	7	ChordType.MAJOR	0			1	7	KeyMode.MAJOR	1/12	0	3/4
1	7	ChordType.MAJOR	0			1	7	KeyMode.MAJOR	1/12	0	5/6
1	7	ChordType.MAJOR	0			1	7	KeyMode.MAJOR	1/12	0	11/12
1	7	ChordType.MAJOR	0			1	7	KeyMode.MAJOR	1/4	1	0
1	7	ChordType.MAJOR	1			1	7	KeyMode.MAJOR	1/4	1	1/4
2	2	ChordType.MAJOR	2			1	7	KeyMode.MAJOR	1/4	1	1/2
1	7	ChordType.MAJOR	0			1	7	KeyMode.MAJOR	1/4	1	3/4
2	2	ChordType.MAJOR	1			1	7	KeyMode.MAJOR	1/4	2	0
2	2	ChordType.MAJOR	0			1	7	KeyMode.MAJOR	1/8	2	1/4
2	2	ChordType.MAJOR	0			1	7	KeyMode.MAJOR	1/8	2	3/8
1	7	ChordType.MAJOR	0			1	7	KeyMode.MAJOR	1/4	2	1/2
1	7	ChordType.MAJ_MIN7	3			0	0	KeyMode.MAJOR	1/8	2	3/4
1	7	ChordType.MAJ_MIN7	3			0	0	KeyMode.MAJOR	1/8	2	7/8
4	4	ChordType.MIN_MIN7	0			1	7	KeyMode.MAJOR	1/4	3	0
2	2	ChordType.MAJ_MIN7	1			1	7	KeyMode.MAJOR	1/16	3	1/4
2	2	ChordType.MAJ_MIN7	1			1	7	KeyMode.MAJOR	1/16	3	5/16
2	2	ChordType.MAJ_MIN7	1			1	7	KeyMode.MAJOR	1/16	3	3/8
2	2	ChordType.MAJ_MIN7	1			1	7	KeyMode.MAJOR	1/16	3	7/16
1	7	ChordType.MAJOR	0			1	7	KeyMode.MAJOR	1/8	3	1/2
1	7	ChordType.MAJOR	0			1	7	KeyMode.MAJOR	1/8	3	5/8
1	7	ChordType.MAJOR	0			1	7	KeyMode.MAJOR	1/8	3	3/4
1	7	ChordType.MAJOR	0			1	7	KeyMode.MAJOR	1/8	3	7/8
1	7	ChordType.MAJOR	0			1	7	KeyMode.MAJOR	1/2	4	0
1	7	ChordType.MAJOR	0			1	7	KeyMode.MAJOR	1/12	4	1/2
1	7	ChordType.MAJOR	0			1	7	KeyMode.MAJOR	1/12	4	7/12
1	7	ChordType.MAJOR	0			1	7	KeyMode.MAJOR	1/12	4	2/3
1	7	ChordType.MAJOR	0			1	7	KeyMode.MAJOR	1/12	4	3/4
1	7	ChordType.MAJOR	0			1	7	KeyMode.MAJOR	1/12	4	5/6
1	7	ChordType.MAJOR	0			1	7	KeyMode.MAJOR	1/12	4	11/12
1	7	ChordType.MAJOR	0			1	7	KeyMode.MAJOR	1/4	5	0
1	7	ChordType.MAJOR	1			1	7	KeyMode.MAJOR	1/8	5	1/4
1	7	ChordType.MAJOR	1			1	7	KeyMode.MAJOR	1/8	5	3/8
2	2	ChordType.MAJOR	2			1	7	KeyMode.MAJOR	1/8	5	1/2
2	2	ChordType.MAJOR	2			1	7	KeyMode.MAJOR	1/8	5	5/8
1	7	ChordType.MAJOR	0			1	7	KeyMode.MAJOR	1/8	5	3/4
1	7	ChordType.MAJOR	0			1	7	KeyMode.MAJOR	1/8	5	7/8
2	2	ChordType.MAJOR	1			1	7	KeyMode.MAJOR	1/8	6	0
2	2	ChordType.MAJOR	1			1	7	KeyMode.MAJOR	1/8	6	1/8
2	2	ChordType.MAJOR	0			1	7	KeyMode.MAJOR	1/8	6	1/4
2	2	ChordType.MAJOR	0			1	7	KeyMode.MAJOR	1/8	6	3/8
1	7	ChordType.MAJOR	0			1	7	KeyMode.MAJOR	1/8	6	1/2
1	7	ChordType.MAJOR	0			1	7	KeyMode.MAJOR	1/8	6	5/8
1	7	ChordType.MAJ_MIN7	3			0	0	KeyMode.MAJOR	1/8	6	3/4
1	7	ChordType.MAJ_MIN7	3			0	0	KeyMode.MAJOR	1/8	6	7/8
4	4	ChordType.MIN_MIN7	0			1	7	KeyMode.MAJOR	1/8	7	0
4	4	ChordType.MIN_MIN7	0			1	7	KeyMode.MAJOR	1/8	7	1/8
2	2	ChordType.MAJ_MIN7	1			1	7	KeyMode.MAJOR	1/16	7	1/4
2	2	ChordType.MAJ_MIN7	1			1	7	KeyMode.MAJOR	1/16	7	5/16
2	2	ChordType.MAJ_MIN7	1			1	7	KeyMode.MAJOR	1/16	7	3/8
2	2	ChordType.MAJ_MIN7	1			1	7	KeyMode.MAJOR	1/16	7	7/16
1	7	ChordType.MAJOR	0			1	7	KeyMode.MAJOR	1/8	7	1/2
1	7	ChordType.MAJOR	0			1	7	KeyMode.MAJOR	1/8	7	5/8
1	7	ChordType.MAJOR	0			1	7	KeyMode.MAJOR	1/8	7	3/4
1	7	ChordType.MAJOR	0			1	7	KeyMode.MAJOR	1/8	7	7/8
3	9	ChordType.MINOR	1			1	7	KeyMode.MAJOR	1/8	8	0
3	9	ChordType.MINOR	1			1	7	KeyMode.MAJOR	1/8	8	1/8
3	9	ChordType.MINOR	1			1	7	KeyMode.MAJOR	1/8	8	1/4
3	9	ChordType.MINOR	1			1	7	KeyMode.MAJOR	1/8	8	3/8
3	9	ChordType.MINOR	1			1	7	KeyMode.MAJOR	1/8	8	1/2
3	9	ChordType.MINOR	1			1	7	KeyMode.MAJOR	1/8	8	5/8
3	9	ChordType.MINOR	1			1	7	KeyMode.MAJOR	1/8	8	3/4
3	9	ChordType.MINOR	1			1	7	KeyMode.MAJOR	1/8	8	7/8
1	7	ChordType.MAJOR	1			1	7	KeyMode.MAJOR	1/8	9	0
1	7	ChordType.MAJOR	1			1	7	KeyMode.MAJOR	1/8	9	1/8
1	7	ChordType.MAJOR	1			1	7	KeyMode.MAJOR	1/8	9	1/4
1	7	ChordType.MAJOR	1			1	7	KeyMode.MAJOR	1/8	9	3/8
1	7	ChordType.MAJOR	1			1	7	KeyMode.MAJOR	1/8	9	1/2
1	7	ChordType.MAJOR	1			1	7	KeyMode.MAJOR	1/8	9	5/8
1	7	ChordType.MAJOR	1			1	7	KeyMode.MAJOR	1/8	9	3/4
1	7	ChordType.MAJOR	1			1	7	KeyMode.MAJOR	1/8	9	7/8
0	0	ChordType.MAJOR	0			1	7	KeyMode.MAJOR	1/8	10	0
0	0	ChordType.MAJOR	0			1	7	KeyMode.MAJOR	1/8	10	1/8
0	0	ChordType.MAJOR	0			1	7	KeyMode.MAJOR	1/8	10	1/4
0	0	ChordType.MAJOR	0			1	7	KeyMode.MAJOR	1/8	10	3/8
2	2	ChordType.MAJOR	0			1	7	KeyMode.MAJOR	1/8	10	1/2
2	2	ChordType.MAJOR	0			1	7	KeyMode.MAJOR	1/8	10	5/8
2	2	ChordType.MAJOR	0			1	7	KeyMode.MAJOR	1/8	10	3/4
2	2	ChordType.MAJOR	0			1	7	KeyMode.MAJOR	1/8	10	7/8
1	7	ChordType.MAJOR	0			1	7	KeyMode.MAJOR	1/8	11	0
1	7	ChordType.MAJOR	0			1	7	KeyMode.MAJOR	1/24	11	1/8
1	7	ChordType.MAJOR	0			1	7	KeyMode.MAJOR	1/24	11	1/6
1	7	ChordType.MAJOR	0			1	7	KeyMode.MAJOR	1/24	11	5/24
1	7	ChordType.MAJOR	0			1	7	KeyMode.MAJOR	1/8	11	1/4
1	7	ChordType.MAJOR	0			1	7	KeyMode.MAJOR	1/8	11	3/8
1	7	ChordType.MAJOR	0			1	7	KeyMode.MAJOR	1/8	11	1/2
1	7	ChordType.MAJOR	0			1	7	KeyMode.MAJOR	1/8	11	5/8
1	7	ChordType.MAJOR	0			1	7	KeyMode.MAJOR	1/8	11	3/4
1	7	ChordType.MAJOR	0			1	7	KeyMode.MAJOR	1/8	11	7/8
3	9	ChordType.MINOR	1			1	7	KeyMode.MAJOR	1/8	12	0
3	9	ChordType.MINOR	1			1	7	KeyMode.MAJOR	1/8	12	1/8
3	9	ChordType.MINOR	1			1	7	KeyMode.MAJOR	1/8	12	1/4
3	9	ChordType.MINOR	1			1	7	KeyMode.MAJOR	1/8	12	3/8
3	9	ChordType.MINOR	1			1	7	KeyMode.MAJOR	1/8	12	1/2
3	9	ChordType.MINOR	1			1	7	KeyMode.MAJOR	1/8	12	5/8
3	9	ChordType.MINOR	1			1	7	KeyMode.MAJOR	1/8	12	3/4
3	9	ChordType.MINOR	1			1	7	KeyMode.MAJOR	1/8	12	7/8
3	9	ChordType.MAJ_MIN7	1			2	2	KeyMode.MAJOR	1/8	13	0
3	9	ChordType.MAJ_MIN7	1			2	2	KeyMode.MAJOR	1/8	13	1/8
3	9	ChordType.MAJ_MIN7	1			2	2	KeyMode.MAJOR	1/8	13	1/4
3	9	ChordType.MAJ_MIN7	1			2	2	KeyMode.MAJOR	1/8	13	3/8
3	9	ChordType.MAJ_MIN7	1			2	2	KeyMode.MAJOR	1/8	13	1/2
3	9	ChordType.MAJ_MIN7	1			2	2	KeyMode.MAJOR	1/8	13	5/8
3	9	ChordType.MAJ_MIN7	1			2	2	KeyMode.MAJOR	1/8	13	3/4
3	9	ChordType.MAJ_MIN7	1			2	2	KeyMode.MAJOR	1/8	13	7/8
2	2	ChordType.MAJ_MIN7	0			1	7	KeyMode.MAJOR	1/12	14	0
2	2	ChordType.MAJ_MIN7	0			1	7	KeyMode.MAJOR	1/12	14	1/12
2	2	ChordType.MAJ_MIN7	0			1	7	KeyMode.MAJOR	1/12	14	1/6
2	2	ChordType.MAJ_MIN7	0			1	7	KeyMode.MAJOR	1/12	14	1/4
2	2	ChordType.MAJ_MIN7	0			1	7	KeyMode.MAJOR	1/12	14	1/3
2	2	ChordType.MAJ_MIN7	0			1	7	KeyMode.MAJOR	1/12	14	5/12
2	2	ChordType.MAJ_MIN7	0			1	7	KeyMode.MAJOR	1/12	14	1/2
2	2	ChordType.MAJ_MIN7	0			1	7	KeyMode.MAJOR	1/12	14	7/12
2	2	ChordType.MAJ_MIN7	0			1	7	KeyMode.MAJOR	1/12	14	2/3
2	2	ChordType.MAJ_MIN7	0			1	7	KeyMode.MAJOR	1/12	14	3/4
2	2	ChordType.MAJ_MIN7	0			1	7	KeyMode.MAJOR	1/12	14	5/6
2	2	ChordType.MAJ_MIN7	0			1	7	KeyMode.MAJOR	1/12	14	11/12
1	7	ChordType.MAJOR	2			1	7	KeyMode.MAJOR	1/12	15	0
1	7	ChordType.MAJOR	2			1	7	KeyMode.MAJOR	1/12	15	1/12
1	7	ChordType.MAJOR	2			1	7	KeyMode.MAJOR	1/12	15	1/6
1	7	ChordType.MAJOR	2			1	7	KeyMode.MAJOR	1/12	15	1/4
1	7	ChordType.MAJOR	2			1	7	KeyMode.MAJOR	1/12	15	1/3
1	7	ChordType.MAJOR	2			1	7	KeyMode.MAJOR	1/12	15	5/12
1	7	ChordType.MAJOR	2			1	7	KeyMode.MAJOR	1/12	15	1/2
1	7	ChordType.MAJOR	2			1	7	KeyMode.MAJOR	1/12	15	7/12
1	7	ChordType.MAJOR	2			1	7	KeyMode.MAJOR	1/12	15	2/3
1	7	ChordType.MAJOR	2			1	7	KeyMode.MAJOR	1/12	15	3/4
1	7	ChordType.MAJOR	2			1	7	KeyMode.MAJOR	1/12	15	5/6
1	7	ChordType.MAJOR	2			1	7	KeyMode.MAJOR	1/12	15	11/12
2	2	ChordType.MAJ_MIN7	0			1	7	KeyMode.MAJOR	1/12	16	0
2	2	ChordType.MAJ_MIN7	0			1	7	KeyMode.MAJOR	1/12	16	1/12
2	2	ChordType.MAJ_MIN7	0			1	7	KeyMode.MAJOR	1/12	16	1/6
2	2	ChordType.MAJ_MIN7	0			1	7	KeyMode.MAJOR	1/12	16	1/4
2	2	ChordType.MAJ_MIN7	0			1	7	KeyMode.MAJOR	1/12	16	1/3
2	2	ChordType.MAJ_MIN7	0			1	7	KeyMode.MAJOR	1/12	16	5/12
2	2	ChordType.MAJ_MIN7	0			1	7	KeyMode.MAJOR	1/12	16	1/2
2	2	ChordType.MAJ_MIN7	0			1	7	KeyMode.MAJOR	1/12	16	7/12
2	2	ChordType.MAJ_MIN7	0			1	7	KeyMode.MAJOR	1/12	16	2/3
2	2	ChordType.MAJ_MIN7	0			1	7	KeyMode.MAJOR	1/12	16	3/4
2	2	ChordType.MAJ_MIN7	0			1	7	KeyMode.MAJOR	1/12	16	5/6
2	2	ChordType.MAJ_MIN7	0			1	7	KeyMode.MAJOR	1/12	16	11/12
1	7	ChordType.MAJOR	2			1	7	KeyMode.MAJOR	1/12	17	0
1	7	ChordType.MAJOR	2			1	7	KeyMode.MAJOR	1/12	17	1/12
1	7	ChordType.MAJOR	2			1	7	KeyMode.MAJOR	1/12	17	1/6
1	7	ChordType.MAJOR	2			1	7	KeyMode.MAJOR	1/12	17	1/4
1	7	ChordType.MAJOR	2			1	7	KeyMode.MAJOR	1/12	17	1/3
1	7	ChordType.MAJOR	2			1	7	KeyMode.MAJOR	1/12	17	5/12
1	7	ChordType.MAJOR	2			1	7	KeyMode.MAJOR	1/12	17	1/2
1	7	ChordType.MAJOR	2			1	7	KeyMode.MAJOR	1/12	17	7/12
1	7	ChordType.MAJOR	2			1	7	KeyMode.MAJOR	1/12	17	2/3
1	7	ChordType.MAJOR	2			1	7	KeyMode.MAJOR	1/12	17	3/4
1	7	ChordType.MAJOR	2			1	7	KeyMode.MAJOR	1/12	17	5/6
1	7	ChordType.MAJOR	2			1	7	KeyMode.MAJOR	1/12	17	11/12
2	2	ChordType.MAJOR	0			1	7	KeyMode.MAJOR	1/12	18	0
2	2	ChordType.MAJOR	0			1	7	KeyMode.MAJOR	1/12	18	1/12
2	2	ChordType.MAJOR	0			1	7	KeyMode.MAJOR	1/12	18	1/6
1	7	ChordType.MAJOR	2			1	7	KeyMode.MAJOR	1/12	18	1/4
1	7	ChordType.MAJOR	2			1	7	KeyMode.MAJOR	1/12	18	1/3
1	7	ChordType.MAJOR	2			1	7	KeyMode.MAJOR	1/12	18	5/12
2	2	ChordType.MAJOR	0			1	7	KeyMode.MAJOR	1/12	18	1/2
2	2	ChordType.MAJOR	0			1	7	KeyMode.MAJOR	1/12	18	7/12
2	2	ChordType.MAJOR	0			1	7	KeyMode.MAJOR	1/12	18	2/3
1	7	ChordType.MAJOR	2			1	7	KeyMode.MAJOR	1/12	18	3/4
1	7	ChordType.MAJOR	2			1	7	KeyMode.MAJOR	1/12	18	5/6
1	7	ChordType.MAJOR	2			1	7	KeyMode.MAJOR	1/12	18	11/12
2	2	ChordType.MAJOR	0			1	7	KeyMode.MAJOR	5/8	19	0
2	2	ChordType.MAJOR	0			1	7	KeyMode.MAJOR	1/8	19	5/8
2	2	ChordType.MAJOR	0			1	7	KeyMode.MAJOR	1/8	19	3/4
2	2	ChordType.MAJOR	0			1	7	KeyMode.MAJOR	1/8	19	7/8
2	2	ChordType.MAJOR	1			2	2	KeyMode.MAJOR	1/8	20	0
2	2	ChordType.MAJOR	1			2	2	KeyMode.MAJOR	1/8	20	1/8
3	9	ChordType.MAJ_MIN7	3			2	2	KeyMode.MAJOR	1/8	20	1/4
3	9	ChordType.MAJ_MIN7	3			2	2	KeyMode.MAJOR	1/8	20	3/8
2	2	ChordType.MAJOR	1			2	2	KeyMode.MAJOR	1/8	20	1/2
2	2	ChordType.MAJOR	1			2	2	KeyMode.MAJOR	1/8	20	5/8
3	9	ChordType.MAJOR	1			2	2	KeyMode.MAJOR	1/8	20	3/4
3	9	ChordType.MAJOR	1			2	2	KeyMode.MAJOR	1/8	20	7/8
2	2	ChordType.MAJOR	0			2	2	KeyMode.MAJOR	1/8	21	0
2	2	ChordType.MAJOR	0			2	2	KeyMode.MAJOR	1/8	21	1/8
3	9	ChordType.MAJOR	1			2	2	KeyMode.MAJOR	1/8	21	1/4
3	9	ChordType.MAJOR	1			2	2	KeyMode.MAJOR	1/8	21	3/8
3	9	ChordType.MAJOR	0			2	2	KeyMode.MAJOR	1/8	21	1/2
3	9	ChordType.MAJOR	0			2	2	KeyMode.MAJOR	1/8	21	5/8
3	9	ChordType.MAJOR	0			2	2	KeyMode.MAJOR	1/8	21	3/4
3	9	ChordType.MAJOR	0			2	2	KeyMode.MAJOR	1/8	21	7/8
3	9	ChordType.MAJ_MIN7	3			2	2	KeyMode.MAJOR	1/8	22	0
3	9	ChordType.MAJ_MIN7	3			2	2	KeyMode.MAJOR	1/8	22	1/8
2	2	ChordType.MAJOR	1			2	2	KeyMode.MAJOR	1/8	22	1/4
2	2	ChordType.MAJOR	1			2	2	KeyMode.MAJOR	1/8	22	3/8
3	9	ChordType.MAJOR	2			2	2	KeyMode.MAJOR	1/8	22	1/2
3	9	ChordType.MAJOR	2			2	2	KeyMode.MAJOR	1/8	22	5/8
2	2	ChordType.MAJOR	0			2	2	KeyMode.MAJOR	1/8	22	3/4
2	2	ChordType.MAJOR	0			2	2	KeyMode.MAJOR	1/8	22	7/8
3	9	ChordType.MAJ_MIN7	1			2	2	KeyMode.MAJOR	1/8	23	0
3	9	ChordType.MAJ_MIN7	1			2	2	KeyMode.MAJOR	1/8	23	1/8
2	2	ChordType.MAJOR	0			2	2	KeyMode.MAJOR	1/8	23	1/4
2	2	ChordType.MAJOR	0			2	2	KeyMode.MAJOR	1/8	23	3/8
2	2	ChordType.MAJOR	0			2	2	KeyMode.MAJOR	1/8	23	1/2
2	2	ChordType.MAJOR	0			2	2	KeyMode.MAJOR	1/8	23	5/8
2	2	ChordType.MAJOR	0			2	2	KeyMode.MAJOR	1/8	23	3/4
2	2	ChordType.MAJOR	0			2	2	KeyMode.MAJOR	1/8	23	7/8
4	4	ChordType.MINOR	1			2	2	KeyMode.MAJOR	1/8	24	0
4	4	ChordType.MINOR	1			2	2	KeyMode.MAJOR	1/8	24	1/8
4	4	ChordType.MINOR	1			2	2	KeyMode.MAJOR	1/8	24	1/4
4	4	ChordType.MINOR	1			2	2	KeyMode.MAJOR	1/8	24	3/8
2	2	ChordType.MAJOR	1			2	2	KeyMode.MAJOR	1/8	24	1/2
2	2	ChordType.MAJOR	1			2	2	KeyMode.MAJOR	1/8	24	5/8
2	2	ChordType.MAJOR	1			2	2	KeyMode.MAJOR	1/8	24	3/4
2	2	ChordType.MAJOR	1			2	2	KeyMode.MAJOR	1/8	24	7/8
4	4	ChordType.MINOR	1			2	2	KeyMode.MAJOR	1/8	25	0
4	4	ChordType.MINOR	1			2	2	KeyMode.MAJOR	1/8	25	1/8
4	4	ChordType.MINOR	1			2	2	KeyMode.MAJOR	1/8	25	1/4
4	4	ChordType.MINOR	1			2	2	KeyMode.MAJOR	1/8	25	3/8
2	2	ChordType.MAJOR	1			2	2	KeyMode.MAJOR	1/8	25	1/2
2	2	ChordType.MAJOR	1			2	2	KeyMode.MAJOR	1/8	25	5/8
2	2	ChordType.MAJOR	1			2	2	KeyMode.MAJOR	1/8	25	3/4
2	2	ChordType.MAJOR	1			2	2	KeyMode.MAJOR	1/8	25	7/8
4	4	ChordType.MINOR	1			2	2	KeyMode.MAJOR	1/8	26	0
4	4	ChordType.MINOR	1			2	2	KeyMode.MAJOR	1/8	26	1/8
4	4	ChordType.MINOR	1			2	2	KeyMode.MAJOR	1/8	26	1/4
4	4	ChordType.MINOR	1			2	2	KeyMode.MAJOR	1/8	26	3/8
4	4	ChordType.MAJ_MIN7	1			3	9	KeyMode.MAJOR	1/8	26	1/2
4	4	ChordType.MAJ_MIN7	1			3	9	KeyMode.MAJOR	1/8	26	5/8
4	4	ChordType.MAJ_MIN7	1			3	9	KeyMode.MAJOR	1/8	26	3/4
4	4	ChordType.MAJ_MIN7	1			3	9	KeyMode.MAJOR	1/8	26	7/8
3	9	ChordType.MAJOR	0			2	2	KeyMode.MAJOR	1/8	27	0
3	9	ChordType.MAJOR	0			2	2	KeyMode.MAJOR	1/8	27	1/8
3	9	ChordType.MAJOR	0			2	2	KeyMode.MAJOR	1/8	27	1/4
3	9	ChordType.MAJOR	0			2	2	KeyMode.MAJOR	1/8	27	3/8
3	9	ChordType.MAJOR	0			2	2	KeyMode.MAJOR	1/8	27	1/2
3	9	ChordType.MAJOR	0			2	2	KeyMode.MAJOR	1/8	27	5/8
3	9	ChordType.MAJOR	0			2	2	KeyMode.MAJOR	1/8	27	3/4
3	9	ChordType.MAJOR	0			2	2	KeyMode.MAJOR	1/8	27	7/8
2	2	ChordType.MAJOR	1			2	2	KeyMode.MAJOR	1/8	28	0
2	2	ChordType.MAJOR	1			2	2	KeyMode.MAJOR	1/8	28	1/8
3	9	ChordType.MAJ_MIN7	3			2	2	KeyMode.MAJOR	1/8	28	1/4
3	9	ChordType.MAJ_MIN7	3			2	2	KeyMode.MAJOR	1/8	28	3/8
2	2	ChordType.MAJOR	1			2	2	KeyMode.MAJOR	1/8	28	1/2
2	2	ChordType.MAJOR	1			2	2	KeyMode.MAJOR	1/8	28	5/8
3	9	ChordType.MAJOR	1			2	2	KeyMode.MAJOR	1/8	28	3/4
3	9	ChordType.MAJOR	1			2	2	KeyMode.MAJOR	1/8	28	7/8
2	2	ChordType.MAJOR	0			2	2	KeyMode.MAJOR	1/8	29	0
2	2	ChordType.MAJOR	0			2	2	KeyMode.MAJOR	1/8	29	1/8
3	9	ChordType.MAJOR	0			2	2	KeyMode.MAJOR	1/8	29	1/4
3	9	ChordType.MAJOR	0			2	2	KeyMode.MAJOR	1/8	29	3/8
3	9	ChordType.MAJOR	0			2	2	KeyMode.MAJOR	1/8	29	1/2
3	9	ChordType.MAJOR	0			2	2	KeyMode.MAJOR	1/8	29	5/8
3	9	ChordType.MAJOR	0			2	2	KeyMode.MAJOR	1/8	29	3/4
3	9	ChordType.MAJOR	0			2	2	KeyMode.MAJOR	1/8	29	7/8
3	9	ChordType.MAJ_MIN7	3			2	2	KeyMode.MAJOR	1/8	30	0
3	9	ChordType.MAJ_MIN7	3			2	2	KeyMode.MAJOR	1/8	30	1/8
2	2	ChordType.MAJOR	1			2	2	KeyMode.MAJOR	1/8	30	1/4
2	2	ChordType.MAJOR	1			2	2	KeyMode.MAJOR	1/8	30	3/8
3	9	ChordType.MAJOR	2			2	2	KeyMode.MAJOR	1/8	30	1/2
3	9	ChordType.MAJOR	2			2	2	KeyMode.MAJOR	1/8	30	5/8
2	2	ChordType.MAJOR	0			2	2	KeyMode.MAJOR	1/8	30	3/4
2	2	ChordType.MAJOR	0			2	2	KeyMode.MAJOR	1/8	30	7/8
3	9	ChordType.MAJ_MIN7	1			2	2	KeyMode.MAJOR	1/8	31	0
3	9	ChordType.MAJ_MIN7	1			2	2	KeyMode.MAJOR	1/8	31	1/8
2	2	ChordType.MAJOR	0			2	2	KeyMode.MAJOR	1/8	31	1/4
2	2	ChordType.MAJOR	0			2	2	KeyMode.MAJOR	1/8	31	3/8
2	2	ChordType.MAJOR	0			2	2	KeyMode.MAJOR	1/8	31	1/2
2	2	ChordType.MAJOR	0			2	2	KeyMode.MAJOR	1/8	31	5/8
2	2	ChordType.MAJOR	0			2	2	KeyMode.MAJOR	1/8	31	3/4
2	2	ChordType.MAJOR	0			2	2	KeyMode.MAJOR	1/8	31	7/8
4	4	ChordType.MINOR	1			2	2	KeyMode.MAJOR	1/8	32	0
4	4	ChordType.MINOR	1			2	2	KeyMode.MAJOR	1/8	32	1/8
4	4	ChordType.MINOR	1			2	2	KeyMode.MAJOR	1/8	32	1/4
4	4	ChordType.MINOR	1			2	2	KeyMode.MAJOR	1/8	32	3/8
2	2	ChordType.MAJOR	1			2	2	KeyMode.MAJOR	1/8	32	1/2
2	2	ChordType.MAJOR	1			2	2	KeyMode.MAJOR	1/8	32	5/8
2	2	ChordType.MAJOR	1			2	2	KeyMode.MAJOR	1/8	32	3/4
2	2	ChordType.MAJOR	1			2	2	KeyMode.MAJOR	1/8	32	7/8
4	4	ChordType.MINOR	1			2	2	KeyMode.MAJOR	1/8	33	0
4	4	ChordType.MINOR	1			2	2	KeyMode.MAJOR	1/8	33	1/8
4	4	ChordType.MINOR	1			2	2	KeyMode.MAJOR	1/8	33	1/4
4	4	ChordType.MINOR	1			2	2	KeyMode.MAJOR	1/8	33	3/8
2	2	ChordType.MAJOR	1			2	2	KeyMode.MAJOR	1/8	33	1/2
2	2	ChordType.MAJOR	1			2	2	KeyMode.MAJOR	1/8	33	5/8
2	2	ChordType.MAJOR	1			2	2	KeyMode.MAJOR	1/8	33	3/4
2	2	ChordType.MAJOR	1			2	2	KeyMode.MAJOR	1/8	33	7/8
4	4	ChordType.MINOR	1			2	2	KeyMode.MAJOR	1/8	34	0
4	4	ChordType.MINOR	1			2	2	KeyMode.MAJOR	1/8	34	1/8
4	4	ChordType.MINOR	1			2	2	KeyMode.MAJOR	1/8	34	1/4
4	4	ChordType.MINOR	1			2	2	KeyMode.MAJOR	1/8	34	3/8
3	9	ChordType.MAJOR	0			2	2	KeyMode.MAJOR	1/8	34	1/2
3	9	ChordType.MAJOR	0			2	2	KeyMode.MAJOR	1/8	34	5/8
3	9	ChordType.MAJOR	0			2	2	KeyMode.MAJOR	1/8	34	3/4
3	9	ChordType.MAJOR	0			2	2	KeyMode.MAJOR	1/8	34	7/8
2	2	ChordType.MAJOR	0			2	2	KeyMode.MAJOR	1/12	35	0
2	2	ChordType.MAJOR	0			2	2	KeyMode.MAJOR	1/12	35	1/12
2	2	ChordType.MAJOR	0			2	2	KeyMode.MAJOR	1/12	35	1/6
2	2	ChordType.MAJOR	0			2	2	KeyMode.MAJOR	1/12	35	1/4
2	2	ChordType.MAJOR	0			2	2	KeyMode.MAJOR	1/12	35	1/3
2	2	ChordType.MAJOR	0			2	2	KeyMode.MAJOR	1/12	35	5/12
2	2	ChordType.MAJOR	0			2	2	KeyMode.MAJOR	1/12	35	1/2
2	2	ChordType.MAJOR	0			2	2	KeyMode.MAJOR	1/12	35	7/12
2	2	ChordType.MAJOR	0			2	2	KeyMode.MAJOR	1/12	35	2/3
2	2	ChordType.MAJOR	0			2	2	KeyMode.MAJOR	1/12	35	3/4
2	2	ChordType.MAJOR	0			2	2	KeyMode.MAJOR	1/12	35	5/6
2	2	ChordType.MAJOR	0			2	2	KeyMode.MAJOR	1/12	35	11/12
3	9	ChordType.MAJ_MIN7	2			2	2	KeyMode.MAJOR	1/12	36	0
3	9	ChordType.MAJ_MIN7	2			2	2	KeyMode.MAJOR	1/12	36	1/12
3	9	ChordType.MAJ_MIN7	2			2	2	KeyMode.MAJOR	1/12	36	1/6
3	9	ChordType.MAJ_MIN7	2			2	2	KeyMode.MAJOR	1/12	36	1/4
3	9	ChordType.MAJ_MIN7	2			2	2	KeyMode.MAJOR	1/12	36	1/3
3	9	ChordType.MAJ_MIN7	2			2	2	KeyMode.MAJOR	1/12	36	5/12
3	9	ChordType.MAJ_MIN7	2			2	2	KeyMode.MAJOR	1/12	36	1/2
3	9	ChordType.MAJ_MIN7	2			2	2	KeyMode.MAJOR	1/12	36	7/12
3	9	ChordType.MAJ_MIN7	2			2	2	KeyMode.MAJOR	1/12	36	2/3
3	9	ChordType.MAJ_MIN7	2			2	2	KeyMode.MAJOR	1/12	36	3/4
3	9	ChordType.MAJ_MIN7	2			2	2	KeyMode.MAJOR	1/12	36	5/6
3	9	ChordType.MAJ_MIN7	2			2	2	KeyMode.MAJOR	1/12	36	11/12
2	2	ChordType.MAJOR	0			2	2	KeyMode.MAJOR	1/12	37	0
2	2	ChordType.MAJOR	0			2	2	KeyMode.MAJOR	1/12	37	1/12
2	2	ChordType.MAJOR	0			2	2	KeyMode.MAJOR	1/12	37	1/6
2	2	ChordType.MAJOR	0			2	2	KeyMode.MAJOR	1/12	37	1/4
2	2	ChordType.MAJOR	0			2	2	KeyMode.MAJOR	1/12	37	1/3
2	2	ChordType.MAJOR	0			2	2	KeyMode.MAJOR	1/12	37	5/12
2	2	ChordType.MAJOR	0			2	2	KeyMode.MAJOR	1/12	37	1/2
2	2	ChordType.MAJOR	0			2	2	KeyMode.MAJOR	1/12	37	7/12
2	2	ChordType.MAJOR	0			2	2	KeyMode.MAJOR	1/12	37	2/3
2	2	ChordType.MAJOR	0			2	2	KeyMode.MAJOR	1/12	37	3/4
2	2	ChordType.MAJOR	0			2	2	KeyMode.MAJOR	1/12	37	5/6
2	2	ChordType.MAJOR	0			2	2	KeyMode.MAJOR	1/12	37	11/12
3	9	ChordType.MAJ_MIN7	1			2	2	KeyMode.MAJOR	1/12	38	0
3	9	ChordType.MAJ_MIN7	1			2	2	KeyMode.MAJOR	1/12	38	1/12
3	9	ChordType.MAJ_MIN7	1			2	2	KeyMode.MAJOR	1/12	38	1/6
3	9	ChordType.MAJ_MIN7	1			2	2	KeyMode.MAJOR	1/12	38	1/4
3	9	ChordType.MAJ_MIN7	1			2	2	KeyMode.MAJOR	1/12	38	1/3
3	9	ChordType.MAJ_MIN7	1			2	2	KeyMode.MAJOR	1/12	38	5/12
3	9	ChordType.MAJ_MIN7	1			2	2	KeyMode.MAJOR	1/12	38	1/2
3	9	ChordType.MAJ_MIN7	1			2	2	KeyMode.MAJOR	1/12	38	7/12
3	9	ChordType.MAJ_MIN7	1			2	2	KeyMode.MAJOR	1/12	38	2/3
3	9	ChordType.MAJ_MIN7	1			2	2	KeyMode.MAJOR	1/12	38	3/4
3	9	ChordType.MAJ_MIN7	1			2	2	KeyMode.MAJOR	1/12	38	5/6
3	9	ChordType.MAJ_MIN7	1			2	2	KeyMode.MAJOR	1/12	38	11/12
2	2	ChordType.MAJOR	0			2	2	KeyMode.MAJOR	1/12	39	0
2	2	ChordType.MAJOR	0			2	2	KeyMode.MAJOR	1/12	39	1/12
2	2	ChordType.MAJOR	0			2	2	KeyMode.MAJOR	1/12	39	1/6
2	2	ChordType.MAJOR	0			2	2	KeyMode.MAJOR	1/12	39	1/4
2	2	ChordType.MAJOR	0			2	2	KeyMode.MAJOR	1/12	39	1/3
2	2	ChordType.MAJOR	0			2	2	KeyMode.MAJOR	1/12	39	5/12
2	2	ChordType.MAJOR	0			2	2	KeyMode.MAJOR	1/12	39	1/2
2	2	ChordType.MAJOR	0			2	2	KeyMode.MAJOR	1/12	39	7/12
2	2	ChordType.MAJOR	0			2	2	KeyMode.MAJOR	1/12	39	2/3
2	2	ChordType.MAJOR	0			2	2	KeyMode.MAJOR	1/12	39	3/4
2	2	ChordType.MAJOR	0			2	2	KeyMode.MAJOR	1/12	39	5/6
2	2	ChordType.MAJOR	0			2	2	KeyMode.MAJOR	1/12	39	11/12
2	2	ChordType.MAJ_MIN7	0			1	7	KeyMode.MAJOR	1/12	40	0
2	2	ChordType.MAJ_MIN7	0			1	7	KeyMode.MAJOR	1/12	40	1/12
2	2	ChordType.MAJ_MIN7	0			1	7	KeyMode.MAJOR	1/12	40	1/6
2	2	ChordType.MAJ_MIN7	0			1	7	KeyMode.MAJOR	1/12	40	1/4
2	2	ChordType.MAJ_MIN7	0			1	7	KeyMode.MAJOR	1/12	40	1/3
2	2	ChordType.MAJ_MIN7	0			1	7	KeyMode.MAJOR	1/12	40	5/12
2	2	ChordType.MAJ_MIN7	0			1	7	KeyMode.MAJOR	1/12	40	1/2
2	2	ChordType.MAJ_MIN7	0			1	7	KeyMode.MAJOR	1/12	40	7/12
2	2	ChordType.MAJ_MIN7	0			1	7	KeyMode.MAJOR	1/12	40	2/3
2	2	ChordType.MAJ_MIN7	0			1	7	KeyMode.MAJOR	1/12	40	3/4
2	2	ChordType.MAJ_MIN7	0			1	7	KeyMode.MAJOR	1/12	40	5/6
2	2	ChordType.MAJ_MIN7	0			1	7	KeyMode.MAJOR	1/12	40	11/12
1	7	ChordType.MAJOR	0			2	2	KeyMode.MAJOR	1/12	41	0
1	7	ChordType.MAJOR	0			2	2	KeyMode.MAJOR	1/12	41	1/12
1	7	ChordType.MAJOR	0			2	2	KeyMode.MAJOR	1/12	41	1/6
1	7	ChordType.MAJOR	0			2	2	KeyMode.MAJOR	1/12	41	1/4
1	7	ChordType.MAJOR	0			2	2	KeyMode.MAJOR	1/12	41	1/3
1	7	ChordType.MAJOR	0			2	2	KeyMode.MAJOR	1/12	41	5/12
2	2	ChordType.MAJOR	2			2	2	KeyMode.MAJOR	1/4	41	1/2
3	9	ChordType.MAJ_MIN7	0			2	2	KeyMode.MAJOR	1/4	41	3/4
2	2	ChordType.MAJOR	0			2	2	KeyMode.MAJOR	1/12	42	0
2	2	ChordType.MAJOR	0			2	2	KeyMode.MAJOR	1/12	42	1/12
2	2	ChordType.MAJOR	0			2	2	KeyMode.MAJOR	1/12	42	1/6
2	2	ChordType.MAJOR	0			2	2	KeyMode.MAJOR	1/12	42	1/4
2	2	ChordType.MAJOR	0			2	2	KeyMode.MAJOR	1/12	42	1/3
2	2	ChordType.MAJOR	0			2	2	KeyMode.MAJOR	1/12	42	5/12
2	2	ChordType.MAJOR	0			2	2	KeyMode.MAJOR	1/12	42	1/2
2	2	ChordType.MAJOR	0			2	2	KeyMode.MAJOR	1/12	42	7/12
2	2	ChordType.MAJOR	0			2	2	KeyMode.MAJOR	1/12	42	2/3
2	2	ChordType.MAJOR	0			2	2	KeyMode.MAJOR	1/12	42	3/4
2	2	ChordType.MAJOR	0			2	2	KeyMode.MAJOR	1/12	42	5/6
2	2	ChordType.MAJOR	0			2	2	KeyMode.MAJOR	1/12	42	11/12
1	7	ChordType.MAJOR	0			2	2	KeyMode.MAJOR	1/12	43	0
1	7	ChordType.MAJOR	0			2	2	KeyMode.MAJOR	1/12	43	1/12
1	7	ChordType.MAJOR	0			2	2	KeyMode.MAJOR	1/12	43	1/6
1	7	ChordType.MAJOR	0			2	2	KeyMode.MAJOR	1/12	43	1/4
1	7	ChordType.MAJOR	0			2	2	KeyMode.MAJOR	1/12	43	1/3
1	7	ChordType.MAJOR	0			2	2	KeyMode.MAJOR	1/12	43	5/12
1	7	ChordType.MAJOR	0			2	2	KeyMode.MAJOR	1/12	43	1/2
1	7	ChordType.MAJOR	0			2	2	KeyMode.MAJOR	1/12	43	7/12
1	7	ChordType.MAJOR	0			2	2	KeyMode.MAJOR	1/12	43	2/3
1	7	ChordType.MAJOR	0			2	2	KeyMode.MAJOR	1/12	43	3/4
1	7	ChordType.MAJOR	0			2	2	KeyMode.MAJOR	1/12	43	5/6
1	7	ChordType.MAJOR	0			2	2	KeyMode.MAJOR	1/12	43	11/12
2	2	ChordType.MAJOR	0			2	2	KeyMode.MAJOR	1/4	44	0
4	4	ChordType.MINOR	1			2	2	KeyMode.MAJOR	1/4	44	1/4
2	2	ChordType.MAJOR	2			2	2	KeyMode.MAJOR	1/4	44	1/2
3	9	ChordType.MAJOR	0			2	2	KeyMode.MAJOR	1/4	44	3/4
2	2	ChordType.MAJOR	0			2	2	KeyMode.MAJOR	1/12	45	0
2	2	ChordType.MAJOR	0			2	2	KeyMode.MAJOR	1/12	45	1/12
2	2	ChordType.MAJOR	0			2	2	KeyMode.MAJOR	1/12	45	1/6
2	2	ChordType.MAJOR	0			2	2	KeyMode.MAJOR	1/12	45	1/4
2	2	ChordType.MAJOR	0			2	2	KeyMode.MAJOR	1/12	45	1/3
2	2	ChordType.MAJOR	0			2	2	KeyMode.MAJOR	1/12	45	5/12
2	2	ChordType.MAJOR	0			2	2	KeyMode.MAJOR	1/12	45	1/2
2	2	ChordType.MAJOR	0			2	2	KeyMode.MAJOR	1/12	45	7/12
2	2	ChordType.MAJOR	0			2	2	KeyMode.MAJOR	1/12	45	2/3
2	2	ChordType.MAJOR	0			2	2	KeyMode.MAJOR	1/12	45	3/4
2	2	ChordType.MAJOR	0			2	2	KeyMode.MAJOR	1/12	45	5/6
2	2	ChordType.MAJOR	0			2	2	KeyMode.MAJOR	1/12	45	11/12
1	7	ChordType.MAJOR	0			2	2	KeyMode.MAJOR	1/12	46	0
1	7	ChordType.MAJOR	0			2	2	KeyMode.MAJOR	1/12	46	1/12
1	7	ChordType.MAJOR	0			2	2	KeyMode.MAJOR	1/12	46	1/6
1	7	ChordType.MAJOR	0			2	2	KeyMode.MAJOR	1/12	46	1/4
1	7	ChordType.MAJOR	0			2	2	KeyMode.MAJOR	1/12	46	1/3
1	7	ChordType.MAJOR	0			2	2	KeyMode.MAJOR	1/12	46	5/12
1	7	ChordType.MAJOR	0			2	2	KeyMode.MAJOR	1/12	46	1/2
1	7	ChordType.MAJOR	0			2	2	KeyMode.MAJOR	1/12	46	7/12
1	7	ChordType.MAJOR	0			2	2	KeyMode.MAJOR	1/12	46	2/3
1	7	ChordType.MAJOR	0			2	2	KeyMode.MAJOR	1/12	46	3/4
1	7	ChordType.MAJOR	0			2	2	KeyMode.MAJOR	1/12	46	5/6
1	7	ChordType.MAJOR	0			2	2	KeyMode.MAJOR	1/12	46	11/12
2	2	ChordType.MAJOR	0			2	2	KeyMode.MAJOR	1/4	47	0
4	4	ChordType.MINOR	1			2	2	KeyMode.MAJOR	1/4	47	1/4
2	2	ChordType.MAJOR	2			2	2	KeyMode.MAJOR	1/4	47	1/2
3	9	ChordType.MAJOR	0			2	2	KeyMode.MAJOR	1/4	47	3/4
2	2	ChordType.MAJOR	0			2	2	KeyMode.MAJOR	1/12	48	0
2	2	ChordType.MAJOR	0			2	2	KeyMode.MAJOR	1/12	48	1/12
2	2	ChordType.MAJOR	0			2	2	KeyMode.MAJOR	1/12	48	1/6
2	2	ChordType.MAJOR	0			2	2	KeyMode.MAJOR	1/12	48	1/4
2	2	ChordType.MAJOR	0			2	2	KeyMode.MAJOR	1/12	48	1/3
2	2	ChordType.MAJOR	0			2	2	KeyMode.MAJOR	1/12	48	5/12
3	9	ChordType.MAJ_MIN7	3			2	2	KeyMode.MAJOR	1/12	48	1/2
3	9	ChordType.MAJ_MIN7	3			2	2	KeyMode.MAJOR	1/12	48	7/12
3	9	ChordType.MAJ_MIN7	3			2	2	KeyMode.MAJOR	1/12	48	2/3
3	9	ChordType.MAJ_MIN7	3			2	2	KeyMode.MAJOR	1/12	48	3/4
3	9	ChordType.MAJ_MIN7	3			2	2	KeyMode.MAJOR	1/12	48	5/6
3	9	ChordType.MAJ_MIN7	3			2	2	KeyMode.MAJOR	1/12	48	11/12
2	2	ChordType.MAJOR	0			2	2	KeyMode.MAJOR	1/12	49	0
2	2	ChordType.MAJOR	0			2	2	KeyMode.MAJOR	1/12	49	1/12
2	2	ChordType.MAJOR	0			2	2	KeyMode.MAJOR	1/12	49	1/6
2	2	ChordType.MAJOR	0			2	2	KeyMode.MAJOR	1/12	49	1/4
2	2	ChordType.MAJOR	0			2	2	KeyMode.MAJOR	1/12	49	1/3
2	2	ChordType.MAJOR	0			2	2	KeyMode.MAJOR	1/12	49	5/12
3	9	ChordType.MAJ_MIN7	3			2	2	KeyMode.MAJOR	1/12	49	1/2
3	9	ChordType.MAJ_MIN7	3			2	2	KeyMode.MAJOR	1/12	49	7/12
3	9	ChordType.MAJ_MIN7	3			2	2	KeyMode.MAJOR	1/12	49	2/3
3	9	ChordType.MAJ_MIN7	3			2	2	KeyMode.MAJOR	1/12	49	3/4
3	9	ChordType.MAJ_MIN7	3			2	2	KeyMode.MAJOR	1/12	49	5/6
3	9	ChordType.MAJ_MIN7	3			2	2	KeyMode.MAJOR	1/12	49	11/12
2	2	ChordType.MAJOR	0			2	2	KeyMode.MAJOR	1/12	50	0
2	2	ChordType.MAJOR	0			2	2	KeyMode.MAJOR	1/12	50	1/12
2	2	ChordType.MAJOR	0			2	2	KeyMode.MAJOR	1/12	50	1/6
3	9	ChordType.MAJ_MIN7	3			2	2	KeyMode.MAJOR	1/12	50	1/4
3	9	ChordType.MAJ_MIN7	3			2	2	KeyMode.MAJOR	1/12	50	1/3
3	9	ChordType.MAJ_MIN7	3			2	2	KeyMode.MAJOR	1/12	50	5/12
2	2	ChordType.MAJOR	0			2	2	KeyMode.MAJOR	1/12	50	1/2
2	2	ChordType.MAJOR	0			2	2	KeyMode.MAJOR	1/12	50	7/12
2	2	ChordType.MAJOR	0			2	2	KeyMode.MAJOR	1/12	50	2/3
3	9	ChordType.MAJ_MIN7	3			2	2	KeyMode.MAJOR	1/12	50	3/4
3	9	ChordType.MAJ_MIN7	3			2	2	KeyMode.MAJOR	1/12	50	5/6
3	9	ChordType.MAJ_MIN7	3			2	2	KeyMode.MAJOR	1/12	50	11/12
2	2	ChordType.MAJOR	0			2	2	KeyMode.MAJOR	1/4	51	0
2	2	ChordType.MAJOR	0			2	2	KeyMode.MAJOR	1/4	51	1/4
2	2	ChordType.MAJOR	0			2	2	KeyMode.MAJOR	1/2	51	1/2
2	2	ChordType.MINOR	0			3	9	KeyMode.MINOR	7/12	52	0
2	2	ChordType.MINOR	0			3	9	KeyMode.MINOR	1/12	52	7/12
2	2	ChordType.MINOR	0			3	9	KeyMode.MINOR	1/12	52	2/3
2	2	ChordType.MINOR	0			3	9	KeyMode.MINOR	1/12	52	3/4
2	2	ChordType.MINOR	0			3	9	KeyMode.MINOR	1/12	52	5/6
2	2	ChordType.MINOR	0			3	9	KeyMode.MINOR	1/12	52	11/12
3	9	ChordType.MINOR	1			3	9	KeyMode.MINOR	1/8	53	0
3	9	ChordType.MINOR	1			3	9	KeyMode.MINOR	1/8	53	1/8
4	4	ChordType.MAJ_MIN7	3			3	9	KeyMode.MINOR	1/8	53	1/4
4	4	ChordType.MAJ_MIN7	3			3	9	KeyMode.MINOR	1/8	53	3/8
3	9	ChordType.MINOR	1			3	9	KeyMode.MINOR	1/8	53	1/2
3	9	ChordType.MINOR	1			3	9	KeyMode.MINOR	1/8	53	5/8
4	4	ChordType.MAJOR	1			3	9	KeyMode.MINOR	1/8	53	3/4
4	4	ChordType.MAJOR	1			3	9	KeyMode.MINOR	1/8	53	7/8
3	9	ChordType.MINOR	0			3	9	KeyMode.MINOR	1/8	54	0
3	9	ChordType.MINOR	0			3	9	KeyMode.MINOR	1/8	54	1/8
4	4	ChordType.MAJ_MIN7	2			3	9	KeyMode.MINOR	1/8	54	1/4
4	4	ChordType.MAJ_MIN7	2			3	9	KeyMode.MINOR	1/8	54	3/8
3	9	ChordType.MINOR	1			3	9	KeyMode.MINOR	1/8	54	1/2
3	9	ChordType.MINOR	1			3	9	KeyMode.MINOR	1/8	54	5/8
4	4	ChordType.MAJ_MIN7	2			3	9	KeyMode.MINOR	1/8	54	3/4
4	4	ChordType.MAJ_MIN7	2			3	9	KeyMode.MINOR	1/8	54	7/8
3	9	ChordType.MINOR	0			4	4	KeyMode.MINOR	1/12	55	0
3	9	ChordType.MINOR	0			4	4	KeyMode.MINOR	1/12	55	1/12
3	9	ChordType.MINOR	0			4	4	KeyMode.MINOR	1/12	55	1/6
3	9	ChordType.MINOR	0			4	4	KeyMode.MINOR	1/12	55	1/4
3	9	ChordType.MINOR	0			4	4	KeyMode.MINOR	1/12	55	1/3
3	9	ChordType.MINOR	0			4	4	KeyMode.MINOR	1/12	55	5/12
3	9	ChordType.MINOR	0			4	4	KeyMode.MINOR	1/12	55	1/2
3	9	ChordType.MINOR	0			4	4	KeyMode.MINOR	1/12	55	7/12
3	9	ChordType.MINOR	0			4	4	KeyMode.MINOR	1/12	55	2/3
3	9	ChordType.MINOR	0			4	4	KeyMode.MINOR	1/12	55	3/4
3	9	ChordType.MINOR	0			4	4	KeyMode.MINOR	1/12	55	5/6
3	9	ChordType.MINOR	0			4	4	KeyMode.MINOR	1/12	55	11/12
4	4	ChordType.MINOR	1			4	4	KeyMode.MINOR	1/8	56	0
4	4	ChordType.MINOR	1			4	4	KeyMode.MINOR	1/8	56	1/8
5	11	ChordType.MAJ_MIN7	3			4	4	KeyMode.MINOR	1/8	56	1/4
5	11	ChordType.MAJ_MIN7	3			4	4	KeyMode.MINOR	1/8	56	3/8
4	4	ChordType.MINOR	1			4	4	KeyMode.MINOR	1/8	56	1/2
4	4	ChordType.MINOR	1			4	4	KeyMode.MINOR	1/8	56	5/8
5	11	ChordType.MAJOR	1			4	4	KeyMode.MINOR	1/8	56	3/4
5	11	ChordType.MAJOR	1			4	4	KeyMode.MINOR	1/8	56	7/8
4	4	ChordType.MINOR	0			4	4	KeyMode.MINOR	1/8	57	0
4	4	ChordType.MINOR	0			4	4	KeyMode.MINOR	1/8	57	1/8
4	4	ChordType.MINOR	0			4	4	KeyMode.MINOR	1/8	57	1/4
4	4	ChordType.MINOR	0			4	4	KeyMode.MINOR	1/16	57	3/8
4	4	ChordType.MINOR	0			4	4	KeyMode.MINOR	1/16	57	7/16
10	10	ChordType.MAJOR	0			4	4	KeyMode.MINOR	1/8	57	1/2
10	10	ChordType.MAJOR	0			4	4	KeyMode.MINOR	1/8	57	5/8
10	10	ChordType.MAJOR	0			4	4	KeyMode.MINOR	1/8	57	3/4
10	10	ChordType.MAJOR	0			4	4	KeyMode.MINOR	1/8	57	7/8
5	11	ChordType.MAJOR	0			4	4	KeyMode.MINOR	1/8	58	0
5	11	ChordType.MAJOR	0			4	4	KeyMode.MINOR	1/8	58	1/8
5	11	ChordType.MAJOR	0			4	4	KeyMode.MINOR	1/8	58	1/4
5	11	ChordType.MAJOR	0			4	4	KeyMode.MINOR	1/8	58	3/8
5	11	ChordType.MAJ_MIN7	0			4	4	KeyMode.MINOR	1/8	58	1/2
5	11	ChordType.MAJ_MIN7	0			4	4	KeyMode.MINOR	1/8	58	5/8
5	11	ChordType.MAJ_MIN7	0			4	4	KeyMode.MINOR	1/8	58	3/4
5	11	ChordType.MAJ_MIN7	0			4	4	KeyMode.MINOR	1/8	58	7/8
4	4	ChordType.MINOR	2			4	4	KeyMode.MINOR	1/8	59	0
4	4	ChordType.MINOR	2			4	4	KeyMode.MINOR	1/8	59	1/8
4	4	ChordType.MINOR	2			4	4	KeyMode.MINOR	1/8	59	1/4
4	4	ChordType.MINOR	2			4	4	KeyMode.MINOR	1/8	59	3/8
5	11	ChordType.MAJOR	0			4	4	KeyMode.MINOR	1/8	59	1/2
5	11	ChordType.MAJOR	0			4	4	KeyMode.MINOR	1/8	59	5/8
4	4	ChordType.MINOR	2			4	4	KeyMode.MINOR	1/8	59	3/4
4	4	ChordType.MINOR	2			4	4	KeyMode.MINOR	1/8	59	7/8
5	11	ChordType.MAJOR	0			4	4	KeyMode.MINOR	1/8	60	0
5	11	ChordType.MAJOR	0			4	4	KeyMode.MINOR	1/8	60	1/8
5	11	ChordType.MAJOR	0			4	4	KeyMode.MINOR	1/8	60	1/4
5	11	ChordType.MAJOR	0			4	4	KeyMode.MINOR	1/8	60	3/8
5	11	ChordType.MAJ_MIN7	0			4	4	KeyMode.MINOR	1/8	60	1/2
5	11	ChordType.MAJ_MIN7	0			4	4	KeyMode.MINOR	1/8	60	5/8
5	11	ChordType.MAJ_MIN7	0			4	4	KeyMode.MINOR	1/8	60	3/4
5	11	ChordType.MAJ_MIN7	0			4	4	KeyMode.MINOR	1/8	60	7/8
4	4	ChordType.MINOR	2			4	4	KeyMode.MINOR	1/8	61	0
4	4	ChordType.MINOR	2			4	4	KeyMode.MINOR	1/8	61	1/8
4	4	ChordType.MINOR	2			4	4	KeyMode.MINOR	1/8	61	1/4
4	4	ChordType.MINOR	2			4	4	KeyMode.MINOR	1/8	61	3/8
5	11	ChordType.MAJOR	0			4	4	KeyMode.MINOR	1/8	61	1/2
5	11	ChordType.MAJOR	0			4	4	KeyMode.MINOR	1/8	61	5/8
4	4	ChordType.MINOR	2			4	4	KeyMode.MINOR	1/8	61	3/4
4	4	ChordType.MINOR	2			4	4	KeyMode.MINOR	1/8	61	7/8
5	11	ChordType.MAJOR	0			4	4	KeyMode.MINOR	1/8	62	0
5	11	ChordType.MAJOR	0			4	4	KeyMode.MINOR	1/8	62	1/8
5	11	ChordType.MAJOR	0			4	4	KeyMode.MINOR	1/8	62	1/4
5	11	ChordType.MAJOR	0			4	4	KeyMode.MINOR	1/8	62	3/8
5	11	ChordType.MAJ_MIN7	0			4	4	KeyMode.MINOR	1/8	62	1/2
5	11	ChordType.MAJ_MIN7	0			4	4	KeyMode.MINOR	1/8	62	5/8
5	11	ChordType.MAJ_MIN7	0			4	4	KeyMode.MINOR	1/8	62	3/4
5	11	ChordType.MAJ_MIN7	0			4	4	KeyMode.MINOR	1/8	62	7/8
4	4	ChordType.MINOR	0			1	7	KeyMode.MAJOR	1/8	63	0
4	4	ChordType.MINOR	0			1	7	KeyMode.MAJOR	1/8	63	1/8
4	4	ChordType.MINOR	0			1	7	KeyMode.MAJOR	1/8	63	1/4
4	4	ChordType.MINOR	0			1	7	KeyMode.MAJOR	1/8	63	3/8
4	4	ChordType.MIN_MIN7	0			1	7	KeyMode.MAJOR	1/8	63	1/2
4	4	ChordType.MIN_MIN7	0			1	7	KeyMode.MAJOR	1/8	63	5/8
4	4	ChordType.MIN_MIN7	0			1	7	KeyMode.MAJOR	1/8	63	3/4
4	4	ChordType.MIN_MIN7	0			1	7	KeyMode.MAJOR	1/8	63	7/8
3	9	ChordType.MINOR	0			1	7	KeyMode.MAJOR	1/8	64	0
3	9	ChordType.MINOR	0			1	7	KeyMode.MAJOR	1/8	64	1/8
3	9	ChordType.MINOR	0			1	7	KeyMode.MAJOR	1/8	64	1/4
3	9	ChordType.MINOR	0			1	7	KeyMode.MAJOR	1/8	64	3/8
3	9	ChordType.MIN_MIN7	0			1	7	KeyMode.MAJOR	1/8	64	1/2
3	9	ChordType.MIN_MIN7	0			1	7	KeyMode.MAJOR	1/8	64	5/8
3	9	ChordType.MIN_MIN7	0			1	7	KeyMode.MAJOR	1/8	64	3/4
3	9	ChordType.MIN_MIN7	0			1	7	KeyMode.MAJOR	1/8	64	7/8
2	2	ChordType.MAJOR	0			1	7	KeyMode.MAJOR	1/8	65	0
2	2	ChordType.MAJOR	0			1	7	KeyMode.MAJOR	1/8	65	1/8
2	2	ChordType.MAJOR	0			1	7	KeyMode.MAJOR	1/8	65	1/4
2	2	ChordType.MAJOR	0			1	7	KeyMode.MAJOR	1/8	65	3/8
2	2	ChordType.MAJ_MIN7	0			1	7	KeyMode.MAJOR	1/8	65	1/2
2	2	ChordType.MAJ_MIN7	0			1	7	KeyMode.MAJOR	1/8	65	5/8
2	2	ChordType.MAJ_MIN7	0			1	7	KeyMode.MAJOR	1/8	65	3/4
2	2	ChordType.MAJ_MIN7	0			1	7	KeyMode.MAJOR	1/8	65	7/8
1	7	ChordType.MAJOR	0			1	7	KeyMode.MAJOR	1/2	66	0
1	7	ChordType.MAJOR	0			1	7	KeyMode.MAJOR	1/12	66	1/2
1	7	ChordType.MAJOR	0			1	7	KeyMode.MAJOR	1/12	66	7/12
1	7	ChordType.MAJOR	0			1	7	KeyMode.MAJOR	1/12	66	2/3
1	7	ChordType.MAJOR	0			1	7	KeyMode.MAJOR	1/12	66	3/4
1	7	ChordType.MAJOR	0			1	7	KeyMode.MAJOR	1/12	66	5/6
1	7	ChordType.MAJOR	0			1	7	KeyMode.MAJOR	1/12	66	11/12
1	7	ChordType.MAJOR	0			1	7	KeyMode.MAJOR	1/4	67	0
1	7	ChordType.MAJOR	1			1	7	KeyMode.MAJOR	1/4	67	1/4
2	2	ChordType.MAJOR	2			1	7	KeyMode.MAJOR	1/4	67	1/2
1	7	ChordType.MAJOR	0			1	7	KeyMode.MAJOR	1/4	67	3/4
2	2	ChordType.MAJOR	1			1	7	KeyMode.MAJOR	1/4	68	0
2	2	ChordType.MAJOR	0			1	7	KeyMode.MAJOR	1/8	68	1/4
2	2	ChordType.MAJOR	0			1	7	KeyMode.MAJOR	1/8	68	3/8
1	7	ChordType.MAJOR	0			1	7	KeyMode.MAJOR	1/4	68	1/2
1	7	ChordType.MAJ_MIN7	3			0	0	KeyMode.MAJOR	1/8	68	3/4
1	7	ChordType.MAJ_MIN7	3			0	0	KeyMode.MAJOR	1/8	68	7/8
4	4	ChordType.MIN_MIN7	0			1	7	KeyMode.MAJOR	1/4	69	0
2	2	ChordType.MAJ_MIN7	1			1	7	KeyMode.MAJOR	1/16	69	1/4
2	2	ChordType.MAJ_MIN7	1			1	7	KeyMode.MAJOR	1/16	69	5/16
2	2	ChordType.MAJ_MIN7	1			1	7	KeyMode.MAJOR	1/16	69	3/8
2	2	ChordType.MAJ_MIN7	1			1	7	KeyMode.MAJOR	1/16	69	7/16
1	7	ChordType.MAJOR	0			1	7	KeyMode.MAJOR	1/8	69	1/2
1	7	ChordType.MAJOR	0			1	7	KeyMode.MAJOR	1/8	69	5/8
1	7	ChordType.MAJOR	0			1	7	KeyMode.MAJOR	1/8	69	3/4
1	7	ChordType.MAJOR	0			1	7	KeyMode.MAJOR	1/8	69	7/8
1	7	ChordType.MAJOR	0			1	7	KeyMode.MAJOR	1/2	70	0
1	7	ChordType.MAJOR	0			1	7	KeyMode.MAJOR	1/12	70	1/2
1	7	ChordType.MAJOR	0			1	7	KeyMode.MAJOR	1/12	70	7/12
1	7	ChordType.MAJOR	0			1	7	KeyMode.MAJOR	1/12	70	2/3
1	7	ChordType.MAJOR	0			1	7	KeyMode.MAJOR	1/12	70	3/4
1	7	ChordType.MAJOR	0			1	7	KeyMode.MAJOR	1/12	70	5/6
1	7	ChordType.MAJOR	0			1	7	KeyMode.MAJOR	1/12	70	11/12
1	7	ChordType.MAJOR	0			1	7	KeyMode.MAJOR	1/4	71	0
1	7	ChordType.MAJOR	1			1	7	KeyMode.MAJOR	1/8	71	1/4
1	7	ChordType.MAJOR	1			1	7	KeyMode.MAJOR	1/8	71	3/8
2	2	ChordType.MAJOR	2			1	7	KeyMode.MAJOR	1/8	71	1/2
2	2	ChordType.MAJOR	2			1	7	KeyMode.MAJOR	1/8	71	5/8
1	7	ChordType.MAJOR	0			1	7	KeyMode.MAJOR	1/8	71	3/4
1	7	ChordType.MAJOR	0			1	7	KeyMode.MAJOR	1/8	71	7/8
2	2	ChordType.MAJOR	1			1	7	KeyMode.MAJOR	1/8	72	0
2	2	ChordType.MAJOR	1			1	7	KeyMode.MAJOR	1/8	72	1/8
2	2	ChordType.MAJOR	0			1	7	KeyMode.MAJOR	1/8	72	1/4
2	2	ChordType.MAJOR	0			1	7	KeyMode.MAJOR	1/8	72	3/8
1	7	ChordType.MAJOR	0			1	7	KeyMode.MAJOR	1/8	72	1/2
1	7	ChordType.MAJOR	0			1	7	KeyMode.MAJOR	1/8	72	5/8
1	7	ChordType.MAJ_MIN7	3			0	0	KeyMode.MAJOR	1/8	72	3/4
1	7	ChordType.MAJ_MIN7	3			0	0	KeyMode.MAJOR	1/8	72	7/8
0	0	ChordType.MAJOR	1			0	0	KeyMode.MAJOR	1/8	73	0
0	0	ChordType.MAJOR	1			0	0	KeyMode.MAJOR	1/8	73	1/8
-1	5	ChordType.MAJOR	0			0	0	KeyMode.MAJOR	1/8	73	1/4
-1	5	ChordType.MAJOR	0			0	0	KeyMode.MAJOR	1/8	73	3/8
0	0	ChordType.MAJOR	2			0	0	KeyMode.MAJOR	1/8	73	1/2
0	0	ChordType.MAJOR	2			0	0	KeyMode.MAJOR	1/8	73	5/8
1	7	ChordType.MAJ_MIN7	0			0	0	KeyMode.MAJOR	1/8	73	3/4
1	7	ChordType.MAJ_MIN7	0			0	0	KeyMode.MAJOR	1/8	73	7/8
0	0	ChordType.MAJOR	0			0	0	KeyMode.MAJOR	1/12	74	0
0	0	ChordType.MAJOR	0			0	0	KeyMode.MAJOR	1/12	74	1/12
0	0	ChordType.MAJOR	0			0	0	KeyMode.MAJOR	1/12	74	1/6
0	0	ChordType.MAJOR	0			0	0	KeyMode.MAJOR	1/12	74	1/4
0	0	ChordType.MAJOR	0			0	0	KeyMode.MAJOR	1/12	74	1/3
0	0	ChordType.MAJOR	0			0	0	KeyMode.MAJOR	1/12	74	5/12
0	0	ChordType.MAJOR	0			0	0	KeyMode.MAJOR	1/12	74	1/2
0	0	ChordType.MAJOR	0			0	0	KeyMode.MAJOR	1/12	74	7/12
0	0	ChordType.MAJOR	0			0	0	KeyMode.MAJOR	1/12	74	2/3
0	0	ChordType.MAJOR	0			0	0	KeyMode.MAJOR	1/12	74	3/4
0	0	ChordType.MAJOR	0			0	0	KeyMode.MAJOR	1/12	74	5/6
0	0	ChordType.MAJOR	0			0	0	KeyMode.MAJOR	1/12	74	11/12
1	7	ChordType.MAJ_MIN7	2			0	0	KeyMode.MAJOR	1/12	75	0
1	7	ChordType.MAJ_MIN7	2			0	0	KeyMode.MAJOR	1/12	75	1/12
1	7	ChordType.MAJ_MIN7	2			0	0	KeyMode.MAJOR	1/12	75	1/6
1	7	ChordType.MAJ_MIN7	2			0	0	KeyMode.MAJOR	1/12	75	1/4
1	7	ChordType.MAJ_MIN7	2			0	0	KeyMode.MAJOR	1/12	75	1/3
1	7	ChordType.MAJ_MIN7	2			0	0	KeyMode.MAJOR	1/12	75	5/12
1	7	ChordType.MAJ_MIN7	2			0	0	KeyMode.MAJOR	1/12	75	1/2
1	7	ChordType.MAJ_MIN7	2			0	0	KeyMode.MAJOR	1/12	75	7/12
1	7	ChordType.MAJ_MIN7	2			0	0	KeyMode.MAJOR	1/12	75	2/3
1	7	ChordType.MAJ_MIN7	2			0	0	KeyMode.MAJOR	1/12	75	3/4
1	7	ChordType.MAJ_MIN7	2			0	0	KeyMode.MAJOR	1/12	75	5/6
1	7	ChordType.MAJ_MIN7	2			0	0	KeyMode.MAJOR	1/12	75	11/12
0	0	ChordType.MAJOR	0			0	0	KeyMode.MAJOR	1/12	76	0
0	0	ChordType.MAJOR	0			0	0	KeyMode.MAJOR	1/12	76	1/12
0	0	ChordType.MAJOR	0			0	0	KeyMode.MAJOR	1/12	76	1/6
0	0	ChordType.MAJOR	0			0	0	KeyMode.MAJOR	1/12	76	1/4
0	0	ChordType.MAJOR	0			0	0	KeyMode.MAJOR	1/12	76	1/3
0	0	ChordType.MAJOR	0			0	0	KeyMode.MAJOR	1/12	76	5/12
0	0	ChordType.MAJOR	0			0	0	KeyMode.MAJOR	1/12	76	1/2
0	0	ChordType.MAJOR	0			0	0	KeyMode.MAJOR	1/12	76	7/12
0	0	ChordType.MAJOR	0			0	0	KeyMode.MAJOR	1/12	76	2/3
0	0	ChordType.MAJOR	0			0	0	KeyMode.MAJOR	1/12	76	3/4
0	0	ChordType.MAJOR	0			0	0	KeyMode.MAJOR	1/12	76	5/6
0	0	ChordType.MAJOR	0			0	0	KeyMode.MAJOR	1/12	76	11/12
1	7	ChordType.MAJ_MIN7	1			0	0	KeyMode.MAJOR	1/12	77	0
1	7	ChordType.MAJ_MIN7	1			0	0	KeyMode.MAJOR	1/12	77	1/12
1	7	ChordType.MAJ_MIN7	1			0	0	KeyMode.MAJOR	1/12	77	1/6
1	7	ChordType.MAJ_MIN7	1			0	0	KeyMode.MAJOR	1/12	77	1/4
1	7	ChordType.MAJ_MIN7	1			0	0	KeyMode.MAJOR	1/12	77	1/3
1	7	ChordType.MAJ_MIN7	1			0	0	KeyMode.MAJOR	1/12	77	5/12
1	7	ChordType.MAJ_MIN7	1			0	0	KeyMode.MAJOR	1/12	77	1/2
1	7	ChordType.MAJ_MIN7	1			0	0	KeyMode.MAJOR	1/12	77	7/12
1	7	ChordType.MAJ_MIN7	1			0	0	KeyMode.MAJOR	1/12	77	2/3
1	7	ChordType.MAJ_MIN7	1			0	0	KeyMode.MAJOR	1/12	77	3/4
1	7	ChordType.MAJ_MIN7	1			0	0	KeyMode.MAJOR	1/12	77	5/6
1	7	ChordType.MAJ_MIN7	1			0	0	KeyMode.MAJOR	1/12	77	11/12
0	0	ChordType.MAJOR	0			0	0	KeyMode.MAJOR	1/12	78	0
0	0	ChordType.MAJOR	0			0	0	KeyMode.MAJOR	1/12	78	1/12
0	0	ChordType.MAJOR	0			0	0	KeyMode.MAJOR	1/12	78	1/6
0	0	ChordType.MAJOR	0			0	0	KeyMode.MAJOR	1/12	78	1/4
0	0	ChordType.MAJOR	0			0	0	KeyMode.MAJOR	1/12	78	1/3
0	0	ChordType.MAJOR	0			0	0	KeyMode.MAJOR	1/12	78	5/12
0	0	ChordType.MAJOR	0			0	0	KeyMode.MAJOR	1/12	78	1/2
0	0	ChordType.MAJOR	0			0	0	KeyMode.MAJOR	1/12	78	7/12
0	0	ChordType.MAJOR	0			0	0	KeyMode.MAJOR	1/12	78	2/3
0	0	ChordType.MAJOR	0			0	0	KeyMode.MAJOR	1/12	78	3/4
0	0	ChordType.MAJOR	0			0	0	KeyMode.MAJOR	1/12	78	5/6
0	0	ChordType.MAJOR	0			0	0	KeyMode.MAJOR	1/12	78	11/12
4	4	ChordType.MAJ_MIN7	2			3	9	KeyMode.MINOR	1/12	79	0
4	4	ChordType.MAJ_MIN7	2			3	9	KeyMode.MINOR	1/12	79	1/12
4	4	ChordType.MAJ_MIN7	2			3	9	KeyMode.MINOR	1/12	79	1/6
4	4	ChordType.MAJ_MIN7	2			3	9	KeyMode.MINOR	1/12	79	1/4
4	4	ChordType.MAJ_MIN7	2			3	9	KeyMode.MINOR	1/12	79	1/3
4	4	ChordType.MAJ_MIN7	2			3	9	KeyMode.MINOR	1/12	79	5/12
4	4	ChordType.MAJ_MIN7	2			3	9	KeyMode.MINOR	1/12	79	1/2
4	4	ChordType.MAJ_MIN7	2			3	9	KeyMode.MINOR	1/12	79	7/12
4	4	ChordType.MAJ_MIN7	2			3	9	KeyMode.MINOR	1/12	79	2/3
4	4	ChordType.MAJ_MIN7	2			3	9	KeyMode.MINOR	1/12	79	3/4
4	4	ChordType.MAJ_MIN7	2			3	9	KeyMode.MINOR	1/12	79	5/6
4	4	ChordType.MAJ_MIN7	2			3	9	KeyMode.MINOR	1/12	79	11/12
3	9	ChordType.MINOR	1			1	7	KeyMode.MAJOR	1/12	80	0
3	9	ChordType.MINOR	1			1	7	KeyMode.MAJOR	1/12	80	1/12
3	9	ChordType.MINOR	1			1	7	KeyMode.MAJOR	1/12	80	1/6
3	9	ChordType.MINOR	1			1	7	KeyMode.MAJOR	1/12	80	1/4
3	9	ChordType.MINOR	1			1	7	KeyMode.MAJOR	1/12	80	1/3
3	9	ChordType.MINOR	1			1	7	KeyMode.MAJOR	1/12	80	5/12
3	9	ChordType.MAJ_MIN7	1			2	2	KeyMode.MAJOR	1/12	80	1/2
3	9	ChordType.MAJ_MIN7	1			2	2	KeyMode.MAJOR	1/12	80	7/12
3	9	ChordType.MAJ_MIN7	1			2	2	KeyMode.MAJOR	1/12	80	2/3
3	9	ChordType.MAJ_MIN7	1			2	2	KeyMode.MAJOR	1/12	80	3/4
3	9	ChordType.MAJ_MIN7	1			2	2	KeyMode.MAJOR	1/12	80	5/6
3	9	ChordType.MAJ_MIN7	1			2	2	KeyMode.MAJOR	1/12	80	11/12
2	2	ChordType.MAJ_MIN7	0			1	7	KeyMode.MAJOR	1/12	81	0
2	2	ChordType.MAJ_MIN7	0			1	7	KeyMode.MAJOR	1/12	81	1/12
2	2	ChordType.MAJ_MIN7	0			1	7	KeyMode.MAJOR	1/12	81	1/6
2	2	ChordType.MAJ_MIN7	0			1	7	KeyMode.MAJOR	1/12	81	1/4
2	2	ChordType.MAJ_MIN7	0			1	7	KeyMode.MAJOR	1/12	81	1/3
2	2	ChordType.MAJ_MIN7	0			1	7	KeyMode.MAJOR	1/12	81	5/12
2	2	ChordType.MAJ_MIN7	0			1	7	KeyMode.MAJOR	1/12	81	1/2
2	2	ChordType.MAJ_MIN7	0			1	7	KeyMode.MAJOR	1/12	81	7/12
2	2	ChordType.MAJ_MIN7	0			1	7	KeyMode.MAJOR	1/12	81	2/3
2	2	ChordType.MAJ_MIN7	0			1	7	KeyMode.MAJOR	1/12	81	3/4
2	2	ChordType.MAJ_MIN7	0			1	7	KeyMode.MAJOR	1/12	81	5/6
2	2	ChordType.MAJ_MIN7	0			1	7	KeyMode.MAJOR	1/12	81	11/12
1	7	ChordType.MAJOR	2			1	7	KeyMode.MAJOR	1/12	82	0
1	7	ChordType.MAJOR	2			1	7	KeyMode.MAJOR	1/12	82	1/12
1	7	ChordType.MAJOR	2			1	7	KeyMode.MAJOR	1/12	82	1/6
1	7	ChordType.MAJOR	2			1	7	KeyMode.MAJOR	1/12	82	1/4
1	7	ChordType.MAJOR	2			1	7	KeyMode.MAJOR	1/12	82	1/3
1	7	ChordType.MAJOR	2			1	7	KeyMode.MAJOR	1/12	82	5/12
1	7	ChordType.MAJOR	2			1	7	KeyMode.MAJOR	1/12	82	1/2
1	7	ChordType.MAJOR	2			1	7	KeyMode.MAJOR	1/12	82	7/12
1	7	ChordType.MAJOR	2			1	7	KeyMode.MAJOR	1/12	82	2/3
1	7	ChordType.MAJOR	2			1	7	KeyMode.MAJOR	1/12	82	3/4
1	7	ChordType.MAJOR	2			1	7	KeyMode.MAJOR	1/12	82	5/6
1	7	ChordType.MAJOR	2			1	7	KeyMode.MAJOR	1/12	82	11/12
2	2	ChordType.MAJ_MIN7	0			1	7	KeyMode.MAJOR	1/12	83	0
2	2	ChordType.MAJ_MIN7	0			1	7	KeyMode.MAJOR	1/12	83	1/12
2	2	ChordType.MAJ_MIN7	0			1	7	KeyMode.MAJOR	1/12	83	1/6
2	2	ChordType.MAJ_MIN7	0			1	7	KeyMode.MAJOR	1/12	83	1/4
2	2	ChordType.MAJ_MIN7	0			1	7	KeyMode.MAJOR	1/12	83	1/3
2	2	ChordType.MAJ_MIN7	0			1	7	KeyMode.MAJOR	1/12	83	5/12
2	2	ChordType.MAJ_MIN7	0			1	7	KeyMode.MAJOR	1/12	83	1/2
2	2	ChordType.MAJ_MIN7	0			1	7	KeyMode.MAJOR	1/12	83	7/12
2	2	ChordType.MAJ_MIN7	0			1	7	KeyMode.MAJOR	1/12	83	2/3
2	2	ChordType.MAJ_MIN7	0			1	7	KeyMode.MAJOR	1/12	83	3/4
2	2	ChordType.MAJ_MIN7	0			1	7	KeyMode.MAJOR	1/12	83	5/6
2	2	ChordType.MAJ_MIN7	0			1	7	KeyMode.MAJOR	1/12	83	11/12
1	7	ChordType.MAJOR	2			1	7	KeyMode.MAJOR	1/12	84	0
1	7	ChordType.MAJOR	2			1	7	KeyMode.MAJOR	1/12	84	1/12
1	7	ChordType.MAJOR	2			1	7	KeyMode.MAJOR	1/12	84	1/6
1	7	ChordType.MAJOR	2			1	7	KeyMode.MAJOR	1/12	84	1/4
1	7	ChordType.MAJOR	2			1	7	KeyMode.MAJOR	1/12	84	1/3
1	7	ChordType.MAJOR	2			1	7	KeyMode.MAJOR	1/12	84	5/12
1	7	ChordType.MAJOR	2			1	7	KeyMode.MAJOR	1/12	84	1/2
1	7	ChordType.MAJOR	2			1	7	KeyMode.MAJOR	1/12	84	7/12
1	7	ChordType.MAJOR	2			1	7	KeyMode.MAJOR	1/12	84	2/3
1	7	ChordType.MAJOR	2			1	7	KeyMode.MAJOR	1/12	84	3/4
1	7	ChordType.MAJOR	2			1	7	KeyMode.MAJOR	1/12	84	5/6
1	7	ChordType.MAJOR	2			1	7	KeyMode.MAJOR	1/12	84	11/12
2	2	ChordType.MAJOR	0			1	7	KeyMode.MAJOR	1/12	85	0
2	2	ChordType.MAJOR	0			1	7	KeyMode.MAJOR	1/12	85	1/12
2	2	ChordType.MAJOR	0			1	7	KeyMode.MAJOR	1/12	85	1/6
1	7	ChordType.MAJOR	2			1	7	KeyMode.MAJOR	1/12	85	1/4
1	7	ChordType.MAJOR	2			1	7	KeyMode.MAJOR	1/12	85	1/3
1	7	ChordType.MAJOR	2			1	7	KeyMode.MAJOR	1/12	85	5/12
2	2	ChordType.MAJOR	0			1	7	KeyMode.MAJOR	1/12	85	1/2
2	2	ChordType.MAJOR	0			1	7	KeyMode.MAJOR	1/12	85	7/12
2	2	ChordType.MAJOR	0			1	7	KeyMode.MAJOR	1/12	85	2/3
1	7	ChordType.MAJOR	2			1	7	KeyMode.MAJOR	1/12	85	3/4
1	7	ChordType.MAJOR	2			1	7	KeyMode.MAJOR	1/12	85	5/6
1	7	ChordType.MAJOR	2			1	7	KeyMode.MAJOR	1/12	85	11/12
2	2	ChordType.MAJOR	0			1	7	KeyMode.MAJOR	5/8	86	0
2	2	ChordType.MAJOR	0			1	7	KeyMode.MAJOR	1/8	86	5/8
2	2	ChordType.MAJOR	0			1	7	KeyMode.MAJOR	1/8	86	3/4
2	2	ChordType.MAJOR	0			1	7	KeyMode.MAJOR	1/8	86	7/8
1	7	ChordType.MAJOR	1			1	7	KeyMode.MAJOR	1/8	87	0
1	7	ChordType.MAJOR	1			1	7	KeyMode.MAJOR	1/8	87	1/8
2	2	ChordType.MAJ_MIN7	3			1	7	KeyMode.MAJOR	1/8	87	1/4
2	2	ChordType.MAJ_MIN7	3			1	7	KeyMode.MAJOR	1/8	87	3/8
1	7	ChordType.MAJOR	1			1	7	KeyMode.MAJOR	1/8	87	1/2
1	7	ChordType.MAJOR	1			1	7	KeyMode.MAJOR	1/8	87	5/8
2	2	ChordType.MAJOR	1			1	7	KeyMode.MAJOR	1/8	87	3/4
2	2	ChordType.MAJOR	1			1	7	KeyMode.MAJOR	1/8	87	7/8
1	7	ChordType.MAJOR	0			1	7	KeyMode.MAJOR	1/8	88	0
1	7	ChordType.MAJOR	0			1	7	KeyMode.MAJOR	1/8	88	1/8
2	2	ChordType.MAJOR	1			1	7	KeyMode.MAJOR	1/8	88	1/4
2	2	ChordType.MAJOR	1			1	7	KeyMode.MAJOR	1/8	88	3/8
2	2	ChordType.MAJOR	0			1	7	KeyMode.MAJOR	1/8	88	1/2
2	2	ChordType.MAJOR	0			1	7	KeyMode.MAJOR	1/8	88	5/8
2	2	ChordType.MAJOR	0			1	7	KeyMode.MAJOR	1/8	88	3/4
2	2	ChordType.MAJOR	0			1	7	KeyMode.MAJOR	1/8	88	7/8
2	2	ChordType.MAJ_MIN7	3			1	7	KeyMode.MAJOR	1/8	89	0
2	2	ChordType.MAJ_MIN7	3			1	7	KeyMode.MAJOR	1/8	89	1/8
1	7	ChordType.MAJOR	1			1	7	KeyMode.MAJOR	1/8	89	1/4
1	7	ChordType.MAJOR	1			1	7	KeyMode.MAJOR	1/8	89	3/8
2	2	ChordType.MAJOR	2			1	7	KeyMode.MAJOR	1/8	89	1/2
2	2	ChordType.MAJOR	2			1	7	KeyMode.MAJOR	1/8	89	5/8
1	7	ChordType.MAJOR	0			1	7	KeyMode.MAJOR	1/8	89	3/4
1	7	ChordType.MAJOR	0			1	7	KeyMode.MAJOR	1/8	89	7/8
2	2	ChordType.MAJ_MIN7	1			1	7	KeyMode.MAJOR	1/8	90	0
2	2	ChordType.MAJ_MIN7	1			1	7	KeyMode.MAJOR	1/8	90	1/8
1	7	ChordType.MAJOR	0			1	7	KeyMode.MAJOR	1/8	90	1/4
1	7	ChordType.MAJOR	0			1	7	KeyMode.MAJOR	1/8	90	3/8
1	7	ChordType.MAJOR	0			1	7	KeyMode.MAJOR	1/8	90	1/2
1	7	ChordType.MAJOR	0			1	7	KeyMode.MAJOR	1/8	90	5/8
1	7	ChordType.MAJOR	0			1	7	KeyMode.MAJOR	1/8	90	3/4
1	7	ChordType.MAJOR	0			1	7	KeyMode.MAJOR	1/8	90	7/8
3	9	ChordType.MINOR	1			1	7	KeyMode.MAJOR	1/8	91	0
3	9	ChordType.MINOR	1			1	7	KeyMode.MAJOR	1/8	91	1/8
3	9	ChordType.MINOR	1			1	7	KeyMode.MAJOR	1/8	91	1/4
3	9	ChordType.MINOR	1			1	7	KeyMode.MAJOR	1/8	91	3/8
1	7	ChordType.MAJOR	1			1	7	KeyMode.MAJOR	1/8	91	1/2
1	7	ChordType.MAJOR	1			1	7	KeyMode.MAJOR	1/8	91	5/8
1	7	ChordType.MAJOR	1			1	7	KeyMode.MAJOR	1/8	91	3/4
1	7	ChordType.MAJOR	1			1	7	KeyMode.MAJOR	1/8	91	7/8
3	9	ChordType.MINOR	1			1	7	KeyMode.MAJOR	1/8	92	0
3	9	ChordType.MINOR	1			1	7	KeyMode.MAJOR	1/8	92	1/8
3	9	ChordType.MINOR	1			1	7	KeyMode.MAJOR	1/8	92	1/4
3	9	ChordType.MINOR	1			1	7	KeyMode.MAJOR	1/8	92	3/8
1	7	ChordType.MAJOR	1			1	7	KeyMode.MAJOR	1/8	92	1/2
1	7	ChordType.MAJOR	1			1	7	KeyMode.MAJOR	1/8	92	5/8
1	7	ChordType.MAJOR	1			1	7	KeyMode.MAJOR	1/8	92	3/4
1	7	ChordType.MAJOR	1			1	7	KeyMode.MAJOR	1/8	92	7/8
3	9	ChordType.MINOR	1			1	7	KeyMode.MAJOR	1/8	93	0
3	9	ChordType.MINOR	1			1	7	KeyMode.MAJOR	1/8	93	1/8
3	9	ChordType.MINOR	1			1	7	KeyMode.MAJOR	1/8	93	1/4
3	9	ChordType.MINOR	1			1	7	KeyMode.MAJOR	1/8	93	3/8
3	9	ChordType.MAJ_MIN7	1			2	2	KeyMode.MAJOR	1/8	93	1/2
3	9	ChordType.MAJ_MIN7	1			2	2	KeyMode.MAJOR	1/8	93	5/8
3	9	ChordType.MAJ_MIN7	1			2	2	KeyMode.MAJOR	1/8	93	3/4
3	9	ChordType.MAJ_MIN7	1			2	2	KeyMode.MAJOR	1/8	93	7/8
2	2	ChordType.MAJOR	0			1	7	KeyMode.MAJOR	1/8	94	0
2	2	ChordType.MAJOR	0			1	7	KeyMode.MAJOR	1/8	94	1/8
2	2	ChordType.MAJOR	0			1	7	KeyMode.MAJOR	1/8	94	1/4
2	2	ChordType.MAJOR	0			1	7	KeyMode.MAJOR	1/8	94	3/8
2	2	ChordType.MAJOR	0			1	7	KeyMode.MAJOR	1/8	94	1/2
2	2	ChordType.MAJOR	0			1	7	KeyMode.MAJOR	1/8	94	5/8
2	2	ChordType.MAJOR	0			1	7	KeyMode.MAJOR	1/8	94	3/4
2	2	ChordType.MAJOR	0			1	7	KeyMode.MAJOR	1/8	94	7/8
1	7	ChordType.MAJOR	1			1	7	KeyMode.MAJOR	1/8	95	0
1	7	ChordType.MAJOR	1			1	7	KeyMode.MAJOR	1/8	95	1/8
2	2	ChordType.MAJ_MIN7	3			1	7	KeyMode.MAJOR	1/8	95	1/4
2	2	ChordType.MAJ_MIN7	3			1	7	KeyMode.MAJOR	1/8	95	3/8
1	7	ChordType.MAJOR	1			1	7	KeyMode.MAJOR	1/8	95	1/2
1	7	ChordType.MAJOR	1			1	7	KeyMode.MAJOR	1/8	95	5/8
2	2	ChordType.MAJOR	1			1	7	KeyMode.MAJOR	1/8	95	3/4
2	2	ChordType.MAJOR	1			1	7	KeyMode.MAJOR	1/8	95	7/8
1	7	ChordType.MAJOR	0			1	7	KeyMode.MAJOR	1/8	96	0
1	7	ChordType.MAJOR	0			1	7	KeyMode.MAJOR	1/8	96	1/8
2	2	ChordType.MAJOR	1			1	7	KeyMode.MAJOR	1/8	96	1/4
2	2	ChordType.MAJOR	1			1	7	KeyMode.MAJOR	1/8	96	3/8
2	2	ChordType.MAJOR	0			1	7	KeyMode.MAJOR	1/8	96	1/2
2	2	ChordType.MAJOR	0			1	7	KeyMode.MAJOR	1/8	96	5/8
2	2	ChordType.MAJOR	0			1	7	KeyMode.MAJOR	1/8	96	3/4
2	2	ChordType.MAJOR	0			1	7	KeyMode.MAJOR	1/8	96	7/8
2	2	ChordType.MAJ_MIN7	3			1	7	KeyMode.MAJOR	1/8	97	0
2	2	ChordType.MAJ_MIN7	3			1	7	KeyMode.MAJOR	1/8	97	1/8
1	7	ChordType.MAJOR	1			1	7	KeyMode.MAJOR	1/8	97	1/4
1	7	ChordType.MAJOR	1			1	7	KeyMode.MAJOR	1/8	97	3/8
2	2	ChordType.MAJOR	2			1	7	KeyMode.MAJOR	1/8	97	1/2
2	2	ChordType.MAJOR	2			1	7	KeyMode.MAJOR	1/8	97	5/8
1	7	ChordType.MAJOR	0			1	7	KeyMode.MAJOR	1/8	97	3/4
1	7	ChordType.MAJOR	0			1	7	KeyMode.MAJOR	1/8	97	7/8
2	2	ChordType.MAJ_MIN7	1			1	7	KeyMode.MAJOR	1/8	98	0
2	2	ChordType.MAJ_MIN7	1			1	7	KeyMode.MAJOR	1/8	98	1/8
1	7	ChordType.MAJOR	0			1	7	KeyMode.MAJOR	1/8	98	1/4
1	7	ChordType.MAJOR	0			1	7	KeyMode.MAJOR	1/8	98	3/8
1	7	ChordType.MAJOR	0			1	7	KeyMode.MAJOR	1/8	98	1/2
1	7	ChordType.MAJOR	0			1	7	KeyMode.MAJOR	1/8	98	5/8
1	7	ChordType.MAJOR	0			1	7	KeyMode.MAJOR	1/8	98	3/4
1	7	ChordType.MAJOR	0			1	7	KeyMode.MAJOR	1/8	98	7/8
3	9	ChordType.MINOR	1			1	7	KeyMode.MAJOR	1/8	99	0
3	9	ChordType.MINOR	1			1	7	KeyMode.MAJOR	1/8	99	1/8
3	9	ChordType.MINOR	1			1	7	KeyMode.MAJOR	1/8	99	1/4
3	9	ChordType.MINOR	1			1	7	KeyMode.MAJOR	1/8	99	3/8
1	7	ChordType.MAJOR	1			1	7	KeyMode.MAJOR	1/8	99	1/2
1	7	ChordType.MAJOR	1			1	7	KeyMode.MAJOR	1/8	99	5/8
1	7	ChordType.MAJOR	1			1	7	KeyMode.MAJOR	1/8	99	3/4
1	7	ChordType.MAJOR	1			1	7	KeyMode.MAJOR	1/8	99	7/8
3	9	ChordType.MINOR	1			1	7	KeyMode.MAJOR	1/8	100	0
3	9	ChordType.MINOR	1			1	7	KeyMode.MAJOR	1/8	100	1/8
3	9	ChordType.MINOR	1			1	7	KeyMode.MAJOR	1/8	100	1/4
3	9	ChordType.MINOR	1			1	7	KeyMode.MAJOR	1/8	100	3/8
1	7	ChordType.MAJOR	1			1	7	KeyMode.MAJOR	1/8	100	1/2
1	7	ChordType.MAJOR	1			1	7	KeyMode.MAJOR	1/8	100	5/8
1	7	ChordType.MAJOR	1			1	7	KeyMode.MAJOR	1/8	100	3/4
1	7	ChordType.MAJOR	1			1	7	KeyMode.MAJOR	1/8	100	7/8
3	9	ChordType.MINOR	1			1	7	KeyMode.MAJOR	1/8	101	0
3	9	ChordType.MINOR	1			1	7	KeyMode.MAJOR	1/8	101	1/8
3	9	ChordType.MINOR	1			1	7	KeyMode.MAJOR	1/8	101	1/4
3	9	ChordType.MINOR	1			1	7	KeyMode.MAJOR	1/8	101	3/8
1	7	ChordType.MAJOR	2			1	7	KeyMode.MAJOR	1/8	101	1/2
1	7	ChordType.MAJOR	2			1	7	KeyMode.MAJOR	1/8	101	5/8
2	2	ChordType.MAJOR	0			1	7	KeyMode.MAJOR	1/8	101	3/4
2	2	ChordType.MAJOR	0			1	7	KeyMode.MAJOR	1/8	101	7/8
1	7	ChordType.MAJOR	0			1	7	KeyMode.MAJOR	1/12	102	0
1	7	ChordType.MAJOR	0			1	7	KeyMode.MAJOR	1/12	102	1/12
1	7	ChordType.MAJOR	0			1	7	KeyMode.MAJOR	1/12	102	1/6
1	7	ChordType.MAJOR	0			1	7	KeyMode.MAJOR	1/12	102	1/4
1	7	ChordType.MAJOR	0			1	7	KeyMode.MAJOR	1/12	102	1/3
1	7	ChordType.MAJOR	0			1	7	KeyMode.MAJOR	1/12	102	5/12
1	7	ChordType.MAJOR	0			1	7	KeyMode.MAJOR	1/12	102	1/2
1	7	ChordType.MAJOR	0			1	7	KeyMode.MAJOR	1/12	102	7/12
1	7	ChordType.MAJOR	0			1	7	KeyMode.MAJOR	1/12	102	2/3
1	7	ChordType.MAJOR	0			1	7	KeyMode.MAJOR	1/12	102	3/4
1	7	ChordType.MAJOR	0			1	7	KeyMode.MAJOR	1/12	102	5/6
1	7	ChordType.MAJOR	0			1	7	KeyMode.MAJOR	1/12	102	11/12
2	2	ChordType.MAJ_MIN7	2			1	7	KeyMode.MAJOR	1/12	103	0
2	2	ChordType.MAJ_MIN7	2			1	7	KeyMode.MAJOR	1/12	103	1/12
2	2	ChordType.MAJ_MIN7	2			1	7	KeyMode.MAJOR	1/12	103	1/6
2	2	ChordType.MAJ_MIN7	2			1	7	KeyMode.MAJOR	1/12	103	1/4
2	2	ChordType.MAJ_MIN7	2			1	7	KeyMode.MAJOR	1/12	103	1/3
2	2	ChordType.MAJ_MIN7	2			1	7	KeyMode.MAJOR	1/12	103	5/12
2	2	ChordType.MAJ_MIN7	2			1	7	KeyMode.MAJOR	1/12	103	1/2
2	2	ChordType.MAJ_MIN7	2			1	7	KeyMode.MAJOR	1/12	103	7/12
2	2	ChordType.MAJ_MIN7	2			1	7	KeyMode.MAJOR	1/12	103	2/3
2	2	ChordType.MAJ_MIN7	2			1	7	KeyMode.MAJOR	1/12	103	3/4
2	2	ChordType.MAJ_MIN7	2			1	7	KeyMode.MAJOR	1/12	103	5/6
2	2	ChordType.MAJ_MIN7	2			1	7	KeyMode.MAJOR	1/12	103	11/12
1	7	ChordType.MAJOR	0			1	7	KeyMode.MAJOR	1/12	104	0
1	7	ChordType.MAJOR	0			1	7	KeyMode.MAJOR	1/12	104	1/12
1	7	ChordType.MAJOR	0			1	7	KeyMode.MAJOR	1/12	104	1/6
1	7	ChordType.MAJOR	0			1	7	KeyMode.MAJOR	1/12	104	1/4
1	7	ChordType.MAJOR	0			1	7	KeyMode.MAJOR	1/12	104	1/3
1	7	ChordType.MAJOR	0			1	7	KeyMode.MAJOR	1/12	104	5/12
1	7	ChordType.MAJOR	0			1	7	KeyMode.MAJOR	1/12	104	1/2
1	7	ChordType.MAJOR	0			1	7	KeyMode.MAJOR	1/12	104	7/12
1	7	ChordType.MAJOR	0			1	7	KeyMode.MAJOR	1/12	104	2/3
1	7	ChordType.MAJOR	0			1	7	KeyMode.MAJOR	1/12	104	3/4
1	7	ChordType.MAJOR	0			1	7	KeyMode.MAJOR	1/12	104	5/6
1	7	ChordType.MAJOR	0			1	7	KeyMode.MAJOR	1/12	104	11/12
2	2	ChordType.MAJ_MIN7	1			1	7	KeyMode.MAJOR	1/12	105	0
2	2	ChordType.MAJ_MIN7	1			1	7	KeyMode.MAJOR	1/12	105	1/12
2	2	ChordType.MAJ_MIN7	1			1	7	KeyMode.MAJOR	1/12	105	1/6
2	2	ChordType.MAJ_MIN7	1			1	7	KeyMode.MAJOR	1/12	105	1/4
2	2	ChordType.MAJ_MIN7	1			1	7	KeyMode.MAJOR	1/12	105	1/3
2	2	ChordType.MAJ_MIN7	1			1	7	KeyMode.MAJOR	1/12	105	5/12
2	2	ChordType.MAJ_MIN7	1			1	7	KeyMode.MAJOR	1/12	105	1/2
2	2	ChordType.MAJ_MIN7	1			1	7	KeyMode.MAJOR	1/12	105	7/12
2	2	ChordType.MAJ_MIN7	1			1	7	KeyMode.MAJOR	1/12	105	2/3
2	2	ChordType.MAJ_MIN7	1			1	7	KeyMode.MAJOR	1/12	105	3/4
2	2	ChordType.MAJ_MIN7	1			1	7	KeyMode.MAJOR	1/12	105	5/6
2	2	ChordType.MAJ_MIN7	1			1	7	KeyMode.MAJOR	1/12	105	11/12
1	7	ChordType.MAJOR	0			1	7	KeyMode.MAJOR	1/12	106	0
1	7	ChordType.MAJOR	0			1	7	KeyMode.MAJOR	1/12	106	1/12
1	7	ChordType.MAJOR	0			1	7	KeyMode.MAJOR	1/12	106	1/6
1	7	ChordType.MAJOR	0			1	7	KeyMode.MAJOR	1/12	106	1/4
1	7	ChordType.MAJOR	0			1	7	KeyMode.MAJOR	1/12	106	1/3
1	7	ChordType.MAJOR	0			1	7	KeyMode.MAJOR	1/12	106	5/12
1	7	ChordType.MAJOR	0			1	7	KeyMode.MAJOR	1/12	106	1/2
1	7	ChordType.MAJOR	0			1	7	KeyMode.MAJOR	1/12	106	7/12
1	7	ChordType.MAJOR	0			1	7	KeyMode.MAJOR	1/12	106	2/3
1	7	ChordType.MAJOR	0			1	7	KeyMode.MAJOR	1/12	106	3/4
1	7	ChordType.MAJOR	0			1	7	KeyMode.MAJOR	1/12	106	5/6
1	7	ChordType.MAJOR	0			1	7	KeyMode.MAJOR	1/12	106	11/12
1	7	ChordType.MAJ_MIN7	1			0	0	KeyMode.MAJOR	1/12	107	0
1	7	ChordType.MAJ_MIN7	1			0	0	KeyMode.MAJOR	1/12	107	1/12
1	7	ChordType.MAJ_MIN7	1			0	0	KeyMode.MAJOR	1/12	107	1/6
1	7	ChordType.MAJ_MIN7	1			0	0	KeyMode.MAJOR	1/12	107	1/4
1	7	ChordType.MAJ_MIN7	1			0	0	KeyMode.MAJOR	1/12	107	1/3
1	7	ChordType.MAJ_MIN7	1			0	0	KeyMode.MAJOR	1/12	107	5/12
8	8	ChordType.DIM7	1			3	9	KeyMode.MINOR	1/12	107	1/2
8	8	ChordType.DIM7	1			3	9	KeyMode.MINOR	1/12	107	7/12
8	8	ChordType.DIM7	1			3	9	KeyMode.MINOR	1/12	107	2/3
8	8	ChordType.DIM7	1			3	9	KeyMode.MINOR	1/12	107	3/4
8	8	ChordType.DIM7	1			3	9	KeyMode.MINOR	1/12	107	5/6
8	8	ChordType.DIM7	1			3	9	KeyMode.MINOR	1/12	107	11/12
3	9	ChordType.MINOR	1			1	7	KeyMode.MAJOR	1/12	108	0
3	9	ChordType.MINOR	1			1	7	KeyMode.MAJOR	1/12	108	1/12
3	9	ChordType.MINOR	1			1	7	KeyMode.MAJOR	1/12	108	1/6
3	9	ChordType.MINOR	1			1	7	KeyMode.MAJOR	1/12	108	1/4
3	9	ChordType.MINOR	1			1	7	KeyMode.MAJOR	1/12	108	1/3
3	9	ChordType.MINOR	1			1	7	KeyMode.MAJOR	1/12	108	5/12
1	7	ChordType.MAJOR	2			1	7	KeyMode.MAJOR	1/12	108	1/2
1	7	ChordType.MAJOR	2			1	7	KeyMode.MAJOR	1/12	108	7/12
1	7	ChordType.MAJOR	2			1	7	KeyMode.MAJOR	1/12	108	2/3
2	2	ChordType.MAJ_MIN7	0			1	7	KeyMode.MAJOR	1/16	108	3/4
2	2	ChordType.MAJ_MIN7	0			1	7	KeyMode.MAJOR	1/48	108	13/16
2	2	ChordType.MAJ_MIN7	0			1	7	KeyMode.MAJOR	1/24	108	5/6
2	2	ChordType.MAJ_MIN7	0			1	7	KeyMode.MAJOR	1/24	108	7/8
2	2	ChordType.MAJ_MIN7	0			1	7	KeyMode.MAJOR	1/48	108	11/12
2	2	ChordType.MAJ_MIN7	0			1	7	KeyMode.MAJOR	1/16	108	15/16
1	7	ChordType.MAJOR	0			1	7	KeyMode.MAJOR	1/12	109	0
1	7	ChordType.MAJOR	0			1	7	KeyMode.MAJOR	1/12	109	1/12
1	7	ChordType.MAJOR	0			1	7	KeyMode.MAJOR	1/12	109	1/6
1	7	ChordType.MAJOR	0			1	7	KeyMode.MAJOR	1/12	109	1/4
1	7	ChordType.MAJOR	0			1	7	KeyMode.MAJOR	1/12	109	1/3
1	7	ChordType.MAJOR	0			1	7	KeyMode.MAJOR	1/12	109	5/12
1	7	ChordType.MAJOR	0			1	7	KeyMode.MAJOR	1/12	109	1/2
1	7	ChordType.MAJOR	0			1	7	KeyMode.MAJOR	1/12	109	7/12
1	7	ChordType.MAJOR	0			1	7	KeyMode.MAJOR	1/12	109	2/3
1	7	ChordType.MAJOR	0			1	7	KeyMode.MAJOR	1/12	109	3/4
1	7	ChordType.MAJOR	0			1	7	KeyMode.MAJOR	1/12	109	5/6
1	7	ChordType.MAJOR	0			1	7	KeyMode.MAJOR	1/12	109	11/12
0	0	ChordType.MAJOR	0			1	7	KeyMode.MAJOR	1/12	110	0
0	0	ChordType.MAJOR	0			1	7	KeyMode.MAJOR	1/12	110	1/12
0	0	ChordType.MAJOR	0			1	7	KeyMode.MAJOR	1/12	110	1/6
0	0	ChordType.MAJOR	0			1	7	KeyMode.MAJOR	1/12	110	1/4
0	0	ChordType.MAJOR	0			1	7	KeyMode.MAJOR	1/12	110	1/3
0	0	ChordType.MAJOR	0			1	7	KeyMode.MAJOR	1/12	110	5/12
0	0	ChordType.MAJOR	0			1	7	KeyMode.MAJOR	1/12	110	1/2
0	0	ChordType.MAJOR	0			1	7	KeyMode.MAJOR	1/12	110	7/12
0	0	ChordType.MAJOR	0			1	7	KeyMode.MAJOR	1/12	110	2/3
0	0	ChordType.MAJOR	0			1	7	KeyMode.MAJOR	1/12	110	3/4
0	0	ChordType.MAJOR	0			1	7	KeyMode.MAJOR	1/12	110	5/6
0	0	ChordType.MAJOR	0			1	7	KeyMode.MAJOR	1/12	110	11/12
1	7	ChordType.MAJOR	0			1	7	KeyMode.MAJOR	1/4	111	0
3	9	ChordType.MINOR	1			1	7	KeyMode.MAJOR	1/4	111	1/4
1	7	ChordType.MAJOR	2			1	7	KeyMode.MAJOR	1/4	111	1/2
2	2	ChordType.MAJOR	0			1	7	KeyMode.MAJOR	1/4	111	3/4
1	7	ChordType.MAJOR	0			1	7	KeyMode.MAJOR	1/12	112	0
1	7	ChordType.MAJOR	0			1	7	KeyMode.MAJOR	1/12	112	1/12
1	7	ChordType.MAJOR	0			1	7	KeyMode.MAJOR	1/12	112	1/6
1	7	ChordType.MAJOR	0			1	7	KeyMode.MAJOR	1/12	112	1/4
1	7	ChordType.MAJOR	0			1	7	KeyMode.MAJOR	1/12	112	1/3
1	7	ChordType.MAJOR	0			1	7	KeyMode.MAJOR	1/12	112	5/12
1	7	ChordType.MAJOR	0			1	7	KeyMode.MAJOR	1/12	112	1/2
1	7	ChordType.MAJOR	0			1	7	KeyMode.MAJOR	1/12	112	7/12
1	7	ChordType.MAJOR	0			1	7	KeyMode.MAJOR	1/12	112	2/3
1	7	ChordType.MAJOR	0			1	7	KeyMode.MAJOR	1/12	112	3/4
1	7	ChordType.MAJOR	0			1	7	KeyMode.MAJOR	1/12	112	5/6
1	7	ChordType.MAJOR	0			1	7	KeyMode.MAJOR	1/12	112	11/12
0	0	ChordType.MAJOR	0			1	7	KeyMode.MAJOR	1/12	113	0
0	0	ChordType.MAJOR	0			1	7	KeyMode.MAJOR	1/12	113	1/12
0	0	ChordType.MAJOR	0			1	7	KeyMode.MAJOR	1/12	113	1/6
0	0	ChordType.MAJOR	0			1	7	KeyMode.MAJOR	1/12	113	1/4
0	0	ChordType.MAJOR	0			1	7	KeyMode.MAJOR	1/12	113	1/3
0	0	ChordType.MAJOR	0			1	7	KeyMode.MAJOR	1/12	113	5/12
0	0	ChordType.MAJOR	0			1	7	KeyMode.MAJOR	1/12	113	1/2
0	0	ChordType.MAJOR	0			1	7	KeyMode.MAJOR	1/12	113	7/12
0	0	ChordType.MAJOR	0			1	7	KeyMode.MAJOR	1/12	113	2/3
0	0	ChordType.MAJOR	0			1	7	KeyMode.MAJOR	1/12	113	3/4
0	0	ChordType.MAJOR	0			1	7	KeyMode.MAJOR	1/12	113	5/6
0	0	ChordType.MAJOR	0			1	7	KeyMode.MAJOR	1/12	113	11/12
1	7	ChordType.MAJOR	0			1	7	KeyMode.MAJOR	1/4	114	0
3	9	ChordType.MINOR	1			1	7	KeyMode.MAJOR	1/4	114	1/4
1	7	ChordType.MAJOR	2			1	7	KeyMode.MAJOR	1/4	114	1/2
2	2	ChordType.MAJOR	0			1	7	KeyMode.MAJOR	1/4	114	3/4
1	7	ChordType.MAJOR	0			1	7	KeyMode.MAJOR	1/12	115	0
1	7	ChordType.MAJOR	0			1	7	KeyMode.MAJOR	1/12	115	1/12
1	7	ChordType.MAJOR	0			1	7	KeyMode.MAJOR	1/12	115	1/6
1	7	ChordType.MAJOR	0			1	7	KeyMode.MAJOR	1/12	115	1/4
1	7	ChordType.MAJOR	0			1	7	KeyMode.MAJOR	1/12	115	1/3
1	7	ChordType.MAJOR	0			1	7	KeyMode.MAJOR	1/12	115	5/12
2	2	ChordType.MAJ_MIN7	3			1	7	KeyMode.MAJOR	1/12	115	1/2
2	2	ChordType.MAJ_MIN7	3			1	7	KeyMode.MAJOR	1/12	115	7/12
2	2	ChordType.MAJ_MIN7	3			1	7	KeyMode.MAJOR	1/12	115	2/3
2	2	ChordType.MAJ_MIN7	3			1	7	KeyMode.MAJOR	1/12	115	3/4
2	2	ChordType.MAJ_MIN7	3			1	7	KeyMode.MAJOR	1/12	115	5/6
2	2	ChordType.MAJ_MIN7	3			1	7	KeyMode.MAJOR	1/12	115	11/12
1	7	ChordType.MAJOR	0			1	7	KeyMode.MAJOR	1/12	116	0
1	7	ChordType.MAJOR	0			1	7	KeyMode.MAJOR	1/12	116	1/12
1	7	ChordType.MAJOR	0			1	7	KeyMode.MAJOR	1/12	116	1/6
1	7	ChordType.MAJOR	0			1	7	KeyMode.MAJOR	1/12	116	1/4
1	7	ChordType.MAJOR	0			1	7	KeyMode.MAJOR	1/12	116	1/3
1	7	ChordType.MAJOR	0			1	7	KeyMode.MAJOR	1/12	116	5/12
2	2	ChordType.MAJ_MIN7	3			1	7	KeyMode.MAJOR	1/12	116	1/2
2	2	ChordType.MAJ_MIN7	3			1	7	KeyMode.MAJOR	1/12	116	7/12
2	2	ChordType.MAJ_MIN7	3			1	7	KeyMode.MAJOR	1/12	116	2/3
2	2	ChordType.MAJ_MIN7	3			1	7	KeyMode.MAJOR	1/12	116	3/4
2	2	ChordType.MAJ_MIN7	3			1	7	KeyMode.MAJOR	1/12	116	5/6
2	2	ChordType.MAJ_MIN7	3			1	7	KeyMode.MAJOR	1/12	116	11/12
1	7	ChordType.MAJOR	0			1	7	KeyMode.MAJOR	1/12	117	0
1	7	ChordType.MAJOR	0			1	7	KeyMode.MAJOR	1/12	117	1/12
1	7	ChordType.MAJOR	0			1	7	KeyMode.MAJOR	1/12	117	1/6
1	7	ChordType.MAJOR	0			1	7	KeyMode.MAJOR	1/12	117	1/4
1	7	ChordType.MAJOR	0			1	7	KeyMode.MAJOR	1/12	117	1/3
1	7	ChordType.MAJOR	0			1	7	KeyMode.MAJOR	1/12	117	5/12
2	2	ChordType.MAJ_MIN7	3			1	7	KeyMode.MAJOR	1/12	117	1/2
2	2	ChordType.MAJ_MIN7	3			1	7	KeyMode.MAJOR	1/12	117	7/12
2	2	ChordType.MAJ_MIN7	3			1	7	KeyMode.MAJOR	1/12	117	2/3
2	2	ChordType.MAJ_MIN7	3			1	7	KeyMode.MAJOR	1/12	117	3/4
2	2	ChordType.MAJ_MIN7	3			1	7	KeyMode.MAJOR	1/12	117	5/6
2	2	ChordType.MAJ_MIN7	3			1	7	KeyMode.MAJOR	1/12	117	11/12
1	7	ChordType.MAJOR	0			1	7	KeyMode.MAJOR	1/12	118	0
1	7	ChordType.MAJOR	0			1	7	KeyMode.MAJOR	1/12	118	1/12
1	7	ChordType.MAJOR	0			1	7	KeyMode.MAJOR	1/12	118	1/6
1	7	ChordType.MAJOR	0			1	7	KeyMode.MAJOR	1/12	118	1/4
1	7	ChordType.MAJOR	0			1	7	KeyMode.MAJOR	1/12	118	1/3
1	7	ChordType.MAJOR	0			1	7	KeyMode.MAJOR	1/12	118	5/12
2	2	ChordType.MAJ_MIN7	3			1	7	KeyMode.MAJOR	1/12	118	1/2
2	2	ChordType.MAJ_MIN7	3			1	7	KeyMode.MAJOR	1/12	118	7/12
2	2	ChordType.MAJ_MIN7	3			1	7	KeyMode.MAJOR	1/12	118	2/3
2	2	ChordType.MAJ_MIN7	3			1	7	KeyMode.MAJOR	1/12	118	3/4
2	2	ChordType.MAJ_MIN7	3			1	7	KeyMode.MAJOR	1/12	118	5/6
2	2	ChordType.MAJ_MIN7	3			1	7	KeyMode.MAJOR	1/12	118	11/12
1	7	ChordType.MAJOR	0			1	7	KeyMode.MAJOR	1/12	119	0
1	7	ChordType.MAJOR	0			1	7	KeyMode.MAJOR	1/12	119	1/12
1	7	ChordType.MAJOR	0			1	7	KeyMode.MAJOR	1/12	119	1/6
2	2	ChordType.MAJ_MIN7	3			1	7	KeyMode.MAJOR	1/12	119	1/4
2	2	ChordType.MAJ_MIN7	3			1	7	KeyMode.MAJOR	1/12	119	1/3
2	2	ChordType.MAJ_MIN7	3			1	7	KeyMode.MAJOR	1/12	119	5/12
1	7	ChordType.MAJOR	0			1	7	KeyMode.MAJOR	1/12	119	1/2
1	7	ChordType.MAJOR	0			1	7	KeyMode.MAJOR	1/12	119	7/12
1	7	ChordType.MAJOR	0			1	7	KeyMode.MAJOR	1/12	119	2/3
2	2	ChordType.MAJ_MIN7	3			1	7	KeyMode.MAJOR	1/12	119	3/4
2	2	ChordType.MAJ_MIN7	3			1	7	KeyMode.MAJOR	1/12	119	5/6
2	2	ChordType.MAJ_MIN7	3			1	7	KeyMode.MAJOR	1/12	119	11/12
1	7	ChordType.MAJOR	0			1	7	KeyMode.MAJOR	1/2	120	0
2	2	ChordType.MAJ_MIN7	0			1	7	KeyMode.MAJOR	1/2	120	1/2
1	7	ChordType.MAJOR	0			1	7	KeyMode.MAJOR	1	121	0
