time,annotation1_chord,annotation2_chord,sps,vl,tbt,binary
0.0,C_MINOR_inv0,C_MINOR_inv0,0.0,0.0,0.0,0
0.4375,C_MINOR_inv0,C_MINOR_inv0,0.0,0.0,0.0,0
0.5,C_MINOR_inv0,C_MINOR_inv0,0.0,0.0,0.0,0
0.6875,C_MINOR_inv0,C_MINOR_inv0,0.0,0.0,0.0,0
0.75,C_MINOR_inv1,C_MINOR_inv0,0.1653287987079769,9.0,0.2857142857142857,1
0.9375,C_MINOR_inv1,C_MINOR_inv0,0.1653287987079769,9.0,0.2857142857142857,1
1.0,C_MINOR_inv2,C_MINOR_inv0,0.03726734388909181,15.0,0.2857142857142857,1
1.1875,C_MINOR_inv2,C_MINOR_inv0,0.03726734388909181,15.0,0.2857142857142857,1
1.25,C_MINOR_inv1,C_MINOR_inv0,0.1653287987079769,9.0,0.2857142857142857,1
1.5,C_MINOR_inv1,C_MINOR_inv0,0.1653287987079769,9.0,0.2857142857142857,1
2.0,C_MINOR_inv0,C_MINOR_inv0,0.0,0.0,0.0,0
2.25,C_MINOR_inv0,C_MINOR_inv0,0.0,0.0,0.0,0
2.75,G_MAJ_MIN7_inv2,G_MAJ_MIN7_inv2,0.0,0.0,0.0,0
3.0,B_DIM7_inv1,B_DIM7_inv1,0.0,0.0,0.0,0
3.4375,B_DIM7_inv1,B_DIM7_inv1,0.0,0.0,0.0,0
3.5,B_DIMINISHED_inv1,B_DIM7_inv1,0.02775996634041822,3.0,0.125,1
3.6875,B_DIMINISHED_inv1,B_DIM7_inv1,0.02775996634041822,3.0,0.125,1
3.75,B_DIMINISHED_inv2,B_DIM7_inv1,0.17437921226782072,12.0,0.375,1
3.9375,B_DIMINISHED_inv2,B_DIM7_inv1,0.17437921226782072,12.0,0.375,1
4.0,B_DIMINISHED_inv0,B_DIM7_inv1,0.22283337567568817,12.0,0.375,1
4.1875,B_DIMINISHED_inv0,B_DIM7_inv1,0.22283337567568817,12.0,0.375,1
4.25,B_DIMINISHED_inv2,B_DIM7_inv1,0.17437921226782072,12.0,0.375,1
4.5,B_DIMINISHED_inv2,B_DIM7_inv1,0.17437921226782072,12.0,0.375,1
5.0,B_DIM7_inv1,B_DIM7_inv1,0.0,0.0,0.0,0
5.25,B_DIM7_inv1,B_DIM7_inv1,0.0,0.0,0.0,0
5.75,C_MINOR_inv1,C_MINOR_inv1,0.0,0.0,0.0,0
6.0,C_MINOR_inv0,C_MINOR_inv1,0.1653287987079769,9.0,0.2857142857142857,1
6.375,C_MINOR_inv0,C_MINOR_inv1,0.1653287987079769,9.0,0.2857142857142857,1
6.5,C_MINOR_inv1,C_MINOR_inv1,0.0,0.0,0.0,0
6.75,B_DIM7_inv2,B_DIM7_inv2,0.0,0.0,0.0,0
7.25,C_MINOR_inv1,C_MINOR_inv1,0.0,0.0,0.0,0
7.5,C_MINOR_inv2,C_MINOR_inv1,0.1460348281658721,12.0,0.2857142857142857,1
7.875,C_MINOR_inv2,C_MINOR_inv1,0.1460348281658721,12.0,0.2857142857142857,1
8.0,C_MINOR_inv1,C_MINOR_inv1,0.0,0.0,0.0,0
8.25,B_DIM7_inv2,B_DIM7_inv2,0.0,0.0,0.0,0
8.75,C_MINOR_inv1,C_MINOR_inv1,0.0,0.0,0.0,0
9.0,C_MINOR_inv2,C_MINOR_inv1,0.1460348281658721,12.0,0.2857142857142857,1
9.375,C_MINOR_inv2,C_MINOR_inv1,0.1460348281658721,12.0,0.2857142857142857,1
9.5,C_MINOR_inv1,C_MINOR_inv1,0.0,0.0,0.0,0
9.75,B_DIM7_inv2,B_DIM7_inv2,0.0,0.0,0.0,0
10.0,B_DIM7_inv2,B_DIM7_inv2,0.0,0.0,0.0,0
10.25,C_MINOR_inv1,C_MINOR_inv1,0.0,0.0,0.0,0
10.5,B_DIMINISHED_inv1,B_DIMINISHED_inv1,0.0,0.0,0.0,0
10.75,B_DIMINISHED_inv1,B_DIMINISHED_inv1,0.0,0.0,0.0,0
11.0,Ab_MAJOR_inv1,Ab_MAJOR_inv1,0.0,0.0,0.0,0
11.25,B_DIM7_inv0,G_MAJOR_inv1,0.09421673672425535,3.0,0.5,1
11.5,G_MAJOR_inv1,G_MAJOR_inv1,0.0,0.0,0.0,0
12.25,B_DIM7_inv0,B_DIM7_inv0,0.0,0.0,0.0,0
12.333333333333334,B_DIM7_inv0,B_DIM7_inv0,0.0,0.0,0.0,0
12.416666666666666,B_DIM7_inv0,B_DIM7_inv0,0.0,0.0,0.0,0
12.5,B_DIM7_inv0,B_DIM7_inv0,0.0,0.0,0.0,0
12.583333333333334,B_DIM7_inv0,B_DIM7_inv0,0.0,0.0,0.0,0
12.666666666666666,B_DIM7_inv0,B_DIM7_inv0,0.0,0.0,0.0,0
12.75,C_MINOR_inv0,C_MINOR_inv0,0.0,0.0,0.0,0
13.75,D_DIMINISHED_inv1,D_DIMINISHED_inv1,0.0,0.0,0.0,0
13.833333333333334,D_DIMINISHED_inv1,D_DIMINISHED_inv1,0.0,0.0,0.0,0
13.916666666666666,D_DIMINISHED_inv1,D_DIMINISHED_inv1,0.0,0.0,0.0,0
14.0,D_DIMINISHED_inv1,D_DIMINISHED_inv1,0.0,0.0,0.0,0
14.083333333333334,D_DIMINISHED_inv1,D_DIMINISHED_inv1,0.0,0.0,0.0,0
14.166666666666666,D_DIMINISHED_inv1,D_DIMINISHED_inv1,0.0,0.0,0.0,0
14.25,G_MAJOR_inv0,C_MINOR_inv2,0.5012027609886334,2.0,0.5714285714285714,1
15.25,G_MAJOR_inv0,G_MAJ_MIN7_inv0,0.034780245091321715,2.0,0.125,1
15.333333333333334,G_MAJOR_inv0,G_MAJ_MIN7_inv0,0.034780245091321715,2.0,0.125,1
15.416666666666666,G_MAJOR_inv0,G_MAJ_MIN7_inv0,0.034780245091321715,2.0,0.125,1
15.5,G_MAJ_MIN7_inv0,G_MAJ_MIN7_inv0,0.0,0.0,0.0,0
15.583333333333334,G_MAJ_MIN7_inv0,G_MAJ_MIN7_inv0,0.0,0.0,0.0,0
15.666666666666666,G_MAJ_MIN7_inv0,G_MAJ_MIN7_inv0,0.0,0.0,0.0,0
15.75,C_MINOR_inv0,C_MINOR_inv0,0.0,0.0,0.0,0
16.1875,C_MINOR_inv0,C_MINOR_inv0,0.0,0.0,0.0,0
16.25,C_MINOR_inv1,C_MINOR_inv0,0.1653287987079769,9.0,0.2857142857142857,1
16.4375,C_MINOR_inv1,C_MINOR_inv0,0.1653287987079769,9.0,0.2857142857142857,1
16.5,C_MINOR_inv2,C_MINOR_inv0,0.03726734388909181,15.0,0.2857142857142857,1
16.6875,C_MINOR_inv2,C_MINOR_inv0,0.03726734388909181,15.0,0.2857142857142857,1
16.75,C_MINOR_inv0,C_MINOR_inv0,0.0,0.0,0.0,0
16.9375,C_MINOR_inv0,C_MINOR_inv0,0.0,0.0,0.0,0
17.0,C_MINOR_inv0,C_MINOR_inv0,0.0,0.0,0.0,0
17.25,G_MAJOR_inv1,G_MAJOR_inv1,0.0,0.0,0.0,0
17.6875,G_MAJOR_inv1,G_MAJOR_inv1,0.0,0.0,0.0,0
17.75,G_MAJOR_inv2,G_MAJOR_inv1,0.1701039804186567,9.0,0.2857142857142857,1
17.9375,G_MAJOR_inv2,G_MAJOR_inv1,0.1701039804186567,9.0,0.2857142857142857,1
18.0,G_MAJOR_inv0,G_MAJOR_inv1,0.03633274545200682,12.0,0.2857142857142857,1
18.1875,G_MAJOR_inv0,G_MAJOR_inv1,0.03633274545200682,12.0,0.2857142857142857,1
18.25,G_MAJOR_inv1,G_MAJOR_inv1,0.0,0.0,0.0,0
18.4375,G_MAJOR_inv1,G_MAJOR_inv1,0.0,0.0,0.0,0
18.5,G_MAJOR_inv1,G_MAJOR_inv1,0.0,0.0,0.0,0
18.75,C_MINOR_inv0,C_MINOR_inv0,0.0,0.0,0.0,0
19.1875,C_MINOR_inv1,C_MINOR_inv0,0.1653287987079769,9.0,0.2857142857142857,1
19.25,C_MINOR_inv1,C_MINOR_inv0,0.1653287987079769,9.0,0.2857142857142857,1
19.4375,C_MINOR_inv1,C_MINOR_inv0,0.1653287987079769,9.0,0.2857142857142857,1
19.5,C_MINOR_inv2,C_MINOR_inv0,0.03726734388909181,15.0,0.2857142857142857,1
19.6875,C_MINOR_inv2,C_MINOR_inv0,0.03726734388909181,15.0,0.2857142857142857,1
19.75,C_MINOR_inv0,C_MINOR_inv0,0.0,0.0,0.0,0
19.9375,C_MINOR_inv0,C_MINOR_inv0,0.0,0.0,0.0,0
20.0,C_MINOR_inv1,C_MINOR_inv1,0.0,0.0,0.0,0
20.1875,C_MINOR_inv1,C_MINOR_inv1,0.0,0.0,0.0,0
20.25,D_DIMINISHED_inv1,D_DIMINISHED_inv1,0.0,0.0,0.0,0
20.5,D_DIMINISHED_inv1,D_DIMINISHED_inv1,0.0,0.0,0.0,0
21.0,G_MAJOR_inv0,G_MAJOR_inv0,0.0,0.0,0.0,0
21.25,G_MAJOR_inv0,G_MAJOR_inv0,0.0,0.0,0.0,0
21.75,C_MINOR_inv0,C_MINOR_inv0,0.0,0.0,0.0,0
22.0,C_MINOR_inv0,C_MINOR_inv0,0.0,0.0,0.0,0
23.25,Eb_MAJOR_inv0,Ab_MAJOR_inv2,0.14988966035958062,3.0,0.5714285714285714,1
24.0,Eb_MAJ_MIN7_inv3,Eb_MAJ_MIN7_inv3,0.0,0.0,0.0,0
24.25,Eb_MAJ_MIN7_inv3,Eb_MAJ_MIN7_inv3,0.0,0.0,0.0,0
24.5,Eb_MAJ_MIN7_inv3,Eb_MAJ_MIN7_inv3,0.0,0.0,0.0,0
24.75,Ab_MAJOR_inv1,Ab_MAJOR_inv1,0.0,0.0,0.0,0
25.25,Ab_MAJOR_inv1,Ab_MAJOR_inv1,0.0,0.0,0.0,0
25.5,Eb_MAJ_MIN7_inv2,G_HALF_DIM7_inv1,0.1241753458371524,2.0,0.375,1
25.75,G_HALF_DIM7_inv1,G_HALF_DIM7_inv1,0.0,0.0,0.0,0
26.0,G_DIMINISHED_inv1,G_HALF_DIM7_inv1,0.04378759516370079,2.0,0.125,1
26.25,Ab_MAJOR_inv0,Ab_MAJOR_inv0,0.0,0.0,0.0,0
26.5,Ab_MAJOR_inv0,Ab_MAJOR_inv0,0.0,0.0,0.0,0
26.75,Ab_MAJOR_inv0,Ab_MAJOR_inv0,0.0,0.0,0.0,0
27.0,C_MAJ_MIN7_inv3,C_MAJ_MIN7_inv3,0.0,0.0,0.0,0
27.25,C_MAJ_MIN7_inv3,C_MAJ_MIN7_inv3,0.0,0.0,0.0,0
27.5,C_MAJ_MIN7_inv3,C_MAJ_MIN7_inv3,0.0,0.0,0.0,0
27.75,F_MINOR_inv1,F_MINOR_inv1,0.0,0.0,0.0,0
28.25,F_MINOR_inv1,F_MINOR_inv1,0.0,0.0,0.0,0
28.5,C_MAJ_MIN7_inv2,E_DIM7_inv1,0.06868104696767363,1.0,0.375,1
28.75,E_DIM7_inv1,E_DIM7_inv1,0.0,0.0,0.0,0
29.0,E_DIMINISHED_inv1,E_DIM7_inv1,0.03338607075058775,3.0,0.125,1
29.25,F_MINOR_inv0,F_MINOR_inv0,0.0,0.0,0.0,0
29.5,F_MINOR_inv0,F_MINOR_inv0,0.0,0.0,0.0,0
29.75,F_MINOR_inv0,F_MINOR_inv0,0.0,0.0,0.0,0
30.0,Ab_MAJ_MIN7_inv3,Ab_MAJ_MIN7_inv3,0.0,0.0,0.0,0
30.25,Ab_MAJ_MIN7_inv3,Ab_MAJ_MIN7_inv3,0.0,0.0,0.0,0
30.5,Ab_MAJ_MIN7_inv3,Ab_MAJ_MIN7_inv3,0.0,0.0,0.0,0
30.75,Db_MAJOR_inv1,Db_MAJOR_inv1,0.0,0.0,0.0,0
31.25,Db_MAJOR_inv1,Db_MAJOR_inv1,0.0,0.0,0.0,0
31.5,Ab_MAJ_MIN7_inv2,C_HALF_DIM7_inv1,0.21431573575425267,2.0,0.375,1
31.75,C_HALF_DIM7_inv1,C_HALF_DIM7_inv1,0.0,0.0,0.0,0
32.0,Db_DIMINISHED_inv1,C_HALF_DIM7_inv1,0.5674126090724537,8.0,1.0,1
32.25,Db_MAJOR_inv0,Db_MAJOR_inv0,0.0,0.0,0.0,0
32.5,Db_MAJOR_inv0,Db_MAJOR_inv0,0.0,0.0,0.0,0
32.75,Db_MAJOR_inv0,Db_MAJOR_inv0,0.0,0.0,0.0,0
33.0,F_MAJOR_inv0,A_MAJOR_inv0,0.6505157349265672,14.0,0.8571428571428572,1
33.25,A_MAJOR_inv1,A_MAJOR_inv0,0.02713883213239554,12.0,0.2857142857142857,1
33.5,A_MAJOR_inv1,A_MAJOR_inv0,0.02713883213239554,12.0,0.2857142857142857,1
33.75,Bb_MAJOR_inv0,Bb_MAJOR_inv0,0.0,0.0,0.0,0
34.0,Bb_MAJOR_inv0,Bb_MAJOR_inv0,0.0,0.0,0.0,0
34.25,Bb_MAJOR_inv0,Bb_MAJOR_inv0,0.0,0.0,0.0,0
34.5,A_DIM7_inv0,A_DIM7_inv0,0.0,0.0,0.0,0
34.75,A_DIM7_inv0,A_DIM7_inv0,0.0,0.0,0.0,0
35.0,A_DIM7_inv0,A_DIM7_inv0,0.0,0.0,0.0,0
35.25,Bb_MAJOR_inv0,Bb_MAJOR_inv0,0.0,0.0,0.0,0
35.5,Bb_MAJOR_inv0,Bb_MAJOR_inv0,0.0,0.0,0.0,0
35.75,G_MINOR_inv1,Bb_MAJOR_inv0,0.06887292794249655,2.0,0.4285714285714286,1
36.0,Bb_MAJ_MIN7_inv0,Bb_MAJ_MIN7_inv0,0.0,0.0,0.0,0
36.25,C_MAJOR_inv1,Bb_MAJ_MIN7_inv0,0.9197134900642329,24.0,1.0,1
36.5,F_MINOR_inv0,Bb_MAJ_MIN7_inv0,0.4605403277474821,19.0,0.75,1
36.75,G_MINOR_inv1,Eb_MAJOR_inv2,0.14223897616095205,1.0,0.4285714285714286,1
37.0,G_MINOR_inv1,Eb_MAJOR_inv2,0.14223897616095205,1.0,0.4285714285714286,1
37.25,Eb_MAJOR_inv0,Eb_MAJOR_inv2,0.15209171030355229,15.0,0.2857142857142857,1
37.5,Bb_MAJOR_inv0,Bb_MAJ_MIN7_inv0,0.009006348233015604,2.0,0.125,1
37.75,Ab_MAJOR_inv1,Bb_MAJ_MIN7_inv0,0.7566216603829741,9.0,0.875,1
38.0,Bb_MAJ_MIN7_inv0,Bb_MAJ_MIN7_inv0,0.0,0.0,0.0,0
38.25,Eb_MAJOR_inv0,Eb_MAJOR_inv2,0.15209171030355229,15.0,0.2857142857142857,1
38.5,Eb_MAJOR_inv0,Eb_MAJOR_inv2,0.15209171030355229,15.0,0.2857142857142857,1
38.75,Eb_MAJOR_inv1,Eb_MAJOR_inv2,0.039596775877561274,9.0,0.2857142857142857,1
39.0,Bb_MAJ_MIN7_inv0,F_MINOR_inv0,0.4605403277474821,19.0,0.75,1
39.125,Bb_MAJ_MIN7_inv0,F_MINOR_inv0,0.4605403277474821,19.0,0.75,1
39.25,C_MAJOR_inv1,F_MINOR_inv0,0.399849850420427,4.0,0.8571428571428572,1
39.375,C_MAJOR_inv1,F_MINOR_inv0,0.399849850420427,4.0,0.8571428571428572,1
39.5,F_MINOR_inv0,F_MINOR_inv0,0.0,0.0,0.0,0
39.625,F_MINOR_inv0,F_MINOR_inv0,0.0,0.0,0.0,0
39.75,G_MINOR_inv1,Eb_MAJOR_inv2,0.14223897616095205,1.0,0.4285714285714286,1
39.875,G_MINOR_inv1,Eb_MAJOR_inv2,0.14223897616095205,1.0,0.4285714285714286,1
40.0,G_MINOR_inv1,Eb_MAJOR_inv2,0.14223897616095205,1.0,0.4285714285714286,1
40.125,G_MINOR_inv1,Eb_MAJOR_inv2,0.14223897616095205,1.0,0.4285714285714286,1
40.25,Eb_MAJOR_inv0,Eb_MAJOR_inv2,0.15209171030355229,15.0,0.2857142857142857,1
40.375,Eb_MAJOR_inv0,Eb_MAJOR_inv2,0.15209171030355229,15.0,0.2857142857142857,1
40.5,Bb_MAJ_MIN7_inv0,Bb_MAJ_MIN7_inv0,0.0,0.0,0.0,0
40.625,Bb_MAJ_MIN7_inv0,Bb_MAJ_MIN7_inv0,0.0,0.0,0.0,0
40.75,Ab_MAJOR_inv1,Bb_MAJ_MIN7_inv0,0.7566216603829741,9.0,0.875,1
40.875,Ab_MAJOR_inv1,Bb_MAJ_MIN7_inv0,0.7566216603829741,9.0,0.875,1
41.0,Bb_MAJ_MIN7_inv0,Bb_MAJ_MIN7_inv0,0.0,0.0,0.0,0
41.125,Bb_MAJ_MIN7_inv0,Bb_MAJ_MIN7_inv0,0.0,0.0,0.0,0
41.25,Eb_MAJOR_inv0,Eb_MAJOR_inv0,0.0,0.0,0.0,0
41.375,Eb_MAJOR_inv0,Eb_MAJOR_inv0,0.0,0.0,0.0,0
41.5,Eb_MAJOR_inv1,Eb_MAJOR_inv0,0.13307145192728131,12.0,0.2857142857142857,1
41.625,Eb_MAJOR_inv1,Eb_MAJOR_inv0,0.13307145192728131,12.0,0.2857142857142857,1
41.75,Eb_MAJOR_inv0,Eb_MAJOR_inv0,0.0,0.0,0.0,0
41.875,Eb_MAJOR_inv0,Eb_MAJOR_inv0,0.0,0.0,0.0,0
42.0,Eb_MAJOR_inv0,Eb_MAJOR_inv0,0.0,0.0,0.0,0
42.125,Eb_MAJOR_inv0,Eb_MAJOR_inv0,0.0,0.0,0.0,0
42.25,Eb_MAJOR_inv0,Eb_MAJOR_inv0,0.0,0.0,0.0,0
42.375,Eb_MAJOR_inv0,Eb_MAJOR_inv0,0.0,0.0,0.0,0
42.5,Eb_MAJOR_inv1,Eb_MAJOR_inv0,0.13307145192728131,12.0,0.2857142857142857,1
42.625,Eb_MAJOR_inv1,Eb_MAJOR_inv0,0.13307145192728131,12.0,0.2857142857142857,1
42.75,Bb_MAJOR_inv2,Bb_MAJ_MIN7_inv2,0.04309433880739322,2.0,0.125,1
42.875,Bb_MAJOR_inv2,Bb_MAJ_MIN7_inv2,0.04309433880739322,2.0,0.125,1
43.0,Eb_MAJOR_inv1,Bb_MAJ_MIN7_inv2,0.486342104392646,10.0,0.875,1
43.125,Eb_MAJOR_inv1,Bb_MAJ_MIN7_inv2,0.486342104392646,10.0,0.875,1
43.25,Bb_MAJ_MIN7_inv3,Bb_MAJ_MIN7_inv2,0.05281108136411339,9.0,0.25,1
43.375,Bb_MAJ_MIN7_inv3,Bb_MAJ_MIN7_inv2,0.05281108136411339,9.0,0.25,1
43.5,Bb_MAJOR_inv2,Bb_MAJ_MIN7_inv2,0.04309433880739322,2.0,0.125,1
43.625,Bb_MAJOR_inv2,Bb_MAJ_MIN7_inv2,0.04309433880739322,2.0,0.125,1
43.75,Eb_MAJOR_inv1,Bb_MAJ_MIN7_inv2,0.486342104392646,10.0,0.875,1
43.875,Eb_MAJOR_inv1,Bb_MAJ_MIN7_inv2,0.486342104392646,10.0,0.875,1
44.0,Bb_MAJ_MIN7_inv3,Bb_MAJ_MIN7_inv2,0.05281108136411339,9.0,0.25,1
44.125,Bb_MAJ_MIN7_inv3,Bb_MAJ_MIN7_inv2,0.05281108136411339,9.0,0.25,1
44.25,Bb_MAJOR_inv1,Bb_MAJ_MIN7_inv1,0.027558316425814633,2.0,0.125,1
44.375,Bb_MAJOR_inv1,Bb_MAJ_MIN7_inv1,0.027558316425814633,2.0,0.125,1
44.5,Bb_MAJOR_inv2,Bb_MAJ_MIN7_inv1,0.18383524145769303,11.0,0.375,1
44.625,Bb_MAJOR_inv2,Bb_MAJ_MIN7_inv1,0.18383524145769303,11.0,0.375,1
44.75,Eb_MAJOR_inv0,Bb_MAJ_MIN7_inv1,0.31481247746001706,6.0,0.875,1
44.875,Eb_MAJOR_inv0,Bb_MAJ_MIN7_inv1,0.31481247746001706,6.0,0.875,1
45.0,Bb_MAJOR_inv1,Bb_MAJ_MIN7_inv1,0.027558316425814633,2.0,0.125,1
45.125,Bb_MAJOR_inv1,Bb_MAJ_MIN7_inv1,0.027558316425814633,2.0,0.125,1
45.166666666666664,Bb_MAJOR_inv1,Bb_MAJ_MIN7_inv1,0.027558316425814633,2.0,0.125,1
45.208333333333336,Bb_MAJOR_inv1,Bb_MAJ_MIN7_inv1,0.027558316425814633,2.0,0.125,1
45.25,Eb_MAJOR_inv0,Bb_MAJ_MIN7_inv1,0.31481247746001706,6.0,0.875,1
45.375,Eb_MAJOR_inv0,Bb_MAJ_MIN7_inv1,0.31481247746001706,6.0,0.875,1
45.5,Bb_MAJ_MIN7_inv2,Bb_MAJ_MIN7_inv1,0.12013044557512909,9.0,0.25,1
45.625,Bb_MAJ_MIN7_inv2,Bb_MAJ_MIN7_inv1,0.12013044557512909,9.0,0.25,1
45.75,Eb_MAJOR_inv0,Eb_MAJOR_inv0,0.0,0.0,0.0,0
45.875,Eb_MAJOR_inv0,Eb_MAJOR_inv0,0.0,0.0,0.0,0
46.0,Bb_MAJ_MIN7_inv2,Eb_MAJOR_inv0,0.4073238440403947,10.0,0.875,1
46.125,Bb_MAJ_MIN7_inv2,Eb_MAJOR_inv0,0.4073238440403947,10.0,0.875,1
46.25,Eb_MAJOR_inv1,Eb_MAJOR_inv0,0.13307145192728131,12.0,0.2857142857142857,1
46.375,Eb_MAJOR_inv1,Eb_MAJOR_inv0,0.13307145192728131,12.0,0.2857142857142857,1
46.5,Eb_MAJOR_inv0,Eb_MAJOR_inv0,0.0,0.0,0.0,0
46.625,Eb_MAJOR_inv0,Eb_MAJOR_inv0,0.0,0.0,0.0,0
46.75,Bb_MAJOR_inv2,Eb_MAJOR_inv0,0.3905349196968242,9.0,0.8571428571428572,1
46.875,Bb_MAJOR_inv2,Eb_MAJOR_inv0,0.3905349196968242,9.0,0.8571428571428572,1
47.0,Eb_MAJOR_inv1,Eb_MAJOR_inv0,0.13307145192728131,12.0,0.2857142857142857,1
47.125,Eb_MAJOR_inv1,Eb_MAJOR_inv0,0.13307145192728131,12.0,0.2857142857142857,1
47.25,Eb_MAJOR_inv0,Eb_MAJOR_inv0,0.0,0.0,0.0,0
47.375,Eb_MAJOR_inv0,Eb_MAJOR_inv0,0.0,0.0,0.0,0
47.5,Eb_MAJOR_inv1,Eb_MAJOR_inv0,0.13307145192728131,12.0,0.2857142857142857,1
47.625,Eb_MAJOR_inv1,Eb_MAJOR_inv0,0.13307145192728131,12.0,0.2857142857142857,1
47.75,Eb_MAJOR_inv0,Eb_MAJOR_inv0,0.0,0.0,0.0,0
47.875,Eb_MAJOR_inv0,Eb_MAJOR_inv0,0.0,0.0,0.0,0
48.0,Eb_MAJOR_inv0,Eb_MAJOR_inv0,0.0,0.0,0.0,0
48.125,Eb_MAJOR_inv0,Eb_MAJOR_inv0,0.0,0.0,0.0,0
48.25,Eb_MAJOR_inv1,Eb_MAJOR_inv0,0.13307145192728131,12.0,0.2857142857142857,1
48.375,Eb_MAJOR_inv1,Eb_MAJOR_inv0,0.13307145192728131,12.0,0.2857142857142857,1
48.5,Eb_MAJOR_inv0,Eb_MAJOR_inv0,0.0,0.0,0.0,0
48.625,Eb_MAJOR_inv0,Eb_MAJOR_inv0,0.0,0.0,0.0,0
48.75,Bb_MAJOR_inv2,Bb_MAJ_MIN7_inv2,0.04309433880739322,2.0,0.125,1
48.875,Bb_MAJOR_inv2,Bb_MAJ_MIN7_inv2,0.04309433880739322,2.0,0.125,1
49.0,Bb_MAJ_MIN7_inv3,Bb_MAJ_MIN7_inv2,0.05281108136411339,9.0,0.25,1
49.125,Bb_MAJ_MIN7_inv3,Bb_MAJ_MIN7_inv2,0.05281108136411339,9.0,0.25,1
49.25,Bb_MAJOR_inv2,Bb_MAJ_MIN7_inv2,0.04309433880739322,2.0,0.125,1
49.375,Bb_MAJOR_inv2,Bb_MAJ_MIN7_inv2,0.04309433880739322,2.0,0.125,1
49.5,Bb_MAJOR_inv2,Bb_MAJ_MIN7_inv2,0.04309433880739322,2.0,0.125,1
49.625,Bb_MAJOR_inv2,Bb_MAJ_MIN7_inv2,0.04309433880739322,2.0,0.125,1
49.75,Bb_MAJ_MIN7_inv3,Bb_MAJ_MIN7_inv2,0.05281108136411339,9.0,0.25,1
49.875,Bb_MAJ_MIN7_inv3,Bb_MAJ_MIN7_inv2,0.05281108136411339,9.0,0.25,1
50.0,Bb_MAJOR_inv2,Bb_MAJ_MIN7_inv2,0.04309433880739322,2.0,0.125,1
50.125,Bb_MAJOR_inv2,Bb_MAJ_MIN7_inv2,0.04309433880739322,2.0,0.125,1
50.25,Bb_MAJOR_inv1,Bb_MAJOR_inv1,0.0,0.0,0.0,0
50.375,Bb_MAJOR_inv1,Bb_MAJOR_inv1,0.0,0.0,0.0,0
50.5,Bb_MAJOR_inv2,Bb_MAJOR_inv1,0.13273632869953977,9.0,0.2857142857142857,1
50.625,Bb_MAJOR_inv2,Bb_MAJOR_inv1,0.13273632869953977,9.0,0.2857142857142857,1
50.75,Bb_MAJOR_inv1,Bb_MAJOR_inv1,0.0,0.0,0.0,0
50.875,Bb_MAJOR_inv1,Bb_MAJOR_inv1,0.0,0.0,0.0,0
51.0,Bb_MAJ_MIN7_inv1,Bb_MAJOR_inv1,0.027558316425814633,2.0,0.125,1
51.125,Bb_MAJ_MIN7_inv1,Bb_MAJOR_inv1,0.027558316425814633,2.0,0.125,1
51.25,Bb_MAJOR_inv2,Bb_MAJOR_inv1,0.13273632869953977,9.0,0.2857142857142857,1
51.375,Bb_MAJOR_inv2,Bb_MAJOR_inv1,0.13273632869953977,9.0,0.2857142857142857,1
51.5,Bb_MAJOR_inv1,Bb_MAJOR_inv1,0.0,0.0,0.0,0
51.625,Bb_MAJOR_inv1,Bb_MAJOR_inv1,0.0,0.0,0.0,0
51.75,Eb_MAJOR_inv0,Eb_MAJOR_inv0,0.0,0.0,0.0,0
51.875,Eb_MAJOR_inv0,Eb_MAJOR_inv0,0.0,0.0,0.0,0
52.0,Eb_MAJOR_inv0,Eb_MAJOR_inv0,0.0,0.0,0.0,0
52.125,Eb_MAJOR_inv0,Eb_MAJOR_inv0,0.0,0.0,0.0,0
52.25,Eb_MAJOR_inv0,Eb_MAJOR_inv0,0.0,0.0,0.0,0
52.375,Eb_MAJOR_inv0,Eb_MAJOR_inv0,0.0,0.0,0.0,0
52.5,Eb_MAJOR_inv1,Eb_MAJOR_inv1,0.0,0.0,0.0,0
52.625,Eb_MAJOR_inv1,Eb_MAJOR_inv1,0.0,0.0,0.0,0
52.75,Ab_MAJOR_inv0,Eb_MAJOR_inv1,0.6241562959006262,5.0,0.8571428571428572,1
52.875,Ab_MAJOR_inv0,Eb_MAJOR_inv1,0.6241562959006262,5.0,0.8571428571428572,1
53.0,Eb_MAJOR_inv2,Eb_MAJOR_inv1,0.039596775877561274,9.0,0.2857142857142857,1
53.125,Eb_MAJOR_inv2,Eb_MAJOR_inv1,0.039596775877561274,9.0,0.2857142857142857,1
53.25,Ab_MAJOR_inv0,Ab_MAJOR_inv0,0.0,0.0,0.0,0
53.375,Ab_MAJOR_inv0,Ab_MAJOR_inv0,0.0,0.0,0.0,0
53.5,Ab_MAJOR_inv0,Ab_MAJOR_inv0,0.0,0.0,0.0,0
53.625,Ab_MAJOR_inv0,Ab_MAJOR_inv0,0.0,0.0,0.0,0
53.75,Ab_MAJOR_inv1,Ab_MAJOR_inv0,0.03107662202673367,12.0,0.2857142857142857,1
53.875,Ab_MAJOR_inv1,Ab_MAJOR_inv0,0.03107662202673367,12.0,0.2857142857142857,1
54.0,A_DIMINISHED_inv0,A_DIMINISHED_inv0,0.0,0.0,0.0,0
54.125,A_DIMINISHED_inv0,A_DIMINISHED_inv0,0.0,0.0,0.0,0
54.25,A_DIMINISHED_inv0,A_DIMINISHED_inv0,0.0,0.0,0.0,0
54.375,A_DIMINISHED_inv0,A_DIMINISHED_inv0,0.0,0.0,0.0,0
54.5,A_DIMINISHED_inv1,A_DIMINISHED_inv0,0.024658681070557242,9.0,0.2857142857142857,1
54.625,A_DIMINISHED_inv1,A_DIMINISHED_inv0,0.024658681070557242,9.0,0.2857142857142857,1
54.75,Bb_MAJOR_inv0,Eb_MAJOR_inv2,0.2785684672702273,3.0,0.5714285714285714,1
54.875,Bb_MAJOR_inv0,Eb_MAJOR_inv2,0.2785684672702273,3.0,0.5714285714285714,1
55.0,Eb_MAJOR_inv0,Eb_MAJOR_inv2,0.15209171030355229,15.0,0.2857142857142857,1
55.125,Eb_MAJOR_inv0,Eb_MAJOR_inv2,0.15209171030355229,15.0,0.2857142857142857,1
55.25,Bb_MAJOR_inv0,Eb_MAJOR_inv2,0.2785684672702273,3.0,0.5714285714285714,1
55.375,Bb_MAJOR_inv0,Eb_MAJOR_inv2,0.2785684672702273,3.0,0.5714285714285714,1
55.5,Bb_MAJ_MIN7_inv0,Bb_MAJ_MIN7_inv0,0.0,0.0,0.0,0
55.625,Bb_MAJ_MIN7_inv0,Bb_MAJ_MIN7_inv0,0.0,0.0,0.0,0
55.75,D_DIMINISHED_inv0,Bb_MAJ_MIN7_inv0,0.2103403586412933,14.0,0.625,1
55.875,D_DIMINISHED_inv0,Bb_MAJ_MIN7_inv0,0.2103403586412933,14.0,0.625,1
56.0,Bb_MAJ_MIN7_inv0,Bb_MAJ_MIN7_inv0,0.0,0.0,0.0,0
56.125,Bb_MAJ_MIN7_inv0,Bb_MAJ_MIN7_inv0,0.0,0.0,0.0,0
56.25,Eb_MAJOR_inv0,Eb_MAJOR_inv0,0.0,0.0,0.0,0
56.375,Eb_MAJOR_inv0,Eb_MAJOR_inv0,0.0,0.0,0.0,0
56.5,Eb_MAJOR_inv2,Eb_MAJOR_inv0,0.15209171030355229,15.0,0.2857142857142857,1
56.625,Eb_MAJOR_inv2,Eb_MAJOR_inv0,0.15209171030355229,15.0,0.2857142857142857,1
56.75,Eb_MAJOR_inv0,Eb_MAJOR_inv0,0.0,0.0,0.0,0
56.875,Eb_MAJOR_inv0,Eb_MAJOR_inv0,0.0,0.0,0.0,0
57.0,Eb_MAJOR_inv1,Eb_MAJOR_inv0,0.13307145192728131,12.0,0.2857142857142857,1
57.125,Eb_MAJOR_inv1,Eb_MAJOR_inv0,0.13307145192728131,12.0,0.2857142857142857,1
57.25,Eb_MAJOR_inv2,Eb_MAJOR_inv0,0.15209171030355229,15.0,0.2857142857142857,1
57.375,Eb_MAJOR_inv2,Eb_MAJOR_inv0,0.15209171030355229,15.0,0.2857142857142857,1
57.5,Eb_MAJOR_inv1,Eb_MAJOR_inv0,0.13307145192728131,12.0,0.2857142857142857,1
57.625,Eb_MAJOR_inv1,Eb_MAJOR_inv0,0.13307145192728131,12.0,0.2857142857142857,1
57.75,Eb_MAJOR_inv1,Eb_MAJOR_inv1,0.0,0.0,0.0,0
57.875,Eb_MAJOR_inv1,Eb_MAJOR_inv1,0.0,0.0,0.0,0
58.0,Ab_MAJOR_inv0,Eb_MAJOR_inv1,0.6241562959006262,5.0,0.8571428571428572,1
58.125,Ab_MAJOR_inv0,Eb_MAJOR_inv1,0.6241562959006262,5.0,0.8571428571428572,1
58.25,Eb_MAJOR_inv2,Eb_MAJOR_inv1,0.039596775877561274,9.0,0.2857142857142857,1
58.375,Eb_MAJOR_inv2,Eb_MAJOR_inv1,0.039596775877561274,9.0,0.2857142857142857,1
58.5,Eb_MAJOR_inv1,Eb_MAJOR_inv1,0.0,0.0,0.0,0
58.625,Eb_MAJOR_inv1,Eb_MAJOR_inv1,0.0,0.0,0.0,0
58.75,Ab_MAJOR_inv0,Eb_MAJOR_inv1,0.6241562959006262,5.0,0.8571428571428572,1
58.875,Ab_MAJOR_inv0,Eb_MAJOR_inv1,0.6241562959006262,5.0,0.8571428571428572,1
59.0,Eb_MAJOR_inv1,Eb_MAJOR_inv1,0.0,0.0,0.0,0
59.125,Eb_MAJOR_inv1,Eb_MAJOR_inv1,0.0,0.0,0.0,0
59.25,Ab_MAJOR_inv0,Ab_MAJOR_inv0,0.0,0.0,0.0,0
59.375,Ab_MAJOR_inv0,Ab_MAJOR_inv0,0.0,0.0,0.0,0
59.5,Ab_MAJOR_inv0,Ab_MAJOR_inv0,0.0,0.0,0.0,0
59.625,Ab_MAJOR_inv0,Ab_MAJOR_inv0,0.0,0.0,0.0,0
59.75,Ab_MAJOR_inv1,Ab_MAJOR_inv0,0.03107662202673367,12.0,0.2857142857142857,1
59.875,Ab_MAJOR_inv1,Ab_MAJOR_inv0,0.03107662202673367,12.0,0.2857142857142857,1
60.0,A_DIMINISHED_inv0,A_DIMINISHED_inv0,0.0,0.0,0.0,0
60.125,A_DIMINISHED_inv0,A_DIMINISHED_inv0,0.0,0.0,0.0,0
60.25,A_DIMINISHED_inv0,A_DIMINISHED_inv0,0.0,0.0,0.0,0
60.375,A_DIMINISHED_inv0,A_DIMINISHED_inv0,0.0,0.0,0.0,0
60.5,A_DIMINISHED_inv1,A_DIMINISHED_inv0,0.024658681070557242,9.0,0.2857142857142857,1
60.625,A_DIMINISHED_inv1,A_DIMINISHED_inv0,0.024658681070557242,9.0,0.2857142857142857,1
60.75,Bb_MAJOR_inv0,Eb_MAJOR_inv2,0.2785684672702273,3.0,0.5714285714285714,1
60.875,Bb_MAJOR_inv0,Eb_MAJOR_inv2,0.2785684672702273,3.0,0.5714285714285714,1
61.0,Bb_MAJOR_inv0,Eb_MAJOR_inv2,0.2785684672702273,3.0,0.5714285714285714,1
61.125,Bb_MAJOR_inv0,Eb_MAJOR_inv2,0.2785684672702273,3.0,0.5714285714285714,1
61.25,G_MAJOR_inv1,Eb_MAJOR_inv2,0.508178720825357,4.0,0.8571428571428572,1
61.375,G_MAJOR_inv1,Eb_MAJOR_inv2,0.508178720825357,4.0,0.8571428571428572,1
61.5,C_MINOR_inv0,A_DIMINISHED_inv1,0.04995990605150036,2.0,0.4285714285714286,1
61.625,C_MINOR_inv0,A_DIMINISHED_inv1,0.04995990605150036,2.0,0.4285714285714286,1
61.75,C_MINOR_inv0,A_DIMINISHED_inv1,0.04995990605150036,2.0,0.4285714285714286,1
61.875,C_MINOR_inv0,A_DIMINISHED_inv1,0.04995990605150036,2.0,0.4285714285714286,1
62.0,A_DIMINISHED_inv0,A_DIMINISHED_inv1,0.024658681070557242,9.0,0.2857142857142857,1
62.125,A_DIMINISHED_inv0,A_DIMINISHED_inv1,0.024658681070557242,9.0,0.2857142857142857,1
62.25,Bb_MAJOR_inv0,Eb_MAJOR_inv2,0.2785684672702273,3.0,0.5714285714285714,1
62.375,Bb_MAJOR_inv0,Eb_MAJOR_inv2,0.2785684672702273,3.0,0.5714285714285714,1
62.5,Bb_MAJOR_inv0,Eb_MAJOR_inv2,0.2785684672702273,3.0,0.5714285714285714,1
62.625,Bb_MAJOR_inv0,Eb_MAJOR_inv2,0.2785684672702273,3.0,0.5714285714285714,1
62.75,G_MAJOR_inv1,Eb_MAJOR_inv2,0.508178720825357,4.0,0.8571428571428572,1
62.875,G_MAJOR_inv1,Eb_MAJOR_inv2,0.508178720825357,4.0,0.8571428571428572,1
63.0,C_MINOR_inv0,A_DIMINISHED_inv1,0.04995990605150036,2.0,0.4285714285714286,1
63.125,C_MINOR_inv0,A_DIMINISHED_inv1,0.04995990605150036,2.0,0.4285714285714286,1
63.25,C_MINOR_inv0,A_DIMINISHED_inv1,0.04995990605150036,2.0,0.4285714285714286,1
63.375,C_MINOR_inv0,A_DIMINISHED_inv1,0.04995990605150036,2.0,0.4285714285714286,1
63.5,A_DIMINISHED_inv0,A_DIMINISHED_inv1,0.024658681070557242,9.0,0.2857142857142857,1
63.625,A_DIMINISHED_inv0,A_DIMINISHED_inv1,0.024658681070557242,9.0,0.2857142857142857,1
63.75,Bb_MAJOR_inv0,Eb_MAJOR_inv2,0.2785684672702273,3.0,0.5714285714285714,1
64.0,Bb_MAJOR_inv0,Eb_MAJOR_inv2,0.2785684672702273,3.0,0.5714285714285714,1
64.1875,Bb_MAJOR_inv0,Eb_MAJOR_inv2,0.2785684672702273,3.0,0.5714285714285714,1
64.25,Eb_MAJOR_inv1,Eb_MAJOR_inv2,0.039596775877561274,9.0,0.2857142857142857,1
64.4375,Eb_MAJOR_inv1,Eb_MAJOR_inv2,0.039596775877561274,9.0,0.2857142857142857,1
64.5,Eb_MAJOR_inv0,Gb_DIM7_inv2,0.4724710028043966,13.0,0.875,1
64.75,Gb_DIM7_inv2,Gb_DIM7_inv2,0.0,0.0,0.0,0
64.9375,Gb_DIM7_inv2,Gb_DIM7_inv2,0.0,0.0,0.0,0
65.0,Gb_DIMINISHED_inv0,Gb_DIM7_inv2,0.2570140755905522,21.0,0.375,1
65.1875,Gb_DIMINISHED_inv0,Gb_DIM7_inv2,0.2570140755905522,21.0,0.375,1
65.25,Eb_MAJOR_inv0,Eb_MAJOR_inv2,0.15209171030355229,15.0,0.2857142857142857,1
65.5,Bb_MAJOR_inv0,Eb_MAJOR_inv2,0.2785684672702273,3.0,0.5714285714285714,1
65.6875,Bb_MAJOR_inv0,Eb_MAJOR_inv2,0.2785684672702273,3.0,0.5714285714285714,1
65.75,Eb_MAJOR_inv1,Eb_MAJOR_inv2,0.039596775877561274,9.0,0.2857142857142857,1
65.9375,Eb_MAJOR_inv1,Eb_MAJOR_inv2,0.039596775877561274,9.0,0.2857142857142857,1
66.0,Eb_MAJOR_inv0,Gb_DIM7_inv1,0.579117309367326,22.0,0.875,1
66.25,Gb_DIM7_inv1,Gb_DIM7_inv1,0.0,0.0,0.0,0
66.4375,Gb_DIM7_inv1,Gb_DIM7_inv1,0.0,0.0,0.0,0
66.5,Gb_DIM7_inv3,Gb_DIM7_inv1,0.17080765860423663,18.0,0.25,1
66.6875,Gb_DIM7_inv3,Gb_DIM7_inv1,0.17080765860423663,18.0,0.25,1
66.75,Eb_MAJOR_inv1,Eb_MAJOR_inv2,0.039596775877561274,9.0,0.2857142857142857,1
67.0,Bb_MAJOR_inv0,Eb_MAJOR_inv2,0.2785684672702273,3.0,0.5714285714285714,1
67.125,Bb_MAJOR_inv0,Eb_MAJOR_inv2,0.2785684672702273,3.0,0.5714285714285714,1
67.25,Bb_MAJOR_inv0,Eb_MAJOR_inv2,0.2785684672702273,3.0,0.5714285714285714,1
67.375,Bb_MAJOR_inv0,Eb_MAJOR_inv2,0.2785684672702273,3.0,0.5714285714285714,1
67.5,Eb_MAJOR_inv1,Eb_MAJOR_inv2,0.039596775877561274,9.0,0.2857142857142857,1
67.625,Eb_MAJOR_inv1,Eb_MAJOR_inv2,0.039596775877561274,9.0,0.2857142857142857,1
67.75,Eb_MAJOR_inv0,Eb_MAJOR_inv2,0.15209171030355229,15.0,0.2857142857142857,1
67.875,Eb_MAJOR_inv0,Eb_MAJOR_inv2,0.15209171030355229,15.0,0.2857142857142857,1
68.0,Bb_MAJOR_inv0,Eb_MAJOR_inv2,0.2785684672702273,3.0,0.5714285714285714,1
68.125,Bb_MAJOR_inv0,Eb_MAJOR_inv2,0.2785684672702273,3.0,0.5714285714285714,1
68.25,Eb_MAJOR_inv1,Eb_MAJOR_inv2,0.039596775877561274,9.0,0.2857142857142857,1
68.375,Eb_MAJOR_inv1,Eb_MAJOR_inv2,0.039596775877561274,9.0,0.2857142857142857,1
68.5,Eb_MAJOR_inv0,Eb_MAJOR_inv2,0.15209171030355229,15.0,0.2857142857142857,1
68.625,Eb_MAJOR_inv0,Eb_MAJOR_inv2,0.15209171030355229,15.0,0.2857142857142857,1
68.75,Bb_MAJOR_inv0,Eb_MAJOR_inv2,0.2785684672702273,3.0,0.5714285714285714,1
68.875,Bb_MAJOR_inv0,Eb_MAJOR_inv2,0.2785684672702273,3.0,0.5714285714285714,1
69.0,Bb_MAJOR_inv0,Bb_MAJ_MIN7_inv0,0.009006348233015604,2.0,0.125,1
69.5,Bb_MAJ_MIN7_inv0,Bb_MAJ_MIN7_inv0,0.0,0.0,0.0,0
69.75,Eb_MAJOR_inv0,Eb_MAJOR_inv0,0.0,0.0,0.0,0
70.0,Bb_MAJOR_inv0,Eb_MAJOR_inv0,0.4112794466117884,18.0,0.8571428571428572,1
70.25,Bb_MAJOR_inv0,Eb_MAJOR_inv0,0.4112794466117884,18.0,0.8571428571428572,1
70.5,Bb_MAJ_MIN7_inv3,Bb_MAJ_MIN7_inv2,0.05281108136411339,9.0,0.25,1
70.75,Bb_MAJ_MIN7_inv2,Bb_MAJ_MIN7_inv2,0.0,0.0,0.0,0
71.0,Bb_MAJ_MIN7_inv2,Bb_MAJ_MIN7_inv2,0.0,0.0,0.0,0
71.25,Eb_MAJOR_inv0,Eb_MAJOR_inv0,0.0,0.0,0.0,0
71.5,Eb_MAJOR_inv1,Eb_MAJOR_inv0,0.13307145192728131,12.0,0.2857142857142857,1
71.75,Eb_MAJOR_inv2,Eb_MAJOR_inv0,0.15209171030355229,15.0,0.2857142857142857,1
72.0,Bb_MAJOR_inv0,Bb_MAJ_MIN7_inv0,0.009006348233015604,2.0,0.125,1
72.25,D_DIMINISHED_inv1,Bb_MAJ_MIN7_inv0,0.31132491692469855,17.0,0.625,1
72.5,Bb_MAJ_MIN7_inv0,Bb_MAJ_MIN7_inv0,0.0,0.0,0.0,0
72.75,Eb_MAJOR_inv0,Eb_MAJOR_inv0,0.0,0.0,0.0,0
73.0,Eb_MAJOR_inv2,Eb_MAJOR_inv0,0.15209171030355229,15.0,0.2857142857142857,1
73.25,Eb_MAJOR_inv2,Eb_MAJOR_inv0,0.15209171030355229,15.0,0.2857142857142857,1
73.5,Bb_MAJ_MIN7_inv3,Bb_MAJ_MIN7_inv2,0.05281108136411339,9.0,0.25,1
73.75,Bb_MAJ_MIN7_inv2,Bb_MAJ_MIN7_inv2,0.0,0.0,0.0,0
74.0,Bb_MAJ_MIN7_inv2,Bb_MAJ_MIN7_inv2,0.0,0.0,0.0,0
74.25,Eb_MAJOR_inv0,Eb_MAJOR_inv0,0.0,0.0,0.0,0
74.5,Eb_MAJOR_inv1,Eb_MAJOR_inv0,0.13307145192728131,12.0,0.2857142857142857,1
74.75,Eb_MAJOR_inv2,Eb_MAJOR_inv0,0.15209171030355229,15.0,0.2857142857142857,1
75.0,Bb_MAJOR_inv0,Bb_MAJ_MIN7_inv0,0.009006348233015604,2.0,0.125,1
75.25,D_DIMINISHED_inv1,Bb_MAJ_MIN7_inv0,0.31132491692469855,17.0,0.625,1
75.5,Bb_MAJ_MIN7_inv0,Bb_MAJ_MIN7_inv0,0.0,0.0,0.0,0
75.75,Eb_MAJOR_inv0,Eb_MAJOR_inv0,0.0,0.0,0.0,0
76.0,Eb_MAJOR_inv1,Eb_MAJOR_inv0,0.13307145192728131,12.0,0.2857142857142857,1
76.25,Eb_MAJOR_inv2,Eb_MAJOR_inv0,0.15209171030355229,15.0,0.2857142857142857,1
76.5,Bb_MAJOR_inv0,Bb_MAJ_MIN7_inv0,0.009006348233015604,2.0,0.125,1
76.75,D_DIMINISHED_inv1,Bb_MAJ_MIN7_inv0,0.31132491692469855,17.0,0.625,1
77.0,Bb_MAJ_MIN7_inv0,Bb_MAJ_MIN7_inv0,0.0,0.0,0.0,0
77.25,Eb_MAJOR_inv0,Eb_MAJOR_inv0,0.0,0.0,0.0,0
77.5,Eb_MAJOR_inv1,Eb_MAJOR_inv0,0.13307145192728131,12.0,0.2857142857142857,1
77.75,Eb_MAJOR_inv2,Eb_MAJOR_inv0,0.15209171030355229,15.0,0.2857142857142857,1
78.0,Eb_MAJOR_inv0,Eb_MAJOR_inv0,0.0,0.0,0.0,0
78.75,C_MAJOR_inv0,C_MAJOR_inv0,0.0,0.0,0.0,0
79.1875,C_MAJOR_inv0,C_MAJOR_inv0,0.0,0.0,0.0,0
79.25,C_MAJOR_inv0,C_MAJOR_inv0,0.0,0.0,0.0,0
79.4375,C_MAJOR_inv0,C_MAJOR_inv0,0.0,0.0,0.0,0
79.5,C_MAJOR_inv1,C_MAJOR_inv0,0.18051991194763783,12.0,0.2857142857142857,1
79.6875,C_MAJOR_inv1,C_MAJOR_inv0,0.18051991194763783,12.0,0.2857142857142857,1
79.75,C_MAJOR_inv2,C_MAJOR_inv0,0.04046898105220886,15.0,0.2857142857142857,1
79.9375,C_MAJOR_inv2,C_MAJOR_inv0,0.04046898105220886,15.0,0.2857142857142857,1
80.0,C_MAJOR_inv1,C_MAJOR_inv0,0.18051991194763783,12.0,0.2857142857142857,1
80.25,C_MAJOR_inv1,C_MAJOR_inv0,0.18051991194763783,12.0,0.2857142857142857,1
80.75,C_MAJOR_inv1,C_MAJOR_inv0,0.18051991194763783,12.0,0.2857142857142857,1
81.0,C_MAJOR_inv1,C_MAJOR_inv1,0.0,0.0,0.0,0
81.5,B_DIM7_inv2,B_DIM7_inv2,0.0,0.0,0.0,0
81.75,B_DIM7_inv2,B_DIM7_inv2,0.0,0.0,0.0,0
82.1875,B_DIM7_inv2,B_DIM7_inv2,0.0,0.0,0.0,0
82.25,B_DIMINISHED_inv1,B_DIM7_inv2,0.15946449177638988,12.0,0.375,1
82.4375,B_DIMINISHED_inv1,B_DIM7_inv2,0.15946449177638988,12.0,0.375,1
82.5,B_DIMINISHED_inv2,B_DIM7_inv2,0.041251310017700105,3.0,0.125,1
82.6875,B_DIMINISHED_inv2,B_DIM7_inv2,0.041251310017700105,3.0,0.125,1
82.75,B_DIMINISHED_inv0,B_DIM7_inv2,0.09876481541984217,21.0,0.375,1
82.9375,B_DIMINISHED_inv0,B_DIM7_inv2,0.09876481541984217,21.0,0.375,1
83.0,B_DIMINISHED_inv2,B_DIM7_inv2,0.041251310017700105,3.0,0.125,1
83.25,B_DIMINISHED_inv2,B_DIM7_inv2,0.041251310017700105,3.0,0.125,1
83.75,D_DIMINISHED_inv1,B_DIM7_inv2,0.11617105964955532,3.0,0.375,1
84.0,D_DIMINISHED_inv1,D_DIMINISHED_inv1,0.0,0.0,0.0,0
84.5,E_DIM7_inv1,E_DIM7_inv1,0.0,0.0,0.0,0
84.75,E_DIM7_inv1,E_DIM7_inv1,0.0,0.0,0.0,0
85.1875,E_DIM7_inv1,E_DIM7_inv1,0.0,0.0,0.0,0
85.25,E_DIM7_inv3,E_DIM7_inv1,0.14776158206280454,18.0,0.25,1
85.4375,E_DIM7_inv3,E_DIM7_inv1,0.14776158206280454,18.0,0.25,1
85.5,E_DIMINISHED_inv0,E_DIM7_inv1,0.22737934270934113,12.0,0.375,1
85.6875,E_DIMINISHED_inv0,E_DIM7_inv1,0.22737934270934113,12.0,0.375,1
85.75,E_DIMINISHED_inv1,E_DIM7_inv1,0.03338607075058775,3.0,0.125,1
85.9375,E_DIMINISHED_inv1,E_DIM7_inv1,0.03338607075058775,3.0,0.125,1
86.0,E_DIM7_inv3,E_DIM7_inv1,0.14776158206280454,18.0,0.25,1
86.25,E_DIMINISHED_inv1,E_DIM7_inv1,0.03338607075058775,3.0,0.125,1
86.5,E_DIMINISHED_inv1,E_DIM7_inv1,0.03338607075058775,3.0,0.125,1
87.0,E_DIMINISHED_inv0,E_DIM7_inv1,0.22737934270934113,12.0,0.375,1
87.25,E_DIMINISHED_inv0,E_DIM7_inv1,0.22737934270934113,12.0,0.375,1
87.75,F_MINOR_inv0,F_MINOR_inv0,0.0,0.0,0.0,0
87.875,F_MINOR_inv0,F_MINOR_inv0,0.0,0.0,0.0,0
88.0,F_MINOR_inv1,F_MINOR_inv0,0.09069101421628623,9.0,0.2857142857142857,1
88.125,F_MINOR_inv1,F_MINOR_inv0,0.09069101421628623,9.0,0.2857142857142857,1
88.25,F_MINOR_inv0,F_MINOR_inv0,0.0,0.0,0.0,0
88.375,F_MINOR_inv0,F_MINOR_inv0,0.0,0.0,0.0,0
88.5,F_MINOR_inv0,F_MINOR_inv0,0.0,0.0,0.0,0
88.625,F_MINOR_inv0,F_MINOR_inv0,0.0,0.0,0.0,0
88.75,F_MINOR_inv1,F_MINOR_inv0,0.09069101421628623,9.0,0.2857142857142857,1
88.875,F_MINOR_inv1,F_MINOR_inv0,0.09069101421628623,9.0,0.2857142857142857,1
89.0,F_MINOR_inv0,F_MINOR_inv0,0.0,0.0,0.0,0
89.125,F_MINOR_inv0,F_MINOR_inv0,0.0,0.0,0.0,0
89.25,C_MAJOR_inv2,G_DIMINISHED_inv0,0.5428937059553766,5.0,0.5714285714285714,1
89.375,C_MAJOR_inv2,G_DIMINISHED_inv0,0.5428937059553766,5.0,0.5714285714285714,1
89.5,C_MAJ_MIN7_inv3,G_DIMINISHED_inv0,0.4522160676114111,13.0,0.75,1
89.625,C_MAJ_MIN7_inv3,G_DIMINISHED_inv0,0.4522160676114111,13.0,0.75,1
89.75,C_MAJOR_inv2,G_DIMINISHED_inv0,0.5428937059553766,5.0,0.5714285714285714,1
89.875,C_MAJOR_inv2,G_DIMINISHED_inv0,0.5428937059553766,5.0,0.5714285714285714,1
90.0,C_MAJOR_inv1,C_MAJ_MIN7_inv1,0.05376711257658895,2.0,0.125,1
90.125,C_MAJOR_inv1,C_MAJ_MIN7_inv1,0.05376711257658895,2.0,0.125,1
90.25,C_MAJ_MIN7_inv2,C_MAJ_MIN7_inv1,0.08963813872124005,9.0,0.25,1
90.375,C_MAJ_MIN7_inv2,C_MAJ_MIN7_inv1,0.08963813872124005,9.0,0.25,1
90.5,C_MAJOR_inv1,C_MAJ_MIN7_inv1,0.05376711257658895,2.0,0.125,1
90.625,C_MAJOR_inv1,C_MAJ_MIN7_inv1,0.05376711257658895,2.0,0.125,1
90.75,C_MAJOR_inv0,C_MAJ_MIN7_inv0,0.00602463283347876,2.0,0.125,1
90.875,C_MAJOR_inv0,C_MAJ_MIN7_inv0,0.00602463283347876,2.0,0.125,1
91.0,C_MAJOR_inv1,C_MAJ_MIN7_inv0,0.25921815155530514,14.0,0.375,1
91.125,C_MAJOR_inv1,C_MAJ_MIN7_inv0,0.25921815155530514,14.0,0.375,1
91.25,C_MAJOR_inv2,C_MAJ_MIN7_inv0,0.13249530508069562,17.0,0.375,1
91.375,C_MAJOR_inv2,C_MAJ_MIN7_inv0,0.13249530508069562,17.0,0.375,1
91.5,C_MAJOR_inv1,C_MAJ_MIN7_inv1,0.05376711257658895,2.0,0.125,1
91.625,C_MAJOR_inv1,C_MAJ_MIN7_inv1,0.05376711257658895,2.0,0.125,1
91.75,C_MAJOR_inv2,C_MAJ_MIN7_inv1,0.3114959521884574,11.0,0.375,1
91.875,C_MAJOR_inv2,C_MAJ_MIN7_inv1,0.3114959521884574,11.0,0.375,1
92.0,C_MAJ_MIN7_inv3,C_MAJ_MIN7_inv1,0.11324692443634943,18.0,0.25,1
92.125,C_MAJ_MIN7_inv3,C_MAJ_MIN7_inv1,0.11324692443634943,18.0,0.25,1
92.25,F_MINOR_inv0,F_MINOR_inv0,0.0,0.0,0.0,0
92.375,F_MINOR_inv0,F_MINOR_inv0,0.0,0.0,0.0,0
92.5,F_MINOR_inv1,F_MINOR_inv0,0.09069101421628623,9.0,0.2857142857142857,1
92.625,F_MINOR_inv1,F_MINOR_inv0,0.09069101421628623,9.0,0.2857142857142857,1
92.75,F_MINOR_inv0,F_MINOR_inv0,0.0,0.0,0.0,0
92.875,F_MINOR_inv0,F_MINOR_inv0,0.0,0.0,0.0,0
93.0,F_MINOR_inv0,F_MINOR_inv0,0.0,0.0,0.0,0
93.125,F_MINOR_inv0,F_MINOR_inv0,0.0,0.0,0.0,0
93.25,F_MINOR_inv0,F_MINOR_inv0,0.0,0.0,0.0,0
93.375,F_MINOR_inv0,F_MINOR_inv0,0.0,0.0,0.0,0
93.5,F_MAJ_MIN7_inv3,F_MAJ_MIN7_inv3,0.0,0.0,0.0,0
93.625,F_MAJ_MIN7_inv3,F_MAJ_MIN7_inv3,0.0,0.0,0.0,0
93.75,Bb_MINOR_inv1,Bb_MINOR_inv1,0.0,0.0,0.0,0
93.875,Bb_MINOR_inv1,Bb_MINOR_inv1,0.0,0.0,0.0,0
94.0,Bb_MINOR_inv0,Bb_MINOR_inv1,0.12002537485208098,9.0,0.2857142857142857,1
94.125,Bb_MINOR_inv0,Bb_MINOR_inv1,0.12002537485208098,9.0,0.2857142857142857,1
94.25,Bb_MINOR_inv1,Bb_MINOR_inv1,0.0,0.0,0.0,0
94.375,Bb_MINOR_inv1,Bb_MINOR_inv1,0.0,0.0,0.0,0
94.5,Bb_MINOR_inv0,Bb_MINOR_inv0,0.0,0.0,0.0,0
94.625,Bb_MINOR_inv0,Bb_MINOR_inv0,0.0,0.0,0.0,0
94.75,Bb_MINOR_inv0,Bb_MINOR_inv0,0.0,0.0,0.0,0
94.875,Bb_MINOR_inv0,Bb_MINOR_inv0,0.0,0.0,0.0,0
95.0,Bb_MINOR_inv1,Bb_MINOR_inv0,0.12002537485208098,9.0,0.2857142857142857,1
95.125,Bb_MINOR_inv1,Bb_MINOR_inv0,0.12002537485208098,9.0,0.2857142857142857,1
95.25,F_MAJOR_inv2,C_DIMINISHED_inv0,0.3578936117763549,5.0,0.5714285714285714,1
95.375,F_MAJOR_inv2,C_DIMINISHED_inv0,0.3578936117763549,5.0,0.5714285714285714,1
95.5,F_MAJ_MIN7_inv3,C_DIMINISHED_inv0,0.4018735814565271,13.0,0.75,1
95.625,F_MAJ_MIN7_inv3,C_DIMINISHED_inv0,0.4018735814565271,13.0,0.75,1
95.75,F_MAJOR_inv2,C_DIMINISHED_inv0,0.3578936117763549,5.0,0.5714285714285714,1
95.875,F_MAJOR_inv2,C_DIMINISHED_inv0,0.3578936117763549,5.0,0.5714285714285714,1
96.0,F_MAJOR_inv1,F_MAJ_MIN7_inv1,0.04236457047129816,2.0,0.125,1
96.125,F_MAJOR_inv1,F_MAJ_MIN7_inv1,0.04236457047129816,2.0,0.125,1
96.25,F_MAJ_MIN7_inv2,F_MAJ_MIN7_inv1,0.018465102150009516,9.0,0.25,1
96.375,F_MAJ_MIN7_inv2,F_MAJ_MIN7_inv1,0.018465102150009516,9.0,0.25,1
96.5,F_MAJOR_inv1,F_MAJ_MIN7_inv1,0.04236457047129816,2.0,0.125,1
96.625,F_MAJOR_inv1,F_MAJ_MIN7_inv1,0.04236457047129816,2.0,0.125,1
96.75,F_MAJOR_inv0,F_MAJOR_inv0,0.0,0.0,0.0,0
96.875,F_MAJOR_inv0,F_MAJOR_inv0,0.0,0.0,0.0,0
97.0,F_MAJOR_inv1,F_MAJOR_inv0,0.09354373826803242,12.0,0.2857142857142857,1
97.125,F_MAJOR_inv1,F_MAJOR_inv0,0.09354373826803242,12.0,0.2857142857142857,1
97.25,F_MAJOR_inv2,F_MAJOR_inv0,0.11664365071248606,15.0,0.2857142857142857,1
97.375,F_MAJOR_inv2,F_MAJOR_inv0,0.11664365071248606,15.0,0.2857142857142857,1
97.5,F_MAJOR_inv1,F_MAJ_MIN7_inv1,0.04236457047129816,2.0,0.125,1
97.625,F_MAJOR_inv1,F_MAJ_MIN7_inv1,0.04236457047129816,2.0,0.125,1
97.75,F_MAJOR_inv2,F_MAJ_MIN7_inv1,0.1792238619254617,11.0,0.375,1
97.875,F_MAJOR_inv2,F_MAJ_MIN7_inv1,0.1792238619254617,11.0,0.375,1
98.0,F_MAJ_MIN7_inv3,F_MAJ_MIN7_inv1,0.15639408910635977,18.0,0.25,1
98.125,F_MAJ_MIN7_inv3,F_MAJ_MIN7_inv1,0.15639408910635977,18.0,0.25,1
98.25,Bb_MINOR_inv0,Bb_MINOR_inv0,0.0,0.0,0.0,0
98.375,Bb_MINOR_inv0,Bb_MINOR_inv0,0.0,0.0,0.0,0
98.5,Bb_MINOR_inv1,Bb_MINOR_inv0,0.12002537485208098,9.0,0.2857142857142857,1
98.625,Bb_MINOR_inv1,Bb_MINOR_inv0,0.12002537485208098,9.0,0.2857142857142857,1
98.75,Bb_MINOR_inv0,Bb_MINOR_inv0,0.0,0.0,0.0,0
98.875,Bb_MINOR_inv0,Bb_MINOR_inv0,0.0,0.0,0.0,0
99.0,Bb_MINOR_inv0,Bb_MINOR_inv0,0.0,0.0,0.0,0
99.125,Bb_MINOR_inv0,Bb_MINOR_inv0,0.0,0.0,0.0,0
99.25,Bb_MINOR_inv1,Bb_MINOR_inv0,0.12002537485208098,9.0,0.2857142857142857,1
99.375,Bb_MINOR_inv1,Bb_MINOR_inv0,0.12002537485208098,9.0,0.2857142857142857,1
99.5,Bb_MINOR_inv0,Bb_MINOR_inv0,0.0,0.0,0.0,0
99.625,Bb_MINOR_inv0,Bb_MINOR_inv0,0.0,0.0,0.0,0
99.75,Ab_MAJ_MIN7_inv0,Ab_MAJ_MIN7_inv0,0.0,0.0,0.0,0
99.875,Ab_MAJ_MIN7_inv0,Ab_MAJ_MIN7_inv0,0.0,0.0,0.0,0
100.0,C_DIMINISHED_inv1,Ab_MAJ_MIN7_inv0,0.20058759269272652,17.0,0.625,1
100.125,C_DIMINISHED_inv1,Ab_MAJ_MIN7_inv0,0.20058759269272652,17.0,0.625,1
100.16666666666667,C_DIMINISHED_inv1,Ab_MAJ_MIN7_inv0,0.20058759269272652,17.0,0.625,1
100.20833333333333,C_DIMINISHED_inv1,Ab_MAJ_MIN7_inv0,0.20058759269272652,17.0,0.625,1
100.25,Ab_MAJ_MIN7_inv0,Ab_MAJ_MIN7_inv0,0.0,0.0,0.0,0
100.375,Ab_MAJ_MIN7_inv0,Ab_MAJ_MIN7_inv0,0.0,0.0,0.0,0
100.5,Ab_MAJ_MIN7_inv0,Ab_MAJ_MIN7_inv0,0.0,0.0,0.0,0
100.625,Ab_MAJ_MIN7_inv0,Ab_MAJ_MIN7_inv0,0.0,0.0,0.0,0
100.75,Ab_MAJ_MIN7_inv1,Ab_MAJ_MIN7_inv0,0.025542934472552514,12.0,0.25,1
100.875,Ab_MAJ_MIN7_inv1,Ab_MAJ_MIN7_inv0,0.025542934472552514,12.0,0.25,1
101.0,Ab_MAJ_MIN7_inv0,Ab_MAJ_MIN7_inv0,0.0,0.0,0.0,0
101.125,Ab_MAJ_MIN7_inv0,Ab_MAJ_MIN7_inv0,0.0,0.0,0.0,0
101.25,Db_MAJOR_inv0,Db_MAJOR_inv0,0.0,0.0,0.0,0
101.5,Db_MAJOR_inv0,Db_MAJOR_inv0,0.0,0.0,0.0,0
101.75,Db_MAJOR_inv0,Db_MAJOR_inv0,0.0,0.0,0.0,0
102.0,Ab_MAJOR_inv0,Ab_MAJ_MIN7_inv2,0.24969655648283673,17.0,0.375,1
102.25,Eb_MINOR_inv1,Ab_MAJ_MIN7_inv2,0.48862341230651396,13.0,0.75,1
102.5,C_DIMINISHED_inv1,Ab_MAJ_MIN7_inv2,0.06671103324038019,2.0,0.375,1
102.75,Db_MAJOR_inv1,Db_MAJOR_inv1,0.0,0.0,0.0,0
103.0,E_DIMINISHED_inv0,Db_MAJOR_inv1,0.9383713968390638,7.0,1.0,1
103.25,Gb_MAJOR_inv0,Db_MAJOR_inv1,0.4966886077182353,5.0,0.8571428571428572,1
103.5,Db_MAJOR_inv1,Ab_MAJ_MIN7_inv1,0.7399954370189648,19.0,0.875,1
103.75,Eb_MINOR_inv0,Ab_MAJ_MIN7_inv1,0.3495850550618833,13.0,0.75,1
104.0,C_DIMINISHED_inv0,Ab_MAJ_MIN7_inv1,0.015708854994754273,2.0,0.375,1
104.25,Db_MAJOR_inv0,Db_MAJOR_inv0,0.0,0.0,0.0,0
104.5,Ab_AUGMENTED_inv1,Db_MAJOR_inv0,0.6519450776399816,4.0,0.8571428571428572,1
104.75,C_DIMINISHED_inv1,Db_MAJOR_inv0,0.8872415658580501,11.0,1.0,1
105.0,Db_MAJOR_inv0,A_DIMINISHED_inv0,0.9347446837657517,16.0,1.0,1
105.25,C_DIMINISHED_inv0,A_DIMINISHED_inv0,0.1484437104555577,12.0,0.7142857142857143,1
105.5,A_DIMINISHED_inv0,A_DIMINISHED_inv0,0.0,0.0,0.0,0
105.75,Bb_MINOR_inv0,Bb_MINOR_inv0,0.0,0.0,0.0,0
106.0,Bb_MINOR_inv1,Bb_MINOR_inv0,0.12002537485208098,9.0,0.2857142857142857,1
106.25,Db_MAJOR_inv2,Bb_MINOR_inv0,0.2788569240310296,6.0,0.7142857142857143,1
106.5,G_DIMINISHED_inv0,G_DIMINISHED_inv0,0.0,0.0,0.0,0
106.75,Bb_MINOR_inv0,G_DIMINISHED_inv0,0.16499614900477666,11.0,0.7142857142857143,1
107.0,Bb_MINOR_inv2,G_DIMINISHED_inv0,0.13927085099364944,6.0,0.7142857142857143,1
107.25,C_MAJ_MIN7_inv1,C_MAJ_MIN7_inv1,0.0,0.0,0.0,0
107.5,C_MAJ_MIN7_inv2,C_MAJ_MIN7_inv1,0.08963813872124005,9.0,0.25,1
107.75,C_MAJ_MIN7_inv0,C_MAJ_MIN7_inv1,0.1276564543027705,12.0,0.25,1
108.0,C_MAJ_MIN7_inv0,C_MAJ_MIN7_inv0,0.0,0.0,0.0,0
108.25,C_MAJ_MIN7_inv0,C_MAJ_MIN7_inv0,0.0,0.0,0.0,0
108.5,E_DIMINISHED_inv0,C_MAJ_MIN7_inv0,0.044306331201864224,14.0,0.625,1
108.75,F_MINOR_inv0,F_MINOR_inv0,0.0,0.0,0.0,0
109.0,F_MINOR_inv1,F_MINOR_inv0,0.09069101421628623,9.0,0.2857142857142857,1
109.25,F_MIN_MIN7_inv3,F_MINOR_inv0,0.03177653123964952,8.0,0.375,1
109.5,D_DIMINISHED_inv0,Db_MAJOR_inv0,0.1524260445750345,3.0,0.7142857142857143,1
109.75,F_MINOR_inv0,Db_MAJOR_inv0,0.33542494422299296,13.0,0.7142857142857143,1
110.0,F_MINOR_inv2,Db_MAJOR_inv0,0.18240226509225965,3.0,0.7142857142857143,1
110.25,G_MAJ_MIN7_inv1,G_MAJ_MIN7_inv1,0.0,0.0,0.0,0
110.5,G_MAJ_MIN7_inv2,G_MAJ_MIN7_inv1,0.13189436132661425,9.0,0.25,1
110.75,G_MAJ_MIN7_inv0,G_MAJ_MIN7_inv1,0.028660554307441632,12.0,0.25,1
111.0,G_MAJ_MIN7_inv0,G_MAJ_MIN7_inv0,0.0,0.0,0.0,0
111.25,G_MAJ_MIN7_inv0,G_MAJ_MIN7_inv0,0.0,0.0,0.0,0
111.5,B_DIMINISHED_inv0,G_MAJ_MIN7_inv0,0.045117515950028664,14.0,0.625,1
111.75,C_MINOR_inv0,C_MINOR_inv0,0.0,0.0,0.0,0
112.0,C_MINOR_inv1,C_MINOR_inv0,0.1653287987079769,9.0,0.2857142857142857,1
112.25,C_MIN_MIN7_inv3,C_MINOR_inv0,0.19467965476963034,8.0,0.375,1
112.5,Ab_MAJOR_inv0,Ab_MAJOR_inv0,0.0,0.0,0.0,0
112.75,C_MINOR_inv0,Ab_MAJOR_inv0,0.13151188010717485,13.0,0.7142857142857143,1
113.0,C_MINOR_inv2,Ab_MAJOR_inv0,0.113903963140365,3.0,0.7142857142857143,1
113.25,F_MINOR_inv0,F_MINOR_inv0,0.0,0.0,0.0,0
113.5,F_MINOR_inv1,F_MINOR_inv0,0.09069101421628623,9.0,0.2857142857142857,1
113.75,Ab_MAJOR_inv2,F_MINOR_inv0,0.18108449374495472,6.0,0.7142857142857143,1
114.0,D_DIMINISHED_inv0,D_DIMINISHED_inv0,0.0,0.0,0.0,0
114.25,F_MINOR_inv0,D_DIMINISHED_inv0,0.31628881263825237,11.0,0.7142857142857143,1
114.5,F_MINOR_inv2,D_DIMINISHED_inv0,0.2078627579929314,6.0,0.7142857142857143,1
114.75,G_MAJ_MIN7_inv1,G_MAJ_MIN7_inv1,0.0,0.0,0.0,0
115.0,G_MAJ_MIN7_inv2,G_MAJ_MIN7_inv1,0.13189436132661425,9.0,0.25,1
115.25,G_MAJ_MIN7_inv0,G_MAJ_MIN7_inv1,0.028660554307441632,12.0,0.25,1
115.5,G_MAJ_MIN7_inv0,G_MAJ_MIN7_inv0,0.0,0.0,0.0,0
115.75,G_MAJ_MIN7_inv0,G_MAJ_MIN7_inv0,0.0,0.0,0.0,0
116.0,B_DIMINISHED_inv0,G_MAJ_MIN7_inv0,0.045117515950028664,14.0,0.625,1
116.25,C_MINOR_inv0,C_MINOR_inv0,0.0,0.0,0.0,0
116.5,C_MINOR_inv0,C_MINOR_inv0,0.0,0.0,0.0,0
116.75,C_MINOR_inv1,C_MINOR_inv0,0.1653287987079769,9.0,0.2857142857142857,1
117.0,D_DIMINISHED_inv1,D_DIMINISHED_inv1,0.0,0.0,0.0,0
117.25,D_DIMINISHED_inv1,D_DIMINISHED_inv1,0.0,0.0,0.0,0
117.5,Gb_DIM7_inv0,Gb_DIM7_inv0,0.0,0.0,0.0,0
117.75,G_MAJOR_inv0,G_MAJOR_inv0,0.0,0.0,0.0,0
118.0,G_MAJOR_inv0,G_MAJOR_inv0,0.0,0.0,0.0,0
118.25,G_MAJOR_inv1,G_MAJOR_inv0,0.03633274545200682,12.0,0.2857142857142857,1
118.5,F_MINOR_inv1,G_MAJ_MIN7_inv0,0.6888940700201205,6.0,0.875,1
118.75,F_MINOR_inv1,G_MAJ_MIN7_inv0,0.6888940700201205,6.0,0.875,1
119.0,Eb_MAJOR_inv1,G_MAJ_MIN7_inv0,0.5805558569132839,4.0,0.625,1
119.25,D_DIMINISHED_inv1,G_MAJ_MIN7_inv0,0.4201222162738234,10.0,0.75,1
119.5,D_DIMINISHED_inv1,G_MAJ_MIN7_inv0,0.4201222162738234,10.0,0.75,1
119.75,C_MINOR_inv1,G_MAJ_MIN7_inv0,0.6504793452796169,16.0,0.875,1
120.0,B_DIMINISHED_inv1,G_MAJ_MIN7_inv0,0.18952975380502157,17.0,0.625,1
120.25,B_DIMINISHED_inv1,G_MAJ_MIN7_inv0,0.18952975380502157,17.0,0.625,1
120.5,Ab_MAJOR_inv1,G_MAJ_MIN7_inv0,0.8792704331622256,20.0,1.0,1
120.75,G_MAJOR_inv1,G_MAJ_MIN7_inv0,0.14678131336710232,14.0,0.375,1
121.0,G_MAJOR_inv1,G_MAJ_MIN7_inv0,0.14678131336710232,14.0,0.375,1
121.25,G_MAJOR_inv1,G_MAJ_MIN7_inv0,0.14678131336710232,14.0,0.375,1
121.5,F_MINOR_inv1,G_MAJ_MIN7_inv0,0.6888940700201205,6.0,0.875,1
121.75,F_MINOR_inv1,G_MAJ_MIN7_inv0,0.6888940700201205,6.0,0.875,1
122.0,Eb_MAJOR_inv1,G_MAJ_MIN7_inv0,0.5805558569132839,4.0,0.625,1
122.25,D_DIMINISHED_inv1,G_MAJ_MIN7_inv0,0.4201222162738234,10.0,0.75,1
122.5,D_DIMINISHED_inv1,G_MAJ_MIN7_inv0,0.4201222162738234,10.0,0.75,1
122.75,C_MINOR_inv1,G_MAJ_MIN7_inv0,0.6504793452796169,16.0,0.875,1
123.0,B_DIMINISHED_inv1,G_MAJ_MIN7_inv0,0.18952975380502157,17.0,0.625,1
123.25,B_DIMINISHED_inv1,G_MAJ_MIN7_inv0,0.18952975380502157,17.0,0.625,1
123.5,Ab_MAJOR_inv1,G_MAJ_MIN7_inv0,0.8792704331622256,20.0,1.0,1
123.75,G_MAJOR_inv1,G_MAJ_MIN7_inv0,0.14678131336710232,14.0,0.375,1
124.0,G_MAJOR_inv1,G_MAJ_MIN7_inv0,0.14678131336710232,14.0,0.375,1
124.25,F_MINOR_inv1,G_MAJ_MIN7_inv0,0.6888940700201205,6.0,0.875,1
124.5,G_MAJOR_inv0,G_MAJ_MIN7_inv0,0.034780245091321715,2.0,0.125,1
124.75,G_MAJOR_inv0,G_MAJ_MIN7_inv0,0.034780245091321715,2.0,0.125,1
125.0,G_MAJ_MIN7_inv0,G_MAJ_MIN7_inv0,0.0,0.0,0.0,0
125.25,C_MINOR_inv0,C_MINOR_inv0,0.0,0.0,0.0,0
125.6875,C_MINOR_inv0,C_MINOR_inv0,0.0,0.0,0.0,0
125.75,C_MINOR_inv0,C_MINOR_inv0,0.0,0.0,0.0,0
125.9375,C_MINOR_inv0,C_MINOR_inv0,0.0,0.0,0.0,0
126.0,C_MINOR_inv1,C_MINOR_inv0,0.1653287987079769,9.0,0.2857142857142857,1
126.1875,C_MINOR_inv1,C_MINOR_inv0,0.1653287987079769,9.0,0.2857142857142857,1
126.25,C_MINOR_inv2,C_MINOR_inv0,0.03726734388909181,15.0,0.2857142857142857,1
126.4375,C_MINOR_inv2,C_MINOR_inv0,0.03726734388909181,15.0,0.2857142857142857,1
126.5,C_MINOR_inv1,C_MINOR_inv0,0.1653287987079769,9.0,0.2857142857142857,1
126.75,C_MINOR_inv1,C_MINOR_inv0,0.1653287987079769,9.0,0.2857142857142857,1
127.25,C_MINOR_inv0,C_MINOR_inv0,0.0,0.0,0.0,0
127.5,C_MINOR_inv0,C_MINOR_inv0,0.0,0.0,0.0,0
128.0,G_MAJ_MIN7_inv2,G_MAJ_MIN7_inv2,0.0,0.0,0.0,0
128.25,B_DIM7_inv1,B_DIM7_inv1,0.0,0.0,0.0,0
128.6875,B_DIM7_inv1,B_DIM7_inv1,0.0,0.0,0.0,0
128.75,B_DIMINISHED_inv1,B_DIM7_inv1,0.02775996634041822,3.0,0.125,1
128.9375,B_DIMINISHED_inv1,B_DIM7_inv1,0.02775996634041822,3.0,0.125,1
129.0,B_DIMINISHED_inv2,B_DIM7_inv1,0.17437921226782072,12.0,0.375,1
129.1875,B_DIMINISHED_inv2,B_DIM7_inv1,0.17437921226782072,12.0,0.375,1
129.25,B_DIMINISHED_inv0,B_DIM7_inv1,0.22283337567568817,12.0,0.375,1
129.4375,B_DIMINISHED_inv0,B_DIM7_inv1,0.22283337567568817,12.0,0.375,1
129.5,B_DIMINISHED_inv2,B_DIM7_inv1,0.17437921226782072,12.0,0.375,1
129.75,B_DIMINISHED_inv2,B_DIM7_inv1,0.17437921226782072,12.0,0.375,1
130.25,B_DIM7_inv1,B_DIM7_inv1,0.0,0.0,0.0,0
130.5,B_DIM7_inv1,B_DIM7_inv1,0.0,0.0,0.0,0
131.0,C_MINOR_inv1,C_MINOR_inv1,0.0,0.0,0.0,0
131.25,C_MINOR_inv0,C_MINOR_inv1,0.1653287987079769,9.0,0.2857142857142857,1
131.625,C_MINOR_inv0,C_MINOR_inv1,0.1653287987079769,9.0,0.2857142857142857,1
131.75,C_MINOR_inv1,C_MINOR_inv1,0.0,0.0,0.0,0
132.0,B_DIM7_inv2,B_DIM7_inv2,0.0,0.0,0.0,0
132.5,C_MINOR_inv1,C_MINOR_inv1,0.0,0.0,0.0,0
132.75,C_MINOR_inv2,C_MINOR_inv1,0.1460348281658721,12.0,0.2857142857142857,1
133.125,C_MINOR_inv2,C_MINOR_inv1,0.1460348281658721,12.0,0.2857142857142857,1
133.25,C_MINOR_inv1,C_MINOR_inv1,0.0,0.0,0.0,0
133.5,B_DIM7_inv2,B_DIM7_inv2,0.0,0.0,0.0,0
134.0,C_MINOR_inv1,C_MINOR_inv1,0.0,0.0,0.0,0
134.25,C_MINOR_inv2,C_MINOR_inv1,0.1460348281658721,12.0,0.2857142857142857,1
134.625,C_MINOR_inv2,C_MINOR_inv1,0.1460348281658721,12.0,0.2857142857142857,1
134.75,C_MINOR_inv1,C_MINOR_inv1,0.0,0.0,0.0,0
135.0,B_DIM7_inv2,B_DIM7_inv2,0.0,0.0,0.0,0
135.25,B_DIM7_inv2,B_DIM7_inv2,0.0,0.0,0.0,0
135.5,C_MINOR_inv1,C_MINOR_inv1,0.0,0.0,0.0,0
135.75,B_DIMINISHED_inv1,B_DIMINISHED_inv1,0.0,0.0,0.0,0
136.0,B_DIMINISHED_inv1,B_DIMINISHED_inv1,0.0,0.0,0.0,0
136.25,Ab_MAJOR_inv1,Ab_MAJOR_inv1,0.0,0.0,0.0,0
136.5,B_DIM7_inv0,G_MAJOR_inv1,0.09421673672425535,3.0,0.5,1
136.75,G_MAJOR_inv1,G_MAJOR_inv1,0.0,0.0,0.0,0
137.5,B_DIM7_inv0,B_DIM7_inv0,0.0,0.0,0.0,0
137.58333333333334,B_DIM7_inv0,B_DIM7_inv0,0.0,0.0,0.0,0
137.66666666666666,B_DIM7_inv0,B_DIM7_inv0,0.0,0.0,0.0,0
137.75,B_DIM7_inv0,B_DIM7_inv0,0.0,0.0,0.0,0
137.83333333333334,B_DIM7_inv0,B_DIM7_inv0,0.0,0.0,0.0,0
137.91666666666666,B_DIM7_inv0,B_DIM7_inv0,0.0,0.0,0.0,0
138.0,C_MINOR_inv0,C_MINOR_inv0,0.0,0.0,0.0,0
139.0,D_DIMINISHED_inv1,D_DIMINISHED_inv1,0.0,0.0,0.0,0
139.08333333333334,D_DIMINISHED_inv1,D_DIMINISHED_inv1,0.0,0.0,0.0,0
139.16666666666666,D_DIMINISHED_inv1,D_DIMINISHED_inv1,0.0,0.0,0.0,0
139.25,D_DIMINISHED_inv1,D_DIMINISHED_inv1,0.0,0.0,0.0,0
139.33333333333334,D_DIMINISHED_inv1,D_DIMINISHED_inv1,0.0,0.0,0.0,0
139.41666666666666,D_DIMINISHED_inv1,D_DIMINISHED_inv1,0.0,0.0,0.0,0
139.5,G_MAJOR_inv0,C_MINOR_inv2,0.5012027609886334,2.0,0.5714285714285714,1
140.5,G_MAJOR_inv0,G_MAJ_MIN7_inv0,0.034780245091321715,2.0,0.125,1
140.58333333333334,G_MAJOR_inv0,G_MAJ_MIN7_inv0,0.034780245091321715,2.0,0.125,1
140.66666666666666,G_MAJOR_inv0,G_MAJ_MIN7_inv0,0.034780245091321715,2.0,0.125,1
140.75,G_MAJ_MIN7_inv0,G_MAJ_MIN7_inv0,0.0,0.0,0.0,0
140.83333333333334,G_MAJ_MIN7_inv0,G_MAJ_MIN7_inv0,0.0,0.0,0.0,0
140.91666666666666,G_MAJ_MIN7_inv0,G_MAJ_MIN7_inv0,0.0,0.0,0.0,0
141.0,C_MINOR_inv0,C_MINOR_inv0,0.0,0.0,0.0,0
142.5,Db_MAJOR_inv0,Gb_MAJOR_inv2,0.2374750505436678,3.0,0.5714285714285714,1
143.25,Db_MAJ_MIN7_inv3,Db_MAJ_MIN7_inv3,0.0,0.0,0.0,0
143.5,Db_MAJ_MIN7_inv3,Db_MAJ_MIN7_inv3,0.0,0.0,0.0,0
143.75,Db_MAJ_MIN7_inv3,Db_MAJ_MIN7_inv3,0.0,0.0,0.0,0
144.0,Gb_MAJOR_inv1,Gb_MAJOR_inv1,0.0,0.0,0.0,0
144.5,Gb_MAJOR_inv1,Gb_MAJOR_inv1,0.0,0.0,0.0,0
144.75,Db_MAJ_MIN7_inv2,F_HALF_DIM7_inv1,0.0676507511682024,2.0,0.375,1
145.0,F_HALF_DIM7_inv1,F_HALF_DIM7_inv1,0.0,0.0,0.0,0
145.25,F_DIMINISHED_inv1,F_HALF_DIM7_inv1,0.02635814970444106,2.0,0.125,1
145.5,Gb_MAJOR_inv0,Gb_MAJOR_inv0,0.0,0.0,0.0,0
145.75,Gb_MAJOR_inv0,Gb_MAJOR_inv0,0.0,0.0,0.0,0
146.0,Gb_MAJOR_inv0,Gb_MAJOR_inv0,0.0,0.0,0.0,0
146.25,Db_MAJ_MIN7_inv3,Db_MAJ_MIN7_inv3,0.0,0.0,0.0,0
146.5,Db_MAJ_MIN7_inv3,Db_MAJ_MIN7_inv3,0.0,0.0,0.0,0
146.75,Db_MAJ_MIN7_inv3,Db_MAJ_MIN7_inv3,0.0,0.0,0.0,0
147.0,Gb_MAJOR_inv1,Gb_MAJOR_inv1,0.0,0.0,0.0,0
147.5,Gb_MAJOR_inv1,Gb_MAJOR_inv1,0.0,0.0,0.0,0
147.75,Db_MAJ_MIN7_inv2,F_HALF_DIM7_inv1,0.0676507511682024,2.0,0.375,1
148.0,F_HALF_DIM7_inv1,F_HALF_DIM7_inv1,0.0,0.0,0.0,0
148.25,F_DIMINISHED_inv1,F_HALF_DIM7_inv1,0.02635814970444106,2.0,0.125,1
148.5,Gb_MAJOR_inv0,Gb_MAJOR_inv0,0.0,0.0,0.0,0
148.75,Gb_MAJOR_inv0,Gb_MAJOR_inv0,0.0,0.0,0.0,0
149.0,Gb_MAJOR_inv0,Gb_MAJOR_inv0,0.0,0.0,0.0,0
149.25,Bb_MAJ_MIN7_inv3,Bb_MAJ_MIN7_inv3,0.0,0.0,0.0,0
149.5,Bb_MAJ_MIN7_inv3,Bb_MAJ_MIN7_inv3,0.0,0.0,0.0,0
149.75,Bb_MAJ_MIN7_inv3,Bb_MAJ_MIN7_inv3,0.0,0.0,0.0,0
150.0,Eb_MINOR_inv1,Eb_MINOR_inv1,0.0,0.0,0.0,0
150.5,Eb_MINOR_inv1,Eb_MINOR_inv1,0.0,0.0,0.0,0
150.75,Bb_MAJ_MIN7_inv2,D_DIM7_inv1,0.24086852689521987,1.0,0.375,1
151.0,D_DIM7_inv1,D_DIM7_inv1,0.0,0.0,0.0,0
151.25,D_DIMINISHED_inv1,D_DIM7_inv1,0.04941768653545087,3.0,0.125,1
151.5,Eb_MINOR_inv0,Eb_MINOR_inv0,0.0,0.0,0.0,0
151.75,Eb_MINOR_inv0,Eb_MINOR_inv0,0.0,0.0,0.0,0
152.0,Eb_MINOR_inv0,Eb_MINOR_inv0,0.0,0.0,0.0,0
152.25,G_MAJOR_inv0,B_MAJOR_inv0,0.4466270604252489,14.0,0.8571428571428572,1
152.5,B_MAJOR_inv1,B_MAJOR_inv0,0.16321589010460846,12.0,0.2857142857142857,1
152.75,B_MAJOR_inv1,B_MAJOR_inv0,0.16321589010460846,12.0,0.2857142857142857,1
153.0,C_MAJOR_inv0,C_MAJOR_inv0,0.0,0.0,0.0,0
153.25,C_MAJOR_inv0,C_MAJOR_inv0,0.0,0.0,0.0,0
153.5,C_MAJOR_inv0,C_MAJOR_inv0,0.0,0.0,0.0,0
153.75,B_DIM7_inv0,B_DIM7_inv0,0.0,0.0,0.0,0
154.0,B_DIM7_inv0,B_DIM7_inv0,0.0,0.0,0.0,0
154.25,B_DIM7_inv0,B_DIM7_inv0,0.0,0.0,0.0,0
154.5,C_MAJOR_inv0,C_MAJOR_inv0,0.0,0.0,0.0,0
154.75,C_MAJOR_inv0,C_MAJOR_inv0,0.0,0.0,0.0,0
155.0,Ab_MAJOR_inv1,C_MAJOR_inv0,0.39723314681372657,2.0,0.5714285714285714,1
155.25,C_MAJ_MIN7_inv0,C_MAJ_MIN7_inv0,0.0,0.0,0.0,0
155.5,Ab_MAJOR_inv1,C_MAJ_MIN7_inv0,0.39911636358253466,4.0,0.625,1
155.75,D_DIMINISHED_inv0,C_MAJ_MIN7_inv0,0.8927799942535156,10.0,1.0,1
156.0,Eb_MAJOR_inv1,F_MINOR_inv2,0.8903389597651994,20.0,1.0,1
156.25,C_MAJOR_inv0,F_MINOR_inv2,0.33463898431495,2.0,0.5714285714285714,1
156.5,F_MINOR_inv0,F_MINOR_inv2,0.12057585623396139,15.0,0.2857142857142857,1
156.75,C_MAJOR_inv0,C_MAJ_MIN7_inv0,0.00602463283347876,2.0,0.125,1
157.0,Bb_MAJOR_inv1,C_MAJ_MIN7_inv0,0.38010069110026234,9.0,0.875,1
157.25,C_MAJ_MIN7_inv0,C_MAJ_MIN7_inv0,0.0,0.0,0.0,0
157.5,F_MAJOR_inv0,F_MAJOR_inv2,0.11664365071248606,15.0,0.2857142857142857,1
157.75,F_MAJOR_inv0,F_MAJOR_inv2,0.11664365071248606,15.0,0.2857142857142857,1
158.0,F_MAJOR_inv1,F_MAJOR_inv2,0.025840975994632198,9.0,0.2857142857142857,1
158.25,C_MAJ_MIN7_inv0,C_MAJ_MIN7_inv0,0.0,0.0,0.0,0
158.375,C_MAJ_MIN7_inv0,C_MAJ_MIN7_inv0,0.0,0.0,0.0,0
158.5,D_MAJOR_inv1,C_MAJ_MIN7_inv0,0.8744514237079821,24.0,1.0,1
158.625,D_MAJOR_inv1,C_MAJ_MIN7_inv0,0.8744514237079821,24.0,1.0,1
158.75,G_MINOR_inv0,C_MAJ_MIN7_inv0,0.363180062881433,19.0,0.75,1
158.875,G_MINOR_inv0,C_MAJ_MIN7_inv0,0.363180062881433,19.0,0.75,1
159.0,Eb_MAJOR_inv1,F_MAJOR_inv2,0.8883336066946875,21.0,1.0,1
159.125,Eb_MAJOR_inv1,F_MAJOR_inv2,0.8883336066946875,21.0,1.0,1
159.25,A_MINOR_inv1,F_MAJOR_inv2,0.2851112475719896,1.0,0.4285714285714286,1
159.375,A_MINOR_inv1,F_MAJOR_inv2,0.2851112475719896,1.0,0.4285714285714286,1
159.5,F_MAJOR_inv0,F_MAJOR_inv2,0.11664365071248606,15.0,0.2857142857142857,1
159.625,F_MAJOR_inv0,F_MAJOR_inv2,0.11664365071248606,15.0,0.2857142857142857,1
159.75,C_MAJ_MIN7_inv0,C_MAJ_MIN7_inv0,0.0,0.0,0.0,0
159.875,C_MAJ_MIN7_inv0,C_MAJ_MIN7_inv0,0.0,0.0,0.0,0
160.0,Bb_MAJOR_inv1,C_MAJ_MIN7_inv0,0.38010069110026234,9.0,0.875,1
160.125,Bb_MAJOR_inv1,C_MAJ_MIN7_inv0,0.38010069110026234,9.0,0.875,1
160.25,C_MAJ_MIN7_inv0,C_MAJ_MIN7_inv0,0.0,0.0,0.0,0
160.375,C_MAJ_MIN7_inv0,C_MAJ_MIN7_inv0,0.0,0.0,0.0,0
160.5,F_MAJOR_inv0,F_MAJOR_inv0,0.0,0.0,0.0,0
160.625,F_MAJOR_inv0,F_MAJOR_inv0,0.0,0.0,0.0,0
160.75,F_MAJOR_inv1,F_MAJOR_inv0,0.09354373826803242,12.0,0.2857142857142857,1
160.875,F_MAJOR_inv1,F_MAJOR_inv0,0.09354373826803242,12.0,0.2857142857142857,1
161.0,F_MAJOR_inv0,F_MAJOR_inv0,0.0,0.0,0.0,0
161.125,F_MAJOR_inv0,F_MAJOR_inv0,0.0,0.0,0.0,0
161.25,F_MAJOR_inv0,F_MAJOR_inv0,0.0,0.0,0.0,0
161.375,F_MAJOR_inv0,F_MAJOR_inv0,0.0,0.0,0.0,0
161.5,F_MAJOR_inv0,F_MAJOR_inv0,0.0,0.0,0.0,0
161.625,F_MAJOR_inv0,F_MAJOR_inv0,0.0,0.0,0.0,0
161.75,F_MAJOR_inv1,F_MAJOR_inv0,0.09354373826803242,12.0,0.2857142857142857,1
161.875,F_MAJOR_inv1,F_MAJOR_inv0,0.09354373826803242,12.0,0.2857142857142857,1
162.0,C_MAJOR_inv2,C_MAJ_MIN7_inv2,0.07258454488963084,2.0,0.125,1
162.125,C_MAJOR_inv2,C_MAJ_MIN7_inv2,0.07258454488963084,2.0,0.125,1
162.25,F_MAJOR_inv1,C_MAJ_MIN7_inv2,0.5309425640897011,10.0,0.875,1
162.375,F_MAJOR_inv1,C_MAJ_MIN7_inv2,0.5309425640897011,10.0,0.875,1
162.5,C_MAJ_MIN7_inv3,C_MAJ_MIN7_inv2,0.024505905233101255,9.0,0.25,1
162.625,C_MAJ_MIN7_inv3,C_MAJ_MIN7_inv2,0.024505905233101255,9.0,0.25,1
162.75,C_MAJOR_inv2,C_MAJ_MIN7_inv2,0.07258454488963084,2.0,0.125,1
162.875,C_MAJOR_inv2,C_MAJ_MIN7_inv2,0.07258454488963084,2.0,0.125,1
163.0,F_MAJOR_inv1,C_MAJ_MIN7_inv2,0.5309425640897011,10.0,0.875,1
163.125,F_MAJOR_inv1,C_MAJ_MIN7_inv2,0.5309425640897011,10.0,0.875,1
163.25,C_MAJ_MIN7_inv3,C_MAJ_MIN7_inv2,0.024505905233101255,9.0,0.25,1
163.375,C_MAJ_MIN7_inv3,C_MAJ_MIN7_inv2,0.024505905233101255,9.0,0.25,1
163.5,C_MAJOR_inv1,C_MAJ_MIN7_inv1,0.05376711257658895,2.0,0.125,1
163.625,C_MAJOR_inv1,C_MAJ_MIN7_inv1,0.05376711257658895,2.0,0.125,1
163.75,C_MAJOR_inv2,C_MAJ_MIN7_inv1,0.3114959521884574,11.0,0.375,1
163.875,C_MAJOR_inv2,C_MAJ_MIN7_inv1,0.3114959521884574,11.0,0.375,1
164.0,F_MAJOR_inv0,C_MAJ_MIN7_inv1,0.5086395004521931,6.0,0.875,1
164.125,F_MAJOR_inv0,C_MAJ_MIN7_inv1,0.5086395004521931,6.0,0.875,1
164.25,C_MAJOR_inv1,C_MAJ_MIN7_inv1,0.05376711257658895,2.0,0.125,1
164.375,C_MAJOR_inv1,C_MAJ_MIN7_inv1,0.05376711257658895,2.0,0.125,1
164.41666666666666,C_MAJOR_inv1,C_MAJ_MIN7_inv1,0.05376711257658895,2.0,0.125,1
164.45833333333334,C_MAJOR_inv1,C_MAJ_MIN7_inv1,0.05376711257658895,2.0,0.125,1
164.5,F_MAJOR_inv0,C_MAJ_MIN7_inv1,0.5086395004521931,6.0,0.875,1
164.625,F_MAJOR_inv0,C_MAJ_MIN7_inv1,0.5086395004521931,6.0,0.875,1
164.75,C_MAJ_MIN7_inv2,C_MAJ_MIN7_inv1,0.08963813872124005,9.0,0.25,1
164.875,C_MAJ_MIN7_inv2,C_MAJ_MIN7_inv1,0.08963813872124005,9.0,0.25,1
165.0,F_MAJOR_inv0,F_MAJOR_inv0,0.0,0.0,0.0,0
165.125,F_MAJOR_inv0,F_MAJOR_inv0,0.0,0.0,0.0,0
165.25,C_MAJ_MIN7_inv2,F_MAJOR_inv0,0.5233951880832675,10.0,0.875,1
165.375,C_MAJ_MIN7_inv2,F_MAJOR_inv0,0.5233951880832675,10.0,0.875,1
165.5,F_MAJOR_inv1,F_MAJOR_inv0,0.09354373826803242,12.0,0.2857142857142857,1
165.625,F_MAJOR_inv1,F_MAJOR_inv0,0.09354373826803242,12.0,0.2857142857142857,1
165.75,F_MAJOR_inv0,F_MAJOR_inv0,0.0,0.0,0.0,0
165.875,F_MAJOR_inv0,F_MAJOR_inv0,0.0,0.0,0.0,0
166.0,C_MAJOR_inv2,F_MAJOR_inv0,0.41164695474906465,9.0,0.8571428571428572,1
166.125,C_MAJOR_inv2,F_MAJOR_inv0,0.41164695474906465,9.0,0.8571428571428572,1
166.25,F_MAJOR_inv1,F_MAJOR_inv0,0.09354373826803242,12.0,0.2857142857142857,1
166.375,F_MAJOR_inv1,F_MAJOR_inv0,0.09354373826803242,12.0,0.2857142857142857,1
166.5,F_MAJOR_inv0,F_MAJOR_inv0,0.0,0.0,0.0,0
166.625,F_MAJOR_inv0,F_MAJOR_inv0,0.0,0.0,0.0,0
166.75,F_MAJOR_inv1,F_MAJOR_inv0,0.09354373826803242,12.0,0.2857142857142857,1
166.875,F_MAJOR_inv1,F_MAJOR_inv0,0.09354373826803242,12.0,0.2857142857142857,1
167.0,F_MAJOR_inv0,F_MAJOR_inv0,0.0,0.0,0.0,0
167.125,F_MAJOR_inv0,F_MAJOR_inv0,0.0,0.0,0.0,0
167.25,F_MAJOR_inv0,F_MAJOR_inv0,0.0,0.0,0.0,0
167.375,F_MAJOR_inv0,F_MAJOR_inv0,0.0,0.0,0.0,0
167.5,F_MAJOR_inv1,F_MAJOR_inv0,0.09354373826803242,12.0,0.2857142857142857,1
167.625,F_MAJOR_inv1,F_MAJOR_inv0,0.09354373826803242,12.0,0.2857142857142857,1
167.75,F_MAJOR_inv0,F_MAJOR_inv0,0.0,0.0,0.0,0
167.875,F_MAJOR_inv0,F_MAJOR_inv0,0.0,0.0,0.0,0
168.0,C_MAJOR_inv2,C_MAJ_MIN7_inv2,0.07258454488963084,2.0,0.125,1
168.125,C_MAJOR_inv2,C_MAJ_MIN7_inv2,0.07258454488963084,2.0,0.125,1
168.25,C_MAJ_MIN7_inv3,C_MAJ_MIN7_inv2,0.024505905233101255,9.0,0.25,1
168.375,C_MAJ_MIN7_inv3,C_MAJ_MIN7_inv2,0.024505905233101255,9.0,0.25,1
168.5,C_MAJOR_inv2,C_MAJ_MIN7_inv2,0.07258454488963084,2.0,0.125,1
168.625,C_MAJOR_inv2,C_MAJ_MIN7_inv2,0.07258454488963084,2.0,0.125,1
168.75,C_MAJOR_inv2,C_MAJ_MIN7_inv2,0.07258454488963084,2.0,0.125,1
168.875,C_MAJOR_inv2,C_MAJ_MIN7_inv2,0.07258454488963084,2.0,0.125,1
169.0,C_MAJ_MIN7_inv3,C_MAJ_MIN7_inv2,0.024505905233101255,9.0,0.25,1
169.125,C_MAJ_MIN7_inv3,C_MAJ_MIN7_inv2,0.024505905233101255,9.0,0.25,1
169.25,C_MAJOR_inv2,C_MAJ_MIN7_inv2,0.07258454488963084,2.0,0.125,1
169.375,C_MAJOR_inv2,C_MAJ_MIN7_inv2,0.07258454488963084,2.0,0.125,1
169.5,C_MAJOR_inv1,C_MAJ_MIN7_inv1,0.05376711257658895,2.0,0.125,1
169.625,C_MAJOR_inv1,C_MAJ_MIN7_inv1,0.05376711257658895,2.0,0.125,1
169.75,C_MAJOR_inv2,C_MAJ_MIN7_inv1,0.3114959521884574,11.0,0.375,1
169.875,C_MAJOR_inv2,C_MAJ_MIN7_inv1,0.3114959521884574,11.0,0.375,1
170.0,C_MAJOR_inv1,C_MAJ_MIN7_inv1,0.05376711257658895,2.0,0.125,1
170.125,C_MAJOR_inv1,C_MAJ_MIN7_inv1,0.05376711257658895,2.0,0.125,1
170.25,C_MAJ_MIN7_inv1,C_MAJ_MIN7_inv1,0.0,0.0,0.0,0
170.375,C_MAJ_MIN7_inv1,C_MAJ_MIN7_inv1,0.0,0.0,0.0,0
170.5,C_MAJOR_inv2,C_MAJ_MIN7_inv1,0.3114959521884574,11.0,0.375,1
170.625,C_MAJOR_inv2,C_MAJ_MIN7_inv1,0.3114959521884574,11.0,0.375,1
170.75,C_MAJOR_inv1,C_MAJ_MIN7_inv1,0.05376711257658895,2.0,0.125,1
170.875,C_MAJOR_inv1,C_MAJ_MIN7_inv1,0.05376711257658895,2.0,0.125,1
171.0,F_MINOR_inv0,F_MINOR_inv0,0.0,0.0,0.0,0
171.125,F_MINOR_inv0,F_MINOR_inv0,0.0,0.0,0.0,0
171.25,F_MINOR_inv0,F_MINOR_inv0,0.0,0.0,0.0,0
171.375,F_MINOR_inv0,F_MINOR_inv0,0.0,0.0,0.0,0
171.5,F_MINOR_inv1,F_MINOR_inv0,0.09069101421628623,9.0,0.2857142857142857,1
171.625,F_MINOR_inv1,F_MINOR_inv0,0.09069101421628623,9.0,0.2857142857142857,1
171.75,F_MINOR_inv0,F_MINOR_inv0,0.0,0.0,0.0,0
171.875,F_MINOR_inv0,F_MINOR_inv0,0.0,0.0,0.0,0
172.0,C_MAJOR_inv2,F_MINOR_inv0,0.4154342472740301,8.0,0.8571428571428572,1
172.125,C_MAJOR_inv2,F_MINOR_inv0,0.4154342472740301,8.0,0.8571428571428572,1
172.25,F_MINOR_inv1,F_MINOR_inv0,0.09069101421628623,9.0,0.2857142857142857,1
172.375,F_MINOR_inv1,F_MINOR_inv0,0.09069101421628623,9.0,0.2857142857142857,1
172.5,G_MAJOR_inv0,C_MINOR_inv2,0.5012027609886334,2.0,0.5714285714285714,1
172.625,G_MAJOR_inv0,C_MINOR_inv2,0.5012027609886334,2.0,0.5714285714285714,1
172.75,C_MINOR_inv0,C_MINOR_inv2,0.03726734388909181,15.0,0.2857142857142857,1
172.875,C_MINOR_inv0,C_MINOR_inv2,0.03726734388909181,15.0,0.2857142857142857,1
173.0,G_MAJOR_inv0,C_MINOR_inv2,0.5012027609886334,2.0,0.5714285714285714,1
173.0625,G_MAJOR_inv0,C_MINOR_inv2,0.5012027609886334,2.0,0.5714285714285714,1
173.125,G_MAJOR_inv0,C_MINOR_inv2,0.5012027609886334,2.0,0.5714285714285714,1
173.1875,G_MAJOR_inv0,C_MINOR_inv2,0.5012027609886334,2.0,0.5714285714285714,1
173.25,G_MAJOR_inv0,G_MAJ_MIN7_inv0,0.034780245091321715,2.0,0.125,1
173.375,G_MAJOR_inv0,G_MAJ_MIN7_inv0,0.034780245091321715,2.0,0.125,1
173.5,B_DIMINISHED_inv0,G_MAJ_MIN7_inv0,0.045117515950028664,14.0,0.625,1
173.625,B_DIMINISHED_inv0,G_MAJ_MIN7_inv0,0.045117515950028664,14.0,0.625,1
173.75,G_MAJOR_inv0,G_MAJ_MIN7_inv0,0.034780245091321715,2.0,0.125,1
173.875,G_MAJOR_inv0,G_MAJ_MIN7_inv0,0.034780245091321715,2.0,0.125,1
174.0,C_MINOR_inv0,C_MINOR_inv0,0.0,0.0,0.0,0
174.125,C_MINOR_inv0,C_MINOR_inv0,0.0,0.0,0.0,0
174.25,C_MINOR_inv1,C_MINOR_inv0,0.1653287987079769,9.0,0.2857142857142857,1
174.375,C_MINOR_inv1,C_MINOR_inv0,0.1653287987079769,9.0,0.2857142857142857,1
174.5,C_MINOR_inv0,C_MINOR_inv0,0.0,0.0,0.0,0
174.625,C_MINOR_inv0,C_MINOR_inv0,0.0,0.0,0.0,0
174.75,C_MINOR_inv0,C_MINOR_inv0,0.0,0.0,0.0,0
174.875,C_MINOR_inv0,C_MINOR_inv0,0.0,0.0,0.0,0
175.0,C_MINOR_inv0,C_MINOR_inv0,0.0,0.0,0.0,0
175.125,C_MINOR_inv0,C_MINOR_inv0,0.0,0.0,0.0,0
175.25,C_MINOR_inv1,C_MINOR_inv0,0.1653287987079769,9.0,0.2857142857142857,1
175.375,C_MINOR_inv1,C_MINOR_inv0,0.1653287987079769,9.0,0.2857142857142857,1
175.5,G_MAJOR_inv2,G_MAJ_MIN7_inv2,0.10662175597550072,2.0,0.125,1
175.625,G_MAJOR_inv2,G_MAJ_MIN7_inv2,0.10662175597550072,2.0,0.125,1
175.75,C_MINOR_inv1,G_MAJ_MIN7_inv2,0.7597720683324332,6.0,0.875,1
175.875,C_MINOR_inv1,G_MAJ_MIN7_inv2,0.7597720683324332,6.0,0.875,1
176.0,G_MAJ_MIN7_inv3,G_MAJ_MIN7_inv2,0.10995053261905874,9.0,0.25,1
176.125,G_MAJ_MIN7_inv3,G_MAJ_MIN7_inv2,0.10995053261905874,9.0,0.25,1
176.25,G_MAJOR_inv2,G_MAJ_MIN7_inv2,0.10662175597550072,2.0,0.125,1
176.375,G_MAJOR_inv2,G_MAJ_MIN7_inv2,0.10662175597550072,2.0,0.125,1
176.5,C_MINOR_inv1,G_MAJ_MIN7_inv2,0.7597720683324332,6.0,0.875,1
176.625,C_MINOR_inv1,G_MAJ_MIN7_inv2,0.7597720683324332,6.0,0.875,1
176.75,G_MAJ_MIN7_inv3,G_MAJ_MIN7_inv2,0.10995053261905874,9.0,0.25,1
176.875,G_MAJ_MIN7_inv3,G_MAJ_MIN7_inv2,0.10995053261905874,9.0,0.25,1
177.0,G_MAJOR_inv1,G_MAJ_MIN7_inv1,0.05764708300084209,2.0,0.125,1
177.125,G_MAJOR_inv1,G_MAJ_MIN7_inv1,0.05764708300084209,2.0,0.125,1
177.25,G_MAJOR_inv2,G_MAJ_MIN7_inv1,0.2614790305208722,11.0,0.375,1
177.375,G_MAJOR_inv2,G_MAJ_MIN7_inv1,0.2614790305208722,11.0,0.375,1
177.5,C_MINOR_inv0,G_MAJ_MIN7_inv1,0.5756525979115379,6.0,0.875,1
177.625,C_MINOR_inv0,G_MAJ_MIN7_inv1,0.5756525979115379,6.0,0.875,1
177.75,G_MAJOR_inv1,G_MAJ_MIN7_inv1,0.05764708300084209,2.0,0.125,1
177.875,G_MAJOR_inv1,G_MAJ_MIN7_inv1,0.05764708300084209,2.0,0.125,1
178.0,C_MINOR_inv0,G_MAJ_MIN7_inv1,0.5756525979115379,6.0,0.875,1
178.125,C_MINOR_inv0,G_MAJ_MIN7_inv1,0.5756525979115379,6.0,0.875,1
178.25,G_MAJ_MIN7_inv2,G_MAJ_MIN7_inv1,0.13189436132661425,9.0,0.25,1
178.375,G_MAJ_MIN7_inv2,G_MAJ_MIN7_inv1,0.13189436132661425,9.0,0.25,1
178.5,C_MINOR_inv0,C_MINOR_inv0,0.0,0.0,0.0,0
178.625,C_MINOR_inv0,C_MINOR_inv0,0.0,0.0,0.0,0
178.75,G_MAJ_MIN7_inv2,C_MINOR_inv0,0.7192093391711871,10.0,0.875,1
178.875,G_MAJ_MIN7_inv2,C_MINOR_inv0,0.7192093391711871,10.0,0.875,1
179.0,C_MINOR_inv1,C_MINOR_inv0,0.1653287987079769,9.0,0.2857142857142857,1
179.125,C_MINOR_inv1,C_MINOR_inv0,0.1653287987079769,9.0,0.2857142857142857,1
179.25,C_MINOR_inv0,C_MINOR_inv0,0.0,0.0,0.0,0
179.375,C_MINOR_inv0,C_MINOR_inv0,0.0,0.0,0.0,0
179.5,G_MAJOR_inv2,C_MINOR_inv0,0.6919806174503131,8.0,0.8571428571428572,1
179.625,G_MAJOR_inv2,C_MINOR_inv0,0.6919806174503131,8.0,0.8571428571428572,1
179.75,C_MINOR_inv1,C_MINOR_inv0,0.1653287987079769,9.0,0.2857142857142857,1
179.875,C_MINOR_inv1,C_MINOR_inv0,0.1653287987079769,9.0,0.2857142857142857,1
180.0,C_MINOR_inv0,C_MINOR_inv0,0.0,0.0,0.0,0
180.125,C_MINOR_inv0,C_MINOR_inv0,0.0,0.0,0.0,0
180.25,C_MINOR_inv1,C_MINOR_inv0,0.1653287987079769,9.0,0.2857142857142857,1
180.375,C_MINOR_inv1,C_MINOR_inv0,0.1653287987079769,9.0,0.2857142857142857,1
180.5,C_MINOR_inv0,C_MINOR_inv0,0.0,0.0,0.0,0
180.625,C_MINOR_inv0,C_MINOR_inv0,0.0,0.0,0.0,0
180.75,C_MINOR_inv0,C_MINOR_inv0,0.0,0.0,0.0,0
180.875,C_MINOR_inv0,C_MINOR_inv0,0.0,0.0,0.0,0
181.0,C_MINOR_inv1,C_MINOR_inv0,0.1653287987079769,9.0,0.2857142857142857,1
181.125,C_MINOR_inv1,C_MINOR_inv0,0.1653287987079769,9.0,0.2857142857142857,1
181.25,C_MINOR_inv0,C_MINOR_inv0,0.0,0.0,0.0,0
181.375,C_MINOR_inv0,C_MINOR_inv0,0.0,0.0,0.0,0
181.5,G_MAJOR_inv2,G_MAJ_MIN7_inv2,0.10662175597550072,2.0,0.125,1
181.625,G_MAJOR_inv2,G_MAJ_MIN7_inv2,0.10662175597550072,2.0,0.125,1
181.75,G_MAJ_MIN7_inv3,G_MAJ_MIN7_inv2,0.10995053261905874,9.0,0.25,1
181.875,G_MAJ_MIN7_inv3,G_MAJ_MIN7_inv2,0.10995053261905874,9.0,0.25,1
182.0,G_MAJOR_inv2,G_MAJ_MIN7_inv2,0.10662175597550072,2.0,0.125,1
182.125,G_MAJOR_inv2,G_MAJ_MIN7_inv2,0.10662175597550072,2.0,0.125,1
182.25,G_MAJOR_inv2,G_MAJ_MIN7_inv2,0.10662175597550072,2.0,0.125,1
182.375,G_MAJOR_inv2,G_MAJ_MIN7_inv2,0.10662175597550072,2.0,0.125,1
182.5,G_MAJ_MIN7_inv3,G_MAJ_MIN7_inv2,0.10995053261905874,9.0,0.25,1
182.625,G_MAJ_MIN7_inv3,G_MAJ_MIN7_inv2,0.10995053261905874,9.0,0.25,1
182.75,G_MAJOR_inv2,G_MAJ_MIN7_inv2,0.10662175597550072,2.0,0.125,1
182.875,G_MAJOR_inv2,G_MAJ_MIN7_inv2,0.10662175597550072,2.0,0.125,1
183.0,G_MAJOR_inv1,G_MAJ_MIN7_inv1,0.05764708300084209,2.0,0.125,1
183.125,G_MAJOR_inv1,G_MAJ_MIN7_inv1,0.05764708300084209,2.0,0.125,1
183.25,G_MAJOR_inv2,G_MAJ_MIN7_inv1,0.2614790305208722,11.0,0.375,1
183.375,G_MAJOR_inv2,G_MAJ_MIN7_inv1,0.2614790305208722,11.0,0.375,1
183.5,G_MAJOR_inv1,G_MAJ_MIN7_inv1,0.05764708300084209,2.0,0.125,1
183.625,G_MAJOR_inv1,G_MAJ_MIN7_inv1,0.05764708300084209,2.0,0.125,1
183.75,G_MAJOR_inv1,G_MAJ_MIN7_inv1,0.05764708300084209,2.0,0.125,1
183.875,G_MAJOR_inv1,G_MAJ_MIN7_inv1,0.05764708300084209,2.0,0.125,1
184.0,G_MAJOR_inv2,G_MAJ_MIN7_inv1,0.2614790305208722,11.0,0.375,1
184.125,G_MAJOR_inv2,G_MAJ_MIN7_inv1,0.2614790305208722,11.0,0.375,1
184.25,G_MAJOR_inv1,G_MAJ_MIN7_inv1,0.05764708300084209,2.0,0.125,1
184.375,G_MAJOR_inv1,G_MAJ_MIN7_inv1,0.05764708300084209,2.0,0.125,1
184.5,C_MINOR_inv0,C_MINOR_inv0,0.0,0.0,0.0,0
184.625,C_MINOR_inv0,C_MINOR_inv0,0.0,0.0,0.0,0
184.75,C_MINOR_inv0,C_MINOR_inv0,0.0,0.0,0.0,0
184.875,C_MINOR_inv0,C_MINOR_inv0,0.0,0.0,0.0,0
185.0,C_MINOR_inv0,C_MINOR_inv0,0.0,0.0,0.0,0
185.125,C_MINOR_inv0,C_MINOR_inv0,0.0,0.0,0.0,0
185.25,C_MAJOR_inv1,C_MAJOR_inv1,0.0,0.0,0.0,0
185.375,C_MAJOR_inv1,C_MAJOR_inv1,0.0,0.0,0.0,0
185.5,F_MINOR_inv0,C_MAJOR_inv1,0.399849850420427,4.0,0.8571428571428572,1
185.625,F_MINOR_inv0,C_MAJOR_inv1,0.399849850420427,4.0,0.8571428571428572,1
185.75,C_MAJOR_inv2,C_MAJOR_inv1,0.14421102009422637,9.0,0.2857142857142857,1
185.875,C_MAJOR_inv2,C_MAJOR_inv1,0.14421102009422637,9.0,0.2857142857142857,1
186.0,F_MINOR_inv0,F_MINOR_inv0,0.0,0.0,0.0,0
186.125,F_MINOR_inv0,F_MINOR_inv0,0.0,0.0,0.0,0
186.25,F_MINOR_inv0,F_MINOR_inv0,0.0,0.0,0.0,0
186.375,F_MINOR_inv0,F_MINOR_inv0,0.0,0.0,0.0,0
186.5,F_MINOR_inv1,F_MINOR_inv0,0.09069101421628623,9.0,0.2857142857142857,1
186.625,F_MINOR_inv1,F_MINOR_inv0,0.09069101421628623,9.0,0.2857142857142857,1
186.75,Gb_DIMINISHED_inv0,Gb_DIMINISHED_inv0,0.0,0.0,0.0,0
186.875,Gb_DIMINISHED_inv0,Gb_DIMINISHED_inv0,0.0,0.0,0.0,0
187.0,Gb_DIMINISHED_inv0,Gb_DIMINISHED_inv0,0.0,0.0,0.0,0
187.125,Gb_DIMINISHED_inv0,Gb_DIMINISHED_inv0,0.0,0.0,0.0,0
187.25,Gb_DIMINISHED_inv1,Gb_DIMINISHED_inv0,0.08548051440973292,9.0,0.2857142857142857,1
187.375,Gb_DIMINISHED_inv1,Gb_DIMINISHED_inv0,0.08548051440973292,9.0,0.2857142857142857,1
187.5,G_MAJOR_inv0,C_MINOR_inv2,0.5012027609886334,2.0,0.5714285714285714,1
187.625,G_MAJOR_inv0,C_MINOR_inv2,0.5012027609886334,2.0,0.5714285714285714,1
187.75,C_MINOR_inv0,C_MINOR_inv2,0.03726734388909181,15.0,0.2857142857142857,1
187.875,C_MINOR_inv0,C_MINOR_inv2,0.03726734388909181,15.0,0.2857142857142857,1
188.0,G_MAJOR_inv0,C_MINOR_inv2,0.5012027609886334,2.0,0.5714285714285714,1
188.125,G_MAJOR_inv0,C_MINOR_inv2,0.5012027609886334,2.0,0.5714285714285714,1
188.25,G_MAJ_MIN7_inv0,G_MAJ_MIN7_inv0,0.0,0.0,0.0,0
188.375,G_MAJ_MIN7_inv0,G_MAJ_MIN7_inv0,0.0,0.0,0.0,0
188.5,B_DIMINISHED_inv0,G_MAJ_MIN7_inv0,0.045117515950028664,14.0,0.625,1
188.625,B_DIMINISHED_inv0,G_MAJ_MIN7_inv0,0.045117515950028664,14.0,0.625,1
188.75,G_MAJ_MIN7_inv0,G_MAJ_MIN7_inv0,0.0,0.0,0.0,0
188.875,G_MAJ_MIN7_inv0,G_MAJ_MIN7_inv0,0.0,0.0,0.0,0
189.0,C_MINOR_inv0,C_MINOR_inv0,0.0,0.0,0.0,0
189.125,C_MINOR_inv0,C_MINOR_inv0,0.0,0.0,0.0,0
189.25,C_MINOR_inv2,C_MINOR_inv0,0.03726734388909181,15.0,0.2857142857142857,1
189.375,C_MINOR_inv2,C_MINOR_inv0,0.03726734388909181,15.0,0.2857142857142857,1
189.5,C_MINOR_inv0,C_MINOR_inv0,0.0,0.0,0.0,0
189.625,C_MINOR_inv0,C_MINOR_inv0,0.0,0.0,0.0,0
189.75,C_MINOR_inv1,C_MINOR_inv0,0.1653287987079769,9.0,0.2857142857142857,1
189.875,C_MINOR_inv1,C_MINOR_inv0,0.1653287987079769,9.0,0.2857142857142857,1
190.0,C_MINOR_inv2,C_MINOR_inv0,0.03726734388909181,15.0,0.2857142857142857,1
190.125,C_MINOR_inv2,C_MINOR_inv0,0.03726734388909181,15.0,0.2857142857142857,1
190.25,C_MINOR_inv1,C_MINOR_inv0,0.1653287987079769,9.0,0.2857142857142857,1
190.375,C_MINOR_inv1,C_MINOR_inv0,0.1653287987079769,9.0,0.2857142857142857,1
190.5,C_MINOR_inv1,C_MINOR_inv1,0.0,0.0,0.0,0
190.625,C_MINOR_inv1,C_MINOR_inv1,0.0,0.0,0.0,0
190.75,F_MINOR_inv0,C_MINOR_inv1,0.3304975524437551,7.0,0.8571428571428572,1
190.875,F_MINOR_inv0,C_MINOR_inv1,0.3304975524437551,7.0,0.8571428571428572,1
191.0,C_MINOR_inv2,C_MINOR_inv1,0.1460348281658721,12.0,0.2857142857142857,1
191.125,C_MINOR_inv2,C_MINOR_inv1,0.1460348281658721,12.0,0.2857142857142857,1
191.25,C_MAJOR_inv1,C_MAJOR_inv1,0.0,0.0,0.0,0
191.375,C_MAJOR_inv1,C_MAJOR_inv1,0.0,0.0,0.0,0
191.5,F_MINOR_inv0,C_MAJOR_inv1,0.399849850420427,4.0,0.8571428571428572,1
191.625,F_MINOR_inv0,C_MAJOR_inv1,0.399849850420427,4.0,0.8571428571428572,1
191.75,C_MAJOR_inv2,C_MAJOR_inv1,0.14421102009422637,9.0,0.2857142857142857,1
191.875,C_MAJOR_inv2,C_MAJOR_inv1,0.14421102009422637,9.0,0.2857142857142857,1
192.0,F_MINOR_inv0,F_MINOR_inv0,0.0,0.0,0.0,0
192.125,F_MINOR_inv0,F_MINOR_inv0,0.0,0.0,0.0,0
192.25,F_MINOR_inv0,F_MINOR_inv0,0.0,0.0,0.0,0
192.375,F_MINOR_inv0,F_MINOR_inv0,0.0,0.0,0.0,0
192.5,F_MINOR_inv1,F_MINOR_inv0,0.09069101421628623,9.0,0.2857142857142857,1
192.625,F_MINOR_inv1,F_MINOR_inv0,0.09069101421628623,9.0,0.2857142857142857,1
192.75,Gb_DIMINISHED_inv0,Gb_DIMINISHED_inv0,0.0,0.0,0.0,0
192.875,Gb_DIMINISHED_inv0,Gb_DIMINISHED_inv0,0.0,0.0,0.0,0
193.0,Gb_DIMINISHED_inv0,Gb_DIMINISHED_inv0,0.0,0.0,0.0,0
193.125,Gb_DIMINISHED_inv0,Gb_DIMINISHED_inv0,0.0,0.0,0.0,0
193.25,Gb_DIMINISHED_inv1,Gb_DIMINISHED_inv0,0.08548051440973292,9.0,0.2857142857142857,1
193.375,Gb_DIMINISHED_inv1,Gb_DIMINISHED_inv0,0.08548051440973292,9.0,0.2857142857142857,1
193.5,G_MAJOR_inv0,C_MINOR_inv2,0.5012027609886334,2.0,0.5714285714285714,1
193.625,G_MAJOR_inv0,C_MINOR_inv2,0.5012027609886334,2.0,0.5714285714285714,1
193.75,G_MAJOR_inv0,C_MINOR_inv2,0.5012027609886334,2.0,0.5714285714285714,1
193.875,G_MAJOR_inv0,C_MINOR_inv2,0.5012027609886334,2.0,0.5714285714285714,1
194.0,G_MAJOR_inv0,C_MINOR_inv2,0.5012027609886334,2.0,0.5714285714285714,1
194.125,G_MAJOR_inv0,C_MINOR_inv2,0.5012027609886334,2.0,0.5714285714285714,1
194.25,Ab_MAJOR_inv0,F_MINOR_inv1,0.13631816655208062,2.0,0.4285714285714286,1
194.375,Ab_MAJOR_inv0,F_MINOR_inv1,0.13631816655208062,2.0,0.4285714285714286,1
194.5,Ab_MAJOR_inv0,F_MINOR_inv1,0.13631816655208062,2.0,0.4285714285714286,1
194.625,Ab_MAJOR_inv0,F_MINOR_inv1,0.13631816655208062,2.0,0.4285714285714286,1
194.75,Gb_DIMINISHED_inv0,F_MINOR_inv1,0.40073780765477707,8.0,0.8571428571428572,1
194.875,Gb_DIMINISHED_inv0,F_MINOR_inv1,0.40073780765477707,8.0,0.8571428571428572,1
195.0,G_MAJOR_inv0,C_MINOR_inv2,0.5012027609886334,2.0,0.5714285714285714,1
195.125,G_MAJOR_inv0,C_MINOR_inv2,0.5012027609886334,2.0,0.5714285714285714,1
195.25,G_MAJOR_inv0,C_MINOR_inv2,0.5012027609886334,2.0,0.5714285714285714,1
195.375,G_MAJOR_inv0,C_MINOR_inv2,0.5012027609886334,2.0,0.5714285714285714,1
195.5,C_MAJOR_inv1,C_MINOR_inv2,0.329637404755875,10.0,0.4285714285714286,1
195.625,C_MAJOR_inv1,C_MINOR_inv2,0.329637404755875,10.0,0.4285714285714286,1
195.75,F_MINOR_inv0,F_MINOR_inv0,0.0,0.0,0.0,0
195.875,F_MINOR_inv0,F_MINOR_inv0,0.0,0.0,0.0,0
196.0,F_MINOR_inv1,F_MINOR_inv0,0.09069101421628623,9.0,0.2857142857142857,1
196.125,F_MINOR_inv1,F_MINOR_inv0,0.09069101421628623,9.0,0.2857142857142857,1
196.25,Gb_DIMINISHED_inv0,F_MINOR_inv0,0.34849432162231664,4.0,0.8571428571428572,1
196.375,Gb_DIMINISHED_inv0,F_MINOR_inv0,0.34849432162231664,4.0,0.8571428571428572,1
196.5,G_MAJOR_inv0,C_MINOR_inv2,0.5012027609886334,2.0,0.5714285714285714,1
196.75,G_MAJOR_inv0,C_MINOR_inv2,0.5012027609886334,2.0,0.5714285714285714,1
196.9375,G_MAJOR_inv0,C_MINOR_inv2,0.5012027609886334,2.0,0.5714285714285714,1
197.0,C_MINOR_inv0,C_MINOR_inv2,0.03726734388909181,15.0,0.2857142857142857,1
197.1875,C_MINOR_inv0,C_MINOR_inv2,0.03726734388909181,15.0,0.2857142857142857,1
197.25,Gb_MAJOR_inv1,Gb_MAJOR_inv0,0.05350264033337482,12.0,0.2857142857142857,1
197.5,Gb_MAJOR_inv1,Gb_MAJOR_inv0,0.05350264033337482,12.0,0.2857142857142857,1
197.6875,Gb_MAJOR_inv1,Gb_MAJOR_inv0,0.05350264033337482,12.0,0.2857142857142857,1
197.75,Gb_MAJOR_inv1,Gb_MAJOR_inv0,0.05350264033337482,12.0,0.2857142857142857,1
197.9375,Gb_MAJOR_inv1,Gb_MAJOR_inv0,0.05350264033337482,12.0,0.2857142857142857,1
198.0,G_MAJOR_inv0,C_MINOR_inv2,0.5012027609886334,2.0,0.5714285714285714,1
198.25,G_MAJOR_inv0,C_MINOR_inv2,0.5012027609886334,2.0,0.5714285714285714,1
198.4375,G_MAJOR_inv0,C_MINOR_inv2,0.5012027609886334,2.0,0.5714285714285714,1
198.5,C_MINOR_inv0,C_MINOR_inv2,0.03726734388909181,15.0,0.2857142857142857,1
198.6875,C_MINOR_inv0,C_MINOR_inv2,0.03726734388909181,15.0,0.2857142857142857,1
198.75,Gb_DIM7_inv0,Gb_DIM7_inv0,0.0,0.0,0.0,0
199.0,Gb_DIM7_inv0,Gb_DIM7_inv0,0.0,0.0,0.0,0
199.1875,Gb_DIM7_inv0,Gb_DIM7_inv0,0.0,0.0,0.0,0
199.25,C_MINOR_inv0,Gb_DIM7_inv0,0.19314918167365525,21.0,0.75,1
199.4375,C_MINOR_inv0,Gb_DIM7_inv0,0.19314918167365525,21.0,0.75,1
199.5,G_MAJOR_inv0,C_MINOR_inv2,0.5012027609886334,2.0,0.5714285714285714,1
199.75,G_MAJOR_inv0,C_MINOR_inv2,0.5012027609886334,2.0,0.5714285714285714,1
199.875,G_MAJOR_inv0,C_MINOR_inv2,0.5012027609886334,2.0,0.5714285714285714,1
200.0,C_MINOR_inv0,C_MINOR_inv2,0.03726734388909181,15.0,0.2857142857142857,1
200.125,C_MINOR_inv0,C_MINOR_inv2,0.03726734388909181,15.0,0.2857142857142857,1
200.25,G_MAJOR_inv0,C_MINOR_inv2,0.5012027609886334,2.0,0.5714285714285714,1
200.375,G_MAJOR_inv0,C_MINOR_inv2,0.5012027609886334,2.0,0.5714285714285714,1
200.5,C_MINOR_inv1,C_MINOR_inv2,0.1460348281658721,12.0,0.2857142857142857,1
200.625,C_MINOR_inv1,C_MINOR_inv2,0.1460348281658721,12.0,0.2857142857142857,1
200.75,C_MINOR_inv0,C_MINOR_inv2,0.03726734388909181,15.0,0.2857142857142857,1
200.875,C_MINOR_inv0,C_MINOR_inv2,0.03726734388909181,15.0,0.2857142857142857,1
201.0,G_MAJOR_inv0,C_MINOR_inv2,0.5012027609886334,2.0,0.5714285714285714,1
201.125,G_MAJOR_inv0,C_MINOR_inv2,0.5012027609886334,2.0,0.5714285714285714,1
201.25,C_MINOR_inv1,C_MINOR_inv2,0.1460348281658721,12.0,0.2857142857142857,1
201.375,C_MINOR_inv1,C_MINOR_inv2,0.1460348281658721,12.0,0.2857142857142857,1
201.5,C_MINOR_inv0,C_MINOR_inv2,0.03726734388909181,15.0,0.2857142857142857,1
201.625,C_MINOR_inv0,C_MINOR_inv2,0.03726734388909181,15.0,0.2857142857142857,1
201.75,G_MAJOR_inv0,G_MAJ_MIN7_inv0,0.034780245091321715,2.0,0.125,1
202.25,G_MAJ_MIN7_inv0,G_MAJ_MIN7_inv0,0.0,0.0,0.0,0
202.5,C_MINOR_inv0,C_MINOR_inv0,0.0,0.0,0.0,0
202.75,G_MAJOR_inv0,C_MINOR_inv0,0.6342779456344596,17.0,0.8571428571428572,1
203.0,G_MAJOR_inv0,C_MINOR_inv0,0.6342779456344596,17.0,0.8571428571428572,1
203.25,G_MAJ_MIN7_inv3,G_MAJ_MIN7_inv3,0.0,0.0,0.0,0
203.5,G_MAJ_MIN7_inv2,G_MAJ_MIN7_inv3,0.10995053261905874,9.0,0.25,1
203.75,G_MAJ_MIN7_inv2,G_MAJ_MIN7_inv3,0.10995053261905874,9.0,0.25,1
204.0,C_MINOR_inv0,C_MINOR_inv0,0.0,0.0,0.0,0
204.25,C_MINOR_inv1,C_MINOR_inv0,0.1653287987079769,9.0,0.2857142857142857,1
204.5,C_MINOR_inv2,C_MINOR_inv0,0.03726734388909181,15.0,0.2857142857142857,1
204.75,G_MAJOR_inv0,G_MAJ_MIN7_inv0,0.034780245091321715,2.0,0.125,1
205.0,B_DIMINISHED_inv1,G_MAJ_MIN7_inv0,0.18952975380502157,17.0,0.625,1
205.25,G_MAJ_MIN7_inv0,G_MAJ_MIN7_inv0,0.0,0.0,0.0,0
205.5,C_MINOR_inv0,C_MINOR_inv0,0.0,0.0,0.0,0
205.75,C_MINOR_inv2,C_MINOR_inv0,0.03726734388909181,15.0,0.2857142857142857,1
206.0,C_MINOR_inv2,C_MINOR_inv0,0.03726734388909181,15.0,0.2857142857142857,1
206.25,G_MAJ_MIN7_inv3,G_MAJ_MIN7_inv3,0.0,0.0,0.0,0
206.5,G_MAJ_MIN7_inv2,G_MAJ_MIN7_inv3,0.10995053261905874,9.0,0.25,1
206.75,G_MAJ_MIN7_inv2,G_MAJ_MIN7_inv3,0.10995053261905874,9.0,0.25,1
207.0,C_MINOR_inv0,C_MINOR_inv0,0.0,0.0,0.0,0
207.25,C_MINOR_inv1,C_MINOR_inv0,0.1653287987079769,9.0,0.2857142857142857,1
207.5,C_MINOR_inv2,C_MINOR_inv0,0.03726734388909181,15.0,0.2857142857142857,1
207.75,G_MAJOR_inv0,G_MAJ_MIN7_inv0,0.034780245091321715,2.0,0.125,1
208.0,B_DIMINISHED_inv1,G_MAJ_MIN7_inv0,0.18952975380502157,17.0,0.625,1
208.25,G_MAJ_MIN7_inv0,G_MAJ_MIN7_inv0,0.0,0.0,0.0,0
208.5,C_MINOR_inv0,C_MINOR_inv0,0.0,0.0,0.0,0
208.75,C_MINOR_inv1,C_MINOR_inv0,0.1653287987079769,9.0,0.2857142857142857,1
209.0,C_MINOR_inv2,C_MINOR_inv0,0.03726734388909181,15.0,0.2857142857142857,1
209.25,G_MAJOR_inv0,G_MAJ_MIN7_inv0,0.034780245091321715,2.0,0.125,1
209.5,B_DIMINISHED_inv1,G_MAJ_MIN7_inv0,0.18952975380502157,17.0,0.625,1
209.75,G_MAJ_MIN7_inv0,G_MAJ_MIN7_inv0,0.0,0.0,0.0,0
210.0,C_MINOR_inv0,C_MINOR_inv0,0.0,0.0,0.0,0
210.75,G_MAJOR_inv0,G_MAJOR_inv0,0.0,0.0,0.0,0
211.5,C_MINOR_inv0,C_MINOR_inv0,0.0,0.0,0.0,0
