root,chord_type,inversion,SPS_dist,voice_leading_dist,tone_by_tone_dist,chord_type&inv
0,ChordType.MAJOR,0,0.0,0.0,0.0,MAJOR inv:0
0,ChordType.MINOR,0,0.2647889290444125,1.0,0.1428571428571429,MINOR inv:0
0,ChordType.DIMINISHED,0,0.3315042247135056,2.0,0.2857142857142857,DIMINISHED inv:0
0,ChordType.AUGMENTED,0,0.05105947308955372,1.0,0.1428571428571429,AUGMENTED inv:0
0,ChordType.MAJ_MAJ7,0,0.007761104882101576,1.0,0.125,MAJ_MAJ7 inv:0
0,ChordType.MAJ_MIN7,0,0.005159198802715982,2.0,0.125,MAJ_MIN7 inv:0
0,ChordType.MIN_MAJ7,0,0.2691834967341583,2.0,0.25,MIN_MAJ7 inv:0
0,ChordType.MIN_MIN7,0,0.26885232647042856,3.0,0.25,MIN_MIN7 inv:0
0,ChordType.DIM7,0,0.34241418278154445,4.0,0.375,DIM7 inv:0
0,ChordType.HALF_DIM7,0,0.3350842542151996,4.0,0.375,HALF_DIM7 inv:0
0,ChordType.AUG_MIN7,0,0.05615199889559763,3.0,0.25,AUG_MIN7 inv:0
0,ChordType.AUG_MAJ7,0,0.05843319994744034,2.0,0.25,AUG_MAJ7 inv:0
1,ChordType.MAJOR,0,0.8631141344052673,5.0,1.0,MAJOR inv:0
1,ChordType.MINOR,0,0.3306856878876604,4.0,0.8571428571428572,MINOR inv:0
1,ChordType.DIMINISHED,0,0.12164011753052673,3.0,0.7142857142857143,DIMINISHED inv:0
1,ChordType.AUGMENTED,0,0.8774562596317345,6.0,1.0,AUGMENTED inv:0
1,ChordType.MAJ_MAJ7,0,0.4327258021516717,5.0,0.875,MAJ_MAJ7 inv:0
1,ChordType.MAJ_MIN7,0,0.8715772839002095,6.0,1.0,MAJ_MIN7 inv:0
1,ChordType.MIN_MAJ7,0,0.3023131576861283,4.0,0.75,MIN_MAJ7 inv:0
1,ChordType.MIN_MIN7,0,0.4876003414728008,5.0,0.875,MIN_MIN7 inv:0
1,ChordType.DIM7,0,0.3726014871942807,5.0,0.75,DIM7 inv:0
1,ChordType.HALF_DIM7,0,0.3219515413315168,4.0,0.75,HALF_DIM7 inv:0
1,ChordType.AUG_MIN7,0,0.8815803226485772,7.0,1.0,AUG_MIN7 inv:0
1,ChordType.AUG_MAJ7,0,0.4282292061047094,6.0,0.875,AUG_MAJ7 inv:0
2,ChordType.MAJOR,0,0.9403015484052388,10.0,1.0,MAJOR inv:0
2,ChordType.MINOR,0,0.9003551112416063,9.0,1.0,MINOR inv:0
2,ChordType.DIMINISHED,0,0.8834517766562671,8.0,1.0,DIMINISHED inv:0
2,ChordType.AUGMENTED,0,0.9495816353352444,11.0,1.0,AUGMENTED inv:0
2,ChordType.MAJ_MAJ7,0,0.9450867048893368,12.0,1.0,MAJ_MAJ7 inv:0
2,ChordType.MAJ_MIN7,0,0.4113595519664481,10.0,0.875,MAJ_MIN7 inv:0
2,ChordType.MIN_MAJ7,0,0.9186179574794572,10.0,1.0,MIN_MAJ7 inv:0
2,ChordType.MIN_MIN7,0,0.4258212083871239,9.0,0.875,MIN_MIN7 inv:0
2,ChordType.DIM7,0,0.8848636756585652,9.0,1.0,DIM7 inv:0
2,ChordType.HALF_DIM7,0,0.4295067729643615,8.0,0.875,HALF_DIM7 inv:0
2,ChordType.AUG_MIN7,0,0.5307135028184631,13.0,0.875,AUG_MIN7 inv:0
2,ChordType.AUG_MAJ7,0,0.950141395756412,12.0,1.0,AUG_MAJ7 inv:0
3,ChordType.MAJOR,0,0.724827449528014,9.0,0.8571428571428572,MAJOR inv:0
3,ChordType.MINOR,0,0.9292263208199996,14.0,1.0,MINOR inv:0
3,ChordType.DIMINISHED,0,0.9052713853504868,13.0,1.0,DIMINISHED inv:0
3,ChordType.AUGMENTED,0,0.690558954815191,14.0,0.8571428571428572,AUGMENTED inv:0
3,ChordType.MAJ_MAJ7,0,0.7497556807766214,13.0,0.875,MAJ_MAJ7 inv:0
3,ChordType.MAJ_MIN7,0,0.7528653315816751,14.0,0.875,MAJ_MIN7 inv:0
3,ChordType.MIN_MAJ7,0,0.9334442523172752,14.0,1.0,MIN_MAJ7 inv:0
3,ChordType.MIN_MIN7,0,0.9310280396852731,15.0,1.0,MIN_MIN7 inv:0
3,ChordType.DIM7,0,0.405884044035322,13.0,0.875,DIM7 inv:0
3,ChordType.HALF_DIM7,0,0.9222255622376814,15.0,1.0,HALF_DIM7 inv:0
3,ChordType.AUG_MIN7,0,0.7386962061907323,13.0,0.875,AUG_MIN7 inv:0
3,ChordType.AUG_MAJ7,0,0.7354172016039575,12.0,0.875,AUG_MAJ7 inv:0
4,ChordType.MAJOR,0,0.4856560810460058,18.0,0.8571428571428572,MAJOR inv:0
4,ChordType.MINOR,0,0.3141450702235439,17.0,0.7142857142857143,MINOR inv:0
4,ChordType.DIMINISHED,0,0.3701870501800584,12.0,0.7142857142857143,DIMINISHED inv:0
4,ChordType.AUGMENTED,0,0.2791487265044964,17.0,0.7142857142857143,AUGMENTED inv:0
4,ChordType.MAJ_MAJ7,0,0.5514100777885989,15.0,0.875,MAJ_MAJ7 inv:0
4,ChordType.MAJ_MIN7,0,0.5601146254988324,16.0,0.875,MAJ_MIN7 inv:0
4,ChordType.MIN_MAJ7,0,0.4001881052826315,14.0,0.75,MIN_MAJ7 inv:0
4,ChordType.MIN_MIN7,0,0.4101176181012405,15.0,0.75,MIN_MIN7 inv:0
4,ChordType.DIM7,0,0.4396817417635561,17.0,0.75,DIM7 inv:0
4,ChordType.HALF_DIM7,0,0.4329338199377973,16.0,0.75,HALF_DIM7 inv:0
4,ChordType.AUG_MIN7,0,0.3899533722100344,15.0,0.75,AUG_MIN7 inv:0
4,ChordType.AUG_MAJ7,0,0.3731872670344753,14.0,0.75,AUG_MAJ7 inv:0
5,ChordType.MAJOR,0,0.40745444803610575,21.0,0.8571428571428572,MAJOR inv:0
5,ChordType.MINOR,0,0.41200886704819617,20.0,0.8571428571428572,MINOR inv:0
5,ChordType.DIMINISHED,0,0.88648059722667,21.0,1.0,DIMINISHED inv:0
5,ChordType.AUGMENTED,0,0.9215552007652136,20.0,1.0,AUGMENTED inv:0
5,ChordType.MAJ_MAJ7,0,0.2254077390120449,17.0,0.75,MAJ_MAJ7 inv:0
5,ChordType.MAJ_MIN7,0,0.4933666802306914,18.0,0.875,MAJ_MIN7 inv:0
5,ChordType.MIN_MAJ7,0,0.2289503775800723,16.0,0.75,MIN_MAJ7 inv:0
5,ChordType.MIN_MIN7,0,0.4962567199717979,17.0,0.875,MIN_MIN7 inv:0
5,ChordType.DIM7,0,0.8948210799715982,19.0,1.0,DIM7 inv:0
5,ChordType.HALF_DIM7,0,0.8916405764691651,18.0,1.0,HALF_DIM7 inv:0
5,ChordType.AUG_MIN7,0,0.9218513010275856,19.0,1.0,AUG_MIN7 inv:0
5,ChordType.AUG_MAJ7,0,0.679942537311172,18.0,0.875,AUG_MAJ7 inv:0
6,ChordType.MAJOR,0,0.9541708870288228,24.0,1.0,MAJOR inv:0
6,ChordType.MINOR,0,0.9489480590630136,23.0,1.0,MINOR inv:0
6,ChordType.DIMINISHED,0,0.39342351857937097,24.0,0.8571428571428572,DIMINISHED inv:0
6,ChordType.AUGMENTED,0,0.9402688606037214,23.0,1.0,AUGMENTED inv:0
6,ChordType.MAJ_MAJ7,0,0.9492844742006114,23.0,1.0,MAJ_MAJ7 inv:0
6,ChordType.MAJ_MIN7,0,0.7426989404668374,22.0,0.875,MAJ_MIN7 inv:0
6,ChordType.MIN_MAJ7,0,0.945061278274638,22.0,1.0,MIN_MAJ7 inv:0
6,ChordType.MIN_MIN7,0,0.6851676137324537,21.0,0.875,MIN_MIN7 inv:0
6,ChordType.DIM7,0,0.4800121848462794,21.0,0.875,DIM7 inv:0
6,ChordType.HALF_DIM7,0,0.2128203035050432,20.0,0.75,HALF_DIM7 inv:0
6,ChordType.AUG_MIN7,0,0.7584237775351539,23.0,0.875,AUG_MIN7 inv:0
6,ChordType.AUG_MAJ7,0,0.938666505421533,24.0,1.0,AUG_MAJ7 inv:0
7,ChordType.MAJOR,0,0.6632673870733172,21.0,0.8571428571428572,MAJOR inv:0
7,ChordType.MINOR,0,0.6905543506871633,20.0,0.8571428571428572,MINOR inv:0
7,ChordType.DIMINISHED,0,0.69671867601573,21.0,0.8571428571428572,DIMINISHED inv:0
7,ChordType.AUGMENTED,0,0.6553446302424307,20.0,0.8571428571428572,AUGMENTED inv:0
7,ChordType.MAJ_MAJ7,0,0.6687165628944907,19.0,0.875,MAJ_MAJ7 inv:0
7,ChordType.MAJ_MIN7,0,0.6720618166295027,20.0,0.875,MAJ_MIN7 inv:0
7,ChordType.MIN_MAJ7,0,0.6949756142674548,20.0,0.875,MIN_MAJ7 inv:0
7,ChordType.MIN_MIN7,0,0.6979080734611849,21.0,0.875,MIN_MIN7 inv:0
7,ChordType.DIM7,0,0.6263196071104328,19.0,0.75,DIM7 inv:0
7,ChordType.HALF_DIM7,0,0.7033853201807105,20.0,0.875,HALF_DIM7 inv:0
7,ChordType.AUG_MIN7,0,0.6648410809446544,19.0,0.875,AUG_MIN7 inv:0
7,ChordType.AUG_MAJ7,0,0.6611753617108869,18.0,0.875,AUG_MAJ7 inv:0
8,ChordType.MAJOR,0,0.437850740040648,18.0,0.8571428571428572,MAJOR inv:0
8,ChordType.MINOR,0,0.9308363562784354,17.0,1.0,MINOR inv:0
8,ChordType.DIMINISHED,0,0.9210377596726588,18.0,1.0,DIMINISHED inv:0
8,ChordType.AUGMENTED,0,0.14039247896122387,17.0,0.7142857142857143,AUGMENTED inv:0
8,ChordType.MAJ_MAJ7,0,0.30949431261344884,13.0,0.75,MAJ_MAJ7 inv:0
8,ChordType.MAJ_MIN7,0,0.5005998015494113,14.0,0.875,MAJ_MIN7 inv:0
8,ChordType.MIN_MAJ7,0,0.7676531449675491,14.0,0.875,MIN_MAJ7 inv:0
8,ChordType.MIN_MIN7,0,0.9342743896190516,15.0,1.0,MIN_MIN7 inv:0
8,ChordType.DIM7,0,0.9216568140854424,17.0,1.0,DIM7 inv:0
8,ChordType.HALF_DIM7,0,0.9214331616532144,16.0,1.0,HALF_DIM7 inv:0
8,ChordType.AUG_MIN7,0,0.24402331748413064,13.0,0.75,AUG_MIN7 inv:0
8,ChordType.AUG_MAJ7,0,0.03880764222180788,12.0,0.625,AUG_MAJ7 inv:0
9,ChordType.MAJOR,0,0.6573955769165989,9.0,0.8571428571428572,MAJOR inv:0
9,ChordType.MINOR,0,0.13582384301712136,14.0,0.7142857142857143,MINOR inv:0
9,ChordType.DIMINISHED,0,0.4340648458492937,15.0,0.8571428571428572,DIMINISHED inv:0
9,ChordType.AUGMENTED,0,0.959669074995416,14.0,1.0,AUGMENTED inv:0
9,ChordType.MAJ_MAJ7,0,0.681201473876679,11.0,0.875,MAJ_MAJ7 inv:0
9,ChordType.MAJ_MIN7,0,0.48757594945208105,10.0,0.75,MAJ_MIN7 inv:0
9,ChordType.MIN_MAJ7,0,0.1981097948691799,10.0,0.75,MIN_MAJ7 inv:0
9,ChordType.MIN_MIN7,0,0.03365040528888652,9.0,0.625,MIN_MIN7 inv:0
9,ChordType.DIM7,0,0.4874079230172186,11.0,0.875,DIM7 inv:0
9,ChordType.HALF_DIM7,0,0.30492847952684365,10.0,0.75,HALF_DIM7 inv:0
9,ChordType.AUG_MIN7,0,0.7510195152255598,11.0,0.875,AUG_MIN7 inv:0
9,ChordType.AUG_MAJ7,0,0.9587314602670244,12.0,1.0,AUG_MAJ7 inv:0
10,ChordType.MAJOR,0,0.9144805939770368,10.0,1.0,MAJOR inv:0
10,ChordType.MINOR,0,0.9363005797153842,11.0,1.0,MINOR inv:0
10,ChordType.DIMINISHED,0,0.7305754551272118,6.0,0.8571428571428572,DIMINISHED inv:0
10,ChordType.AUGMENTED,0,0.9167904834401821,9.0,1.0,AUGMENTED inv:0
10,ChordType.MAJ_MAJ7,0,0.9183075436580518,11.0,1.0,MAJ_MAJ7 inv:0
10,ChordType.MAJ_MIN7,0,0.9161186291335098,10.0,1.0,MAJ_MIN7 inv:0
10,ChordType.MIN_MAJ7,0,0.9389017778020256,10.0,1.0,MIN_MAJ7 inv:0
10,ChordType.MIN_MIN7,0,0.9385928973871941,9.0,1.0,MIN_MIN7 inv:0
10,ChordType.DIM7,0,0.5814471116337036,7.0,0.75,DIM7 inv:0
10,ChordType.HALF_DIM7,0,0.7412214145583403,8.0,0.875,HALF_DIM7 inv:0
10,ChordType.AUG_MIN7,0,0.916903145985891,10.0,1.0,AUG_MIN7 inv:0
10,ChordType.AUG_MAJ7,0,0.920624217528656,11.0,1.0,AUG_MAJ7 inv:0
11,ChordType.MAJOR,0,0.9349033454525424,5.0,1.0,MAJOR inv:0
11,ChordType.MINOR,0,0.9193485725545232,6.0,1.0,MINOR inv:0
11,ChordType.DIMINISHED,0,0.9200103778913304,7.0,1.0,DIMINISHED inv:0
11,ChordType.AUGMENTED,0,0.7609826207447212,4.0,0.8571428571428572,AUGMENTED inv:0
11,ChordType.MAJ_MAJ7,0,0.9263369857348162,7.0,1.0,MAJ_MAJ7 inv:0
11,ChordType.MAJ_MIN7,0,0.9339050231287052,7.0,1.0,MAJ_MIN7 inv:0
11,ChordType.MIN_MAJ7,0,0.9112751907166572,8.0,1.0,MIN_MAJ7 inv:0
11,ChordType.MIN_MIN7,0,0.9184937564867428,8.0,1.0,MIN_MIN7 inv:0
11,ChordType.DIM7,0,0.915007150979853,7.0,1.0,DIM7 inv:0
11,ChordType.HALF_DIM7,0,0.9195569787125841,8.0,1.0,HALF_DIM7 inv:0
11,ChordType.AUG_MIN7,0,0.771016367643729,6.0,0.875,AUG_MIN7 inv:0
11,ChordType.AUG_MAJ7,0,0.7777556447349941,6.0,0.875,AUG_MAJ7 inv:0
0,ChordType.MAJOR,1,0.17896398980063322,16.0,0.2857142857142857,MAJOR inv:1
0,ChordType.MINOR,1,0.2225387640202332,13.0,0.4285714285714286,MINOR inv:1
0,ChordType.DIMINISHED,1,0.3813442280048649,14.0,0.5714285714285714,DIMINISHED inv:1
0,ChordType.AUGMENTED,1,0.2791487265044964,17.0,0.4285714285714286,AUGMENTED inv:1
0,ChordType.MAJ_MAJ7,1,0.2571737654823321,17.0,0.375,MAJ_MAJ7 inv:1
0,ChordType.MAJ_MIN7,1,0.2816866169035285,18.0,0.375,MAJ_MIN7 inv:1
0,ChordType.MIN_MAJ7,1,0.3957325651672089,14.0,0.5,MIN_MAJ7 inv:1
0,ChordType.MIN_MIN7,1,0.4024460915761687,15.0,0.5,MIN_MIN7 inv:1
0,ChordType.DIM7,1,0.405884044035322,13.0,0.625,DIM7 inv:1
0,ChordType.HALF_DIM7,1,0.517869081840928,16.0,0.625,HALF_DIM7 inv:1
0,ChordType.AUG_MIN7,1,0.4273857421802,19.0,0.5,AUG_MIN7 inv:1
0,ChordType.AUG_MAJ7,1,0.4015109936032646,18.0,0.5,AUG_MAJ7 inv:1
1,ChordType.MAJOR,1,0.8862582239120218,19.0,1.0,MAJOR inv:1
1,ChordType.MINOR,1,0.4930335977037448,16.0,0.8571428571428572,MINOR inv:1
1,ChordType.DIMINISHED,1,0.31780712661294674,15.0,0.7142857142857143,DIMINISHED inv:1
1,ChordType.AUGMENTED,1,0.7965919517970108,20.0,1.0,AUGMENTED inv:1
1,ChordType.MAJ_MAJ7,1,0.5158540060839152,19.0,0.875,MAJ_MAJ7 inv:1
1,ChordType.MAJ_MIN7,1,0.8853284347886854,20.0,1.0,MAJ_MIN7 inv:1
1,ChordType.MIN_MAJ7,1,0.391197363068272,16.0,0.75,MIN_MAJ7 inv:1
1,ChordType.MIN_MIN7,1,0.5670104223549792,17.0,0.875,MIN_MIN7 inv:1
1,ChordType.DIM7,1,0.4396817417635561,17.0,0.75,DIM7 inv:1
1,ChordType.HALF_DIM7,1,0.4174626508817992,16.0,0.75,HALF_DIM7 inv:1
1,ChordType.AUG_MIN7,1,0.8029465576436229,21.0,1.0,AUG_MIN7 inv:1
1,ChordType.AUG_MAJ7,1,0.5124164422865884,20.0,0.875,AUG_MAJ7 inv:1
2,ChordType.MAJOR,1,0.8919440997969782,22.0,1.0,MAJOR inv:1
2,ChordType.MINOR,1,0.7992181387568361,19.0,1.0,MINOR inv:1
2,ChordType.DIMINISHED,1,0.8890930831998312,18.0,1.0,DIMINISHED inv:1
2,ChordType.AUGMENTED,1,0.9568534366429003,23.0,1.0,AUGMENTED inv:1
2,ChordType.MAJ_MAJ7,1,0.8844510447213577,23.0,1.0,MAJ_MAJ7 inv:1
2,ChordType.MAJ_MIN7,1,0.4998692705144014,22.0,0.875,MAJ_MIN7 inv:1
2,ChordType.MIN_MAJ7,1,0.8007745775664652,20.0,1.0,MIN_MAJ7 inv:1
2,ChordType.MIN_MIN7,1,0.5122187454171339,19.0,0.875,MIN_MIN7 inv:1
2,ChordType.DIM7,1,0.8897846331764465,19.0,1.0,DIM7 inv:1
2,ChordType.HALF_DIM7,1,0.5145068853888017,18.0,0.875,HALF_DIM7 inv:1
2,ChordType.AUG_MIN7,1,0.5797234939834635,23.0,0.875,AUG_MIN7 inv:1
2,ChordType.AUG_MAJ7,1,0.9419868009013632,24.0,1.0,AUG_MAJ7 inv:1
3,ChordType.MAJOR,1,0.6842127510412349,19.0,0.8571428571428572,MAJOR inv:1
3,ChordType.MINOR,1,0.9373070855358762,22.0,1.0,MINOR inv:1
3,ChordType.DIMINISHED,1,0.8788874339064623,21.0,1.0,DIMINISHED inv:1
3,ChordType.AUGMENTED,1,0.6553446302424307,20.0,0.8571428571428572,AUGMENTED inv:1
3,ChordType.MAJ_MAJ7,1,0.7037402671992439,21.0,0.875,MAJ_MAJ7 inv:1
3,ChordType.MAJ_MIN7,1,0.7091867037255399,20.0,0.875,MAJ_MIN7 inv:1
3,ChordType.MIN_MAJ7,1,0.935273688748346,24.0,1.0,MIN_MAJ7 inv:1
3,ChordType.MIN_MIN7,1,0.9202461739512562,23.0,1.0,MIN_MIN7 inv:1
3,ChordType.DIM7,1,0.4800121848462794,21.0,0.875,DIM7 inv:1
3,ChordType.HALF_DIM7,1,0.8642870892015012,22.0,1.0,HALF_DIM7 inv:1
3,ChordType.AUG_MIN7,1,0.6850652846988012,21.0,0.875,AUG_MIN7 inv:1
3,ChordType.AUG_MAJ7,1,0.6788902852087146,22.0,0.875,AUG_MAJ7 inv:1
4,ChordType.MAJOR,1,0.4709812323906345,16.0,0.8571428571428572,MAJOR inv:1
4,ChordType.MINOR,1,0.4284603926430878,19.0,0.7142857142857143,MINOR inv:1
4,ChordType.DIMINISHED,1,0.4602549108756224,18.0,0.7142857142857143,DIMINISHED inv:1
4,ChordType.AUGMENTED,1,0.14039247896122387,17.0,0.7142857142857143,AUGMENTED inv:1
4,ChordType.MAJ_MAJ7,1,0.4733815183759648,17.0,0.875,MAJ_MAJ7 inv:1
4,ChordType.MAJ_MIN7,1,0.4843290205193387,18.0,0.875,MAJ_MIN7 inv:1
4,ChordType.MIN_MAJ7,1,0.4295489306386455,20.0,0.75,MIN_MAJ7 inv:1
4,ChordType.MIN_MIN7,1,0.4438922771677476,21.0,0.75,MIN_MIN7 inv:1
4,ChordType.DIM7,1,0.4608243403209515,19.0,0.75,DIM7 inv:1
4,ChordType.HALF_DIM7,1,0.4730351670681826,20.0,0.75,HALF_DIM7 inv:1
4,ChordType.AUG_MIN7,1,0.2796808265293603,19.0,0.75,AUG_MIN7 inv:1
4,ChordType.AUG_MAJ7,1,0.2601926837212606,16.0,0.75,AUG_MAJ7 inv:1
5,ChordType.MAJOR,1,0.4034148314031222,15.0,0.8571428571428572,MAJOR inv:1
5,ChordType.MINOR,1,0.407614245887175,18.0,0.8571428571428572,MINOR inv:1
5,ChordType.DIMINISHED,1,0.8826359000891503,17.0,1.0,DIMINISHED inv:1
5,ChordType.AUGMENTED,1,0.8076749887147991,14.0,1.0,AUGMENTED inv:1
5,ChordType.MAJ_MAJ7,1,0.2266286764460705,11.0,0.75,MAJ_MAJ7 inv:1
5,ChordType.MAJ_MIN7,1,0.4863271673968406,12.0,0.875,MAJ_MIN7 inv:1
5,ChordType.MIN_MAJ7,1,0.2295305795516841,14.0,0.75,MIN_MAJ7 inv:1
5,ChordType.MIN_MIN7,1,0.489078973275923,15.0,0.875,MIN_MIN7 inv:1
5,ChordType.DIM7,1,0.8820941618687986,17.0,1.0,DIM7 inv:1
5,ChordType.HALF_DIM7,1,0.8647257630249018,16.0,1.0,HALF_DIM7 inv:1
5,ChordType.AUG_MIN7,1,0.7913419804647248,13.0,1.0,AUG_MIN7 inv:1
5,ChordType.AUG_MAJ7,1,0.44845432513432015,12.0,0.875,AUG_MAJ7 inv:1
6,ChordType.MAJOR,1,0.9156151042057958,10.0,1.0,MAJOR inv:1
6,ChordType.MINOR,1,0.8368693854108178,13.0,1.0,MINOR inv:1
6,ChordType.DIMINISHED,1,0.42185768606494456,14.0,0.8571428571428572,DIMINISHED inv:1
6,ChordType.AUGMENTED,1,0.93591993716694,9.0,1.0,AUGMENTED inv:1
6,ChordType.MAJ_MAJ7,1,0.8753821325096379,9.0,1.0,MAJ_MAJ7 inv:1
6,ChordType.MAJ_MIN7,1,0.4406500631578958,8.0,0.875,MAJ_MIN7 inv:1
6,ChordType.MIN_MAJ7,1,0.8116302611794691,12.0,1.0,MIN_MAJ7 inv:1
6,ChordType.MIN_MIN7,1,0.4492031787320194,11.0,0.875,MIN_MIN7 inv:1
6,ChordType.DIM7,1,0.4874079230172186,11.0,0.875,DIM7 inv:1
6,ChordType.HALF_DIM7,1,0.24071132750557106,10.0,0.75,HALF_DIM7 inv:1
6,ChordType.AUG_MIN7,1,0.45032718342429146,9.0,0.875,AUG_MIN7 inv:1
6,ChordType.AUG_MAJ7,1,0.890349950472508,10.0,1.0,AUG_MAJ7 inv:1
7,ChordType.MAJOR,1,0.5986589725823608,5.0,0.8571428571428572,MAJOR inv:1
7,ChordType.MINOR,1,0.6542026278306414,8.0,0.8571428571428572,MINOR inv:1
7,ChordType.DIMINISHED,1,0.6389757777718925,9.0,0.8571428571428572,DIMINISHED inv:1
7,ChordType.AUGMENTED,1,0.5541639103685831,4.0,0.8571428571428572,AUGMENTED inv:1
7,ChordType.MAJ_MAJ7,1,0.6737147469713103,7.0,0.875,MAJ_MAJ7 inv:1
7,ChordType.MAJ_MIN7,1,0.6209077927902813,6.0,0.875,MAJ_MIN7 inv:1
7,ChordType.MIN_MAJ7,1,0.7112281918209433,10.0,0.875,MIN_MAJ7 inv:1
7,ChordType.MIN_MIN7,1,0.6630328420074414,9.0,0.875,MIN_MIN7 inv:1
7,ChordType.DIM7,1,0.22094984031018086,7.0,0.75,DIM7 inv:1
7,ChordType.HALF_DIM7,1,0.6495830699270857,8.0,0.875,HALF_DIM7 inv:1
7,ChordType.AUG_MIN7,1,0.59449127051286,5.0,0.875,AUG_MIN7 inv:1
7,ChordType.AUG_MAJ7,1,0.641522920848453,5.0,0.875,AUG_MAJ7 inv:1
8,ChordType.MAJOR,1,0.3158576991869031,2.0,0.5714285714285714,MAJOR inv:1
8,ChordType.MINOR,1,0.8583222736262922,5.0,1.0,MINOR inv:1
8,ChordType.DIMINISHED,1,0.9006886070124007,6.0,1.0,DIMINISHED inv:1
8,ChordType.AUGMENTED,1,0.05105947308955372,1.0,0.4285714285714286,AUGMENTED inv:1
8,ChordType.MAJ_MAJ7,1,0.27929520586725465,2.0,0.5,MAJ_MAJ7 inv:1
8,ChordType.MAJ_MIN7,1,0.34387157182762185,3.0,0.625,MAJ_MIN7 inv:1
8,ChordType.MIN_MAJ7,1,0.5923802988033027,5.0,0.875,MIN_MAJ7 inv:1
8,ChordType.MIN_MIN7,1,0.8618239886688521,6.0,1.0,MIN_MIN7 inv:1
8,ChordType.DIM7,1,0.8550651333047501,7.0,1.0,DIM7 inv:1
8,ChordType.HALF_DIM7,1,0.8921492521458286,7.0,1.0,HALF_DIM7 inv:1
8,ChordType.AUG_MIN7,1,0.0935955437371706,2.0,0.5,AUG_MIN7 inv:1
8,ChordType.AUG_MAJ7,1,0.021692695737920653,1.0,0.375,AUG_MAJ7 inv:1
9,ChordType.MAJOR,1,0.33620319942578497,5.0,0.8571428571428572,MAJOR inv:1
9,ChordType.MINOR,1,0.048207636724605714,2.0,0.4285714285714286,MINOR inv:1
9,ChordType.DIMINISHED,1,0.314198782317331,3.0,0.5714285714285714,DIMINISHED inv:1
9,ChordType.AUGMENTED,1,0.8774562596317345,6.0,1.0,AUGMENTED inv:1
9,ChordType.MAJ_MAJ7,1,0.3760391704059913,6.0,0.875,MAJ_MAJ7 inv:1
9,ChordType.MAJ_MIN7,1,0.1723532035081785,5.0,0.75,MAJ_MIN7 inv:1
9,ChordType.MIN_MAJ7,1,0.06886186392804439,3.0,0.5,MIN_MAJ7 inv:1
9,ChordType.MIN_MIN7,1,0.01846703326417876,2.0,0.375,MIN_MIN7 inv:1
9,ChordType.DIM7,1,0.34241418278154445,4.0,0.625,DIM7 inv:1
9,ChordType.HALF_DIM7,1,0.2771425220910301,3.0,0.5,HALF_DIM7 inv:1
9,ChordType.AUG_MIN7,1,0.6257673352517723,6.0,0.875,AUG_MIN7 inv:1
9,ChordType.AUG_MAJ7,1,0.8738116980924553,7.0,1.0,AUG_MAJ7 inv:1
10,ChordType.MAJOR,1,0.9269319236573366,10.0,1.0,MAJOR inv:1
10,ChordType.MINOR,1,0.9113785939879382,7.0,1.0,MINOR inv:1
10,ChordType.DIMINISHED,1,0.5235654012799489,6.0,0.8571428571428572,DIMINISHED inv:1
10,ChordType.AUGMENTED,1,0.9495816353352444,11.0,1.0,AUGMENTED inv:1
10,ChordType.MAJ_MAJ7,1,0.9285796879897515,11.0,1.0,MAJ_MAJ7 inv:1
10,ChordType.MAJ_MIN7,1,0.9177171229628756,10.0,1.0,MAJ_MIN7 inv:1
10,ChordType.MIN_MAJ7,1,0.913512470693152,8.0,1.0,MIN_MAJ7 inv:1
10,ChordType.MIN_MIN7,1,0.9039822235653112,7.0,1.0,MIN_MIN7 inv:1
10,ChordType.DIM7,1,0.3726014871942807,5.0,0.75,DIM7 inv:1
10,ChordType.HALF_DIM7,1,0.5325467745476,6.0,0.875,HALF_DIM7 inv:1
10,ChordType.AUG_MIN7,1,0.9402590233826504,11.0,1.0,AUG_MIN7 inv:1
10,ChordType.AUG_MAJ7,1,0.9479752838859732,12.0,1.0,AUG_MAJ7 inv:1
11,ChordType.MAJOR,1,0.8969407018712258,15.0,1.0,MAJOR inv:1
11,ChordType.MINOR,1,0.9194701593561124,12.0,1.0,MINOR inv:1
11,ChordType.DIMINISHED,1,0.8925727615618682,11.0,1.0,DIMINISHED inv:1
11,ChordType.AUGMENTED,1,0.690558954815191,14.0,0.8571428571428572,AUGMENTED inv:1
11,ChordType.MAJ_MAJ7,1,0.9130133905900732,15.0,1.0,MAJ_MAJ7 inv:1
11,ChordType.MAJ_MIN7,1,0.9005363215672754,14.0,1.0,MAJ_MIN7 inv:1
11,ChordType.MIN_MAJ7,1,0.9317856477191164,12.0,1.0,MIN_MAJ7 inv:1
11,ChordType.MIN_MIN7,1,0.9214134863039641,11.0,1.0,MIN_MIN7 inv:1
11,ChordType.DIM7,1,0.8848636756585652,9.0,1.0,DIM7 inv:1
11,ChordType.HALF_DIM7,1,0.8963906568481181,10.0,1.0,HALF_DIM7 inv:1
11,ChordType.AUG_MIN7,1,0.7041055166885775,15.0,0.875,AUG_MIN7 inv:1
11,ChordType.AUG_MAJ7,1,0.7529327317257344,16.0,0.875,AUG_MAJ7 inv:1
0,ChordType.MAJOR,2,0.04558167881624964,20.0,0.2857142857142857,MAJOR inv:2
0,ChordType.MINOR,2,0.33345503338522475,21.0,0.4285714285714286,MINOR inv:2
0,ChordType.DIMINISHED,2,0.4637951480435557,24.0,0.5714285714285714,DIMINISHED inv:2
0,ChordType.AUGMENTED,2,0.14039247896122387,17.0,0.4285714285714286,AUGMENTED inv:2
0,ChordType.MAJ_MAJ7,2,0.22229670165464832,19.0,0.375,MAJ_MAJ7 inv:2
0,ChordType.MAJ_MIN7,2,0.2414944231011915,18.0,0.375,MAJ_MIN7 inv:2
0,ChordType.MIN_MAJ7,2,0.4504338784625611,20.0,0.5,MIN_MAJ7 inv:2
0,ChordType.MIN_MIN7,2,0.4633182197226611,19.0,0.5,MIN_MIN7 inv:2
0,ChordType.DIM7,2,0.4800121848462794,21.0,0.625,DIM7 inv:2
0,ChordType.HALF_DIM7,2,0.5642706683368812,22.0,0.625,HALF_DIM7 inv:2
0,ChordType.AUG_MIN7,2,0.3258186580245748,15.0,0.5,AUG_MIN7 inv:2
0,ChordType.AUG_MAJ7,2,0.3075793845134315,16.0,0.5,AUG_MAJ7 inv:2
1,ChordType.MAJOR,2,0.8934382776181903,17.0,1.0,MAJOR inv:2
1,ChordType.MINOR,2,0.4666604640715178,12.0,0.8571428571428572,MINOR inv:2
1,ChordType.DIMINISHED,2,0.4203857145960921,15.0,0.7142857142857143,DIMINISHED inv:2
1,ChordType.AUGMENTED,2,0.8076749887147991,14.0,1.0,AUGMENTED inv:2
1,ChordType.MAJ_MAJ7,2,0.5075814942263813,17.0,0.875,MAJ_MAJ7 inv:2
1,ChordType.MAJ_MIN7,2,0.8684614674473211,18.0,1.0,MAJ_MIN7 inv:2
1,ChordType.MIN_MAJ7,2,0.2843278750301168,18.0,0.75,MIN_MAJ7 inv:2
1,ChordType.MIN_MIN7,2,0.4759575987849347,17.0,0.875,MIN_MIN7 inv:2
1,ChordType.DIM7,2,0.4608243403209515,19.0,0.75,DIM7 inv:2
1,ChordType.HALF_DIM7,2,0.43192392270141744,20.0,0.75,HALF_DIM7 inv:2
1,ChordType.AUG_MIN7,2,0.7909042530211566,15.0,1.0,AUG_MIN7 inv:2
1,ChordType.AUG_MAJ7,2,0.5042149199620356,14.0,0.875,AUG_MAJ7 inv:2
2,ChordType.MAJOR,2,0.8572822868784444,12.0,1.0,MAJOR inv:2
2,ChordType.MINOR,2,0.8274763119079764,13.0,1.0,MINOR inv:2
2,ChordType.DIMINISHED,2,0.9104169553817554,16.0,1.0,DIMINISHED inv:2
2,ChordType.AUGMENTED,2,0.93591993716694,9.0,1.0,AUGMENTED inv:2
2,ChordType.MAJ_MAJ7,2,0.8422144253839056,13.0,1.0,MAJ_MAJ7 inv:2
2,ChordType.MAJ_MIN7,2,0.5057930716544814,12.0,0.875,MAJ_MIN7 inv:2
2,ChordType.MIN_MAJ7,2,0.8144489625394478,14.0,1.0,MIN_MAJ7 inv:2
2,ChordType.MIN_MIN7,2,0.504726540106609,13.0,0.875,MIN_MIN7 inv:2
2,ChordType.DIM7,2,0.8820941618687986,17.0,1.0,DIM7 inv:2
2,ChordType.HALF_DIM7,2,0.5069810809096313,16.0,0.875,HALF_DIM7 inv:2
2,ChordType.AUG_MIN7,2,0.550149764201734,9.0,0.875,AUG_MIN7 inv:2
2,ChordType.AUG_MAJ7,2,0.9157462243152849,10.0,1.0,AUG_MAJ7 inv:2
3,ChordType.MAJOR,2,0.6185783104958267,7.0,0.8571428571428572,MAJOR inv:2
3,ChordType.MINOR,2,0.9040678736644888,8.0,1.0,MINOR inv:2
3,ChordType.DIMINISHED,2,0.8282040734435303,11.0,1.0,DIMINISHED inv:2
3,ChordType.AUGMENTED,2,0.5541639103685831,4.0,0.8571428571428572,AUGMENTED inv:2
3,ChordType.MAJ_MAJ7,2,0.6379336993741324,9.0,0.875,MAJ_MAJ7 inv:2
3,ChordType.MAJ_MIN7,2,0.624228095861269,8.0,0.875,MAJ_MIN7 inv:2
3,ChordType.MIN_MAJ7,2,0.9041064551809572,10.0,1.0,MIN_MAJ7 inv:2
3,ChordType.MIN_MIN7,2,0.8851403935014359,9.0,1.0,MIN_MIN7 inv:2
3,ChordType.DIM7,2,0.4874079230172186,11.0,0.875,DIM7 inv:2
3,ChordType.HALF_DIM7,2,0.8136138899933085,12.0,1.0,HALF_DIM7 inv:2
3,ChordType.AUG_MIN7,2,0.5707933534834222,5.0,0.875,AUG_MIN7 inv:2
3,ChordType.AUG_MAJ7,2,0.5836581988278186,6.0,0.875,AUG_MAJ7 inv:2
4,ChordType.MAJOR,2,0.3504586777591697,4.0,0.8571428571428572,MAJOR inv:2
4,ChordType.MINOR,2,0.15046166809560502,3.0,0.7142857142857143,MINOR inv:2
4,ChordType.DIMINISHED,2,0.20090649335535105,6.0,0.7142857142857143,DIMINISHED inv:2
4,ChordType.AUGMENTED,2,0.05105947308955372,1.0,0.4285714285714286,AUGMENTED inv:2
4,ChordType.MAJ_MAJ7,2,0.3636738623371746,5.0,0.875,MAJ_MAJ7 inv:2
4,ChordType.MAJ_MIN7,2,0.3788711778378201,6.0,0.875,MAJ_MIN7 inv:2
4,ChordType.MIN_MAJ7,2,0.17315814418699227,4.0,0.75,MIN_MAJ7 inv:2
4,ChordType.MIN_MIN7,2,0.184915786269224,5.0,0.75,MIN_MIN7 inv:2
4,ChordType.DIM7,2,0.22094984031018086,7.0,0.75,DIM7 inv:2
4,ChordType.HALF_DIM7,2,0.22932196123046025,8.0,0.75,HALF_DIM7 inv:2
4,ChordType.AUG_MIN7,2,0.19581625482198395,3.0,0.5,AUG_MIN7 inv:2
4,ChordType.AUG_MAJ7,2,0.17537021809724762,2.0,0.5,AUG_MAJ7 inv:2
5,ChordType.MAJOR,2,0.2585171140050761,3.0,0.5714285714285714,MAJOR inv:2
5,ChordType.MINOR,2,0.2607981950731081,2.0,0.5714285714285714,MINOR inv:2
5,ChordType.DIMINISHED,2,0.8521320173116269,5.0,1.0,DIMINISHED inv:2
5,ChordType.AUGMENTED,2,0.8774562596317345,6.0,1.0,AUGMENTED inv:2
5,ChordType.MAJ_MAJ7,2,0.11893572121101115,4.0,0.5,MAJ_MAJ7 inv:2
5,ChordType.MAJ_MIN7,2,0.3600790915216989,5.0,0.625,MAJ_MIN7 inv:2
5,ChordType.MIN_MAJ7,2,0.12117034975837915,2.0,0.5,MIN_MAJ7 inv:2
5,ChordType.MIN_MIN7,2,0.3615142834514915,3.0,0.625,MIN_MIN7 inv:2
5,ChordType.DIM7,2,0.8550651333047501,7.0,1.0,DIM7 inv:2
5,ChordType.HALF_DIM7,2,0.8300635323365757,6.0,1.0,HALF_DIM7 inv:2
5,ChordType.AUG_MIN7,2,0.852987283482147,8.0,1.0,AUG_MIN7 inv:2
5,ChordType.AUG_MAJ7,2,0.4148223906967397,7.0,0.875,AUG_MAJ7 inv:2
6,ChordType.MAJOR,2,0.937681579971139,8.0,1.0,MAJOR inv:2
6,ChordType.MINOR,2,0.915985732581682,7.0,1.0,MINOR inv:2
6,ChordType.DIMINISHED,2,0.2297471760730172,4.0,0.5714285714285714,DIMINISHED inv:2
6,ChordType.AUGMENTED,2,0.9495816353352444,11.0,1.0,AUGMENTED inv:2
6,ChordType.MAJ_MAJ7,2,0.8996216165068445,7.0,1.0,MAJ_MAJ7 inv:2
6,ChordType.MAJ_MIN7,2,0.5445013168793773,6.0,0.875,MAJ_MIN7 inv:2
6,ChordType.MIN_MAJ7,2,0.8733392416385691,7.0,1.0,MIN_MAJ7 inv:2
6,ChordType.MIN_MIN7,2,0.4108695519059067,6.0,0.875,MIN_MIN7 inv:2
6,ChordType.DIM7,2,0.34241418278154445,4.0,0.625,DIM7 inv:2
6,ChordType.HALF_DIM7,2,0.0912573777787743,3.0,0.5,HALF_DIM7 inv:2
6,ChordType.AUG_MIN7,2,0.5550876617748243,9.0,0.875,AUG_MIN7 inv:2
6,ChordType.AUG_MAJ7,2,0.91287747061112,10.0,1.0,AUG_MAJ7 inv:2
7,ChordType.MAJOR,2,0.7163380537364521,11.0,0.8571428571428572,MAJOR inv:2
7,ChordType.MINOR,2,0.7594602655461196,6.0,0.8571428571428572,MINOR inv:2
7,ChordType.DIMINISHED,2,0.7449848599792588,3.0,0.8571428571428572,DIMINISHED inv:2
7,ChordType.AUGMENTED,2,0.690558954815191,14.0,0.8571428571428572,AUGMENTED inv:2
7,ChordType.MAJ_MAJ7,2,0.7434304163749041,9.0,0.875,MAJ_MAJ7 inv:2
7,ChordType.MAJ_MIN7,2,0.7015451199058048,8.0,0.875,MAJ_MIN7 inv:2
7,ChordType.MIN_MAJ7,2,0.7804540967204703,10.0,0.875,MIN_MAJ7 inv:2
7,ChordType.MIN_MIN7,2,0.7394254599962009,9.0,0.875,MIN_MIN7 inv:2
7,ChordType.DIM7,2,0.3726014871942807,5.0,0.75,DIM7 inv:2
7,ChordType.HALF_DIM7,2,0.7267352413884844,6.0,0.875,HALF_DIM7 inv:2
7,ChordType.AUG_MIN7,2,0.6837134580179579,11.0,0.875,AUG_MIN7 inv:2
7,ChordType.AUG_MAJ7,2,0.7215685114540664,12.0,0.875,AUG_MAJ7 inv:2
8,ChordType.MAJOR,2,0.3360217445514577,14.0,0.8571428571428572,MAJOR inv:2
8,ChordType.MINOR,2,0.902891844473762,15.0,1.0,MINOR inv:2
8,ChordType.DIMINISHED,2,0.9277672707689524,12.0,1.0,DIMINISHED inv:2
8,ChordType.AUGMENTED,2,0.2791487265044964,17.0,0.7142857142857143,AUGMENTED inv:2
8,ChordType.MAJ_MAJ7,2,0.2647632586988849,13.0,0.75,MAJ_MAJ7 inv:2
8,ChordType.MAJ_MIN7,2,0.41063480567758137,12.0,0.875,MAJ_MIN7 inv:2
8,ChordType.MIN_MAJ7,2,0.6996280950415179,14.0,0.875,MIN_MAJ7 inv:2
8,ChordType.MIN_MIN7,2,0.8901608904574279,13.0,1.0,MIN_MIN7 inv:2
8,ChordType.DIM7,2,0.8848636756585652,9.0,1.0,DIM7 inv:2
8,ChordType.HALF_DIM7,2,0.9111449835220846,10.0,1.0,HALF_DIM7 inv:2
8,ChordType.AUG_MIN7,2,0.337647077133482,15.0,0.75,AUG_MIN7 inv:2
8,ChordType.AUG_MAJ7,2,0.2141666861723568,16.0,0.625,AUG_MAJ7 inv:2
9,ChordType.MAJOR,2,0.5000036067074392,17.0,0.8571428571428572,MAJOR inv:2
9,ChordType.MINOR,2,0.2757233205257572,18.0,0.7142857142857143,MINOR inv:2
9,ChordType.DIMINISHED,2,0.32894345889947674,15.0,0.8571428571428572,DIMINISHED inv:2
9,ChordType.AUGMENTED,2,0.9215552007652136,20.0,1.0,AUGMENTED inv:2
9,ChordType.MAJ_MAJ7,2,0.5134171526502211,18.0,0.875,MAJ_MAJ7 inv:2
9,ChordType.MAJ_MIN7,2,0.3421101914674061,17.0,0.75,MAJ_MIN7 inv:2
9,ChordType.MIN_MAJ7,2,0.3063722352319528,19.0,0.75,MIN_MAJ7 inv:2
9,ChordType.MIN_MIN7,2,0.20849144450420354,18.0,0.625,MIN_MIN7 inv:2
9,ChordType.DIM7,2,0.405884044035322,13.0,0.875,DIM7 inv:2
9,ChordType.HALF_DIM7,2,0.2554968872948089,15.0,0.75,HALF_DIM7 inv:2
9,ChordType.AUG_MIN7,2,0.7199540948160116,20.0,0.875,AUG_MIN7 inv:2
9,ChordType.AUG_MAJ7,2,0.9128452956515792,21.0,1.0,AUG_MAJ7 inv:2
10,ChordType.MAJOR,2,0.9335561456102208,20.0,1.0,MAJOR inv:2
10,ChordType.MINOR,2,0.932073293515342,21.0,1.0,MINOR inv:2
10,ChordType.DIMINISHED,2,0.543994692215569,18.0,0.8571428571428572,DIMINISHED inv:2
10,ChordType.AUGMENTED,2,0.9402688606037214,23.0,1.0,AUGMENTED inv:2
10,ChordType.MAJ_MAJ7,2,0.9343659848969168,21.0,1.0,MAJ_MAJ7 inv:2
10,ChordType.MAJ_MIN7,2,0.9248060205858524,20.0,1.0,MAJ_MIN7 inv:2
10,ChordType.MIN_MAJ7,2,0.9331293754109018,22.0,1.0,MIN_MAJ7 inv:2
10,ChordType.MIN_MIN7,2,0.9238792431543464,21.0,1.0,MIN_MIN7 inv:2
10,ChordType.DIM7,2,0.4396817417635561,17.0,0.75,DIM7 inv:2
10,ChordType.HALF_DIM7,2,0.5763576829983648,18.0,0.875,HALF_DIM7 inv:2
10,ChordType.AUG_MIN7,2,0.9270522413240668,23.0,1.0,AUG_MIN7 inv:2
10,ChordType.AUG_MAJ7,2,0.9402953169215712,24.0,1.0,AUG_MAJ7 inv:2
11,ChordType.MAJOR,2,0.9245552105253528,23.0,1.0,MAJOR inv:2
11,ChordType.MINOR,2,0.9253547913626908,24.0,1.0,MINOR inv:2
11,ChordType.DIMINISHED,2,0.9027033618371184,21.0,1.0,DIMINISHED inv:2
11,ChordType.AUGMENTED,2,0.6553446302424307,20.0,0.8571428571428572,AUGMENTED inv:2
11,ChordType.MAJ_MAJ7,2,0.9378637864980388,23.0,1.0,MAJ_MAJ7 inv:2
11,ChordType.MAJ_MIN7,2,0.9256544301640264,22.0,1.0,MAJ_MIN7 inv:2
11,ChordType.MIN_MAJ7,2,0.9347345821199492,24.0,1.0,MIN_MAJ7 inv:2
11,ChordType.MIN_MIN7,2,0.92619030316686,23.0,1.0,MIN_MIN7 inv:2
11,ChordType.DIM7,2,0.8948210799715982,19.0,1.0,DIM7 inv:2
11,ChordType.HALF_DIM7,2,0.9048829827683604,20.0,1.0,HALF_DIM7 inv:2
11,ChordType.AUG_MIN7,2,0.6948891230626648,19.0,0.875,AUG_MIN7 inv:2
11,ChordType.AUG_MAJ7,2,0.7133725295333239,20.0,0.875,AUG_MAJ7 inv:2
0,ChordType.MAJ_MAJ7,3,0.07404177299440562,3.0,0.375,MAJ_MAJ7 inv:3
0,ChordType.MAJ_MIN7,3,0.10968693625656667,6.0,0.375,MAJ_MIN7 inv:3
0,ChordType.MIN_MAJ7,3,0.4036386173983346,4.0,0.5,MIN_MAJ7 inv:3
0,ChordType.MIN_MIN7,3,0.4191930269246876,7.0,0.5,MIN_MIN7 inv:3
0,ChordType.DIM7,3,0.4874079230172186,11.0,0.625,DIM7 inv:3
0,ChordType.HALF_DIM7,3,0.5355085278736407,8.0,0.625,HALF_DIM7 inv:3
0,ChordType.AUG_MIN7,3,0.25759462793877697,7.0,0.5,AUG_MIN7 inv:3
0,ChordType.AUG_MAJ7,3,0.22576040652867305,4.0,0.5,AUG_MAJ7 inv:3
1,ChordType.MAJ_MAJ7,3,0.4183044666494884,3.0,0.625,MAJ_MAJ7 inv:3
1,ChordType.MAJ_MIN7,3,0.8393718396932108,6.0,1.0,MAJ_MIN7 inv:3
1,ChordType.MIN_MAJ7,3,0.20484591169719504,2.0,0.5,MIN_MAJ7 inv:3
1,ChordType.MIN_MIN7,3,0.3695152430929648,5.0,0.875,MIN_MIN7 inv:3
1,ChordType.DIM7,3,0.22094984031018086,7.0,0.75,DIM7 inv:3
1,ChordType.HALF_DIM7,3,0.1774282933311888,4.0,0.75,HALF_DIM7 inv:3
1,ChordType.AUG_MIN7,3,0.85131572347015,7.0,1.0,AUG_MIN7 inv:3
1,ChordType.AUG_MAJ7,3,0.4172879709468553,4.0,0.625,AUG_MAJ7 inv:3
2,ChordType.MAJ_MAJ7,3,0.9163504443438312,8.0,1.0,MAJ_MAJ7 inv:3
2,ChordType.MAJ_MIN7,3,0.3800493781959954,5.0,0.625,MAJ_MIN7 inv:3
2,ChordType.MIN_MAJ7,3,0.8804278971770911,8.0,1.0,MIN_MAJ7 inv:3
2,ChordType.MIN_MIN7,3,0.39505909467167455,5.0,0.625,MIN_MIN7 inv:3
2,ChordType.DIM7,3,0.8550651333047501,7.0,1.0,DIM7 inv:3
2,ChordType.HALF_DIM7,3,0.3958323310126316,4.0,0.625,HALF_DIM7 inv:3
2,ChordType.AUG_MIN7,3,0.3731526401600731,5.0,0.625,AUG_MIN7 inv:3
2,ChordType.AUG_MAJ7,3,0.9355981262091128,8.0,1.0,AUG_MAJ7 inv:3
3,ChordType.MAJ_MAJ7,3,0.7300655492677224,9.0,0.875,MAJ_MAJ7 inv:3
3,ChordType.MAJ_MIN7,3,0.7159553097220883,6.0,0.875,MAJ_MIN7 inv:3
3,ChordType.MIN_MAJ7,3,0.9270244809450556,10.0,1.0,MIN_MAJ7 inv:3
3,ChordType.MIN_MIN7,3,0.9105240204568568,7.0,1.0,MIN_MIN7 inv:3
3,ChordType.DIM7,3,0.34241418278154445,4.0,0.625,DIM7 inv:3
3,ChordType.HALF_DIM7,3,0.8829503190541662,7.0,1.0,HALF_DIM7 inv:3
3,ChordType.AUG_MIN7,3,0.6843766452661095,5.0,0.875,AUG_MIN7 inv:3
3,ChordType.AUG_MAJ7,3,0.697008904928084,8.0,0.875,AUG_MAJ7 inv:3
4,ChordType.MAJ_MAJ7,3,0.4843359912659195,11.0,0.875,MAJ_MAJ7 inv:3
4,ChordType.MAJ_MIN7,3,0.4971252060436574,8.0,0.875,MAJ_MIN7 inv:3
4,ChordType.MIN_MAJ7,3,0.3190023224304899,10.0,0.75,MIN_MAJ7 inv:3
4,ChordType.MIN_MIN7,3,0.32938662225757953,7.0,0.75,MIN_MIN7 inv:3
4,ChordType.DIM7,3,0.3726014871942807,5.0,0.75,DIM7 inv:3
4,ChordType.HALF_DIM7,3,0.3825791227976408,8.0,0.75,HALF_DIM7 inv:3
4,ChordType.AUG_MIN7,3,0.2974184373356669,7.0,0.75,AUG_MIN7 inv:3
4,ChordType.AUG_MAJ7,3,0.3031105306152764,10.0,0.75,AUG_MAJ7 inv:3
5,ChordType.MAJ_MAJ7,3,0.3595101660632693,15.0,0.75,MAJ_MAJ7 inv:3
5,ChordType.MAJ_MIN7,3,0.4197856615397978,12.0,0.875,MAJ_MIN7 inv:3
5,ChordType.MIN_MAJ7,3,0.3618769048522398,14.0,0.75,MIN_MAJ7 inv:3
5,ChordType.MIN_MIN7,3,0.424501541702248,11.0,0.875,MIN_MIN7 inv:3
5,ChordType.DIM7,3,0.8848636756585652,9.0,1.0,DIM7 inv:3
5,ChordType.HALF_DIM7,3,0.8675831998222616,12.0,1.0,HALF_DIM7 inv:3
5,ChordType.AUG_MIN7,3,0.9005785525960714,13.0,1.0,AUG_MIN7 inv:3
5,ChordType.AUG_MAJ7,3,0.5252514742726675,16.0,0.875,AUG_MAJ7 inv:3
6,ChordType.MAJ_MAJ7,3,0.9179796375839441,21.0,1.0,MAJ_MAJ7 inv:3
6,ChordType.MAJ_MIN7,3,0.6042621282120368,18.0,0.875,MAJ_MIN7 inv:3
6,ChordType.MIN_MAJ7,3,0.9062158589070924,21.0,1.0,MIN_MAJ7 inv:3
6,ChordType.MIN_MIN7,3,0.5227513771462482,18.0,0.875,MIN_MIN7 inv:3
6,ChordType.DIM7,3,0.405884044035322,13.0,0.875,DIM7 inv:3
6,ChordType.HALF_DIM7,3,0.33518970989096303,16.0,0.75,HALF_DIM7 inv:3
6,ChordType.AUG_MIN7,3,0.6028505357080709,17.0,0.875,AUG_MIN7 inv:3
6,ChordType.AUG_MAJ7,3,0.919780088592763,20.0,1.0,AUG_MAJ7 inv:3
7,ChordType.MAJ_MAJ7,3,0.7337593019037225,21.0,0.875,MAJ_MAJ7 inv:3
7,ChordType.MAJ_MIN7,3,0.7173010424943198,18.0,0.875,MAJ_MIN7 inv:3
7,ChordType.MIN_MAJ7,3,0.751059295493028,22.0,0.875,MIN_MAJ7 inv:3
7,ChordType.MIN_MIN7,3,0.7359580293928776,19.0,0.875,MIN_MIN7 inv:3
7,ChordType.DIM7,3,0.4396817417635561,17.0,0.75,DIM7 inv:3
7,ChordType.HALF_DIM7,3,0.7396562503877424,20.0,0.875,HALF_DIM7 inv:3
7,ChordType.AUG_MIN7,3,0.7134689133813428,17.0,0.875,AUG_MIN7 inv:3
7,ChordType.AUG_MAJ7,3,0.7307705725463852,20.0,0.875,AUG_MAJ7 inv:3
8,ChordType.MAJ_MAJ7,3,0.3606929885865392,17.0,0.75,MAJ_MAJ7 inv:3
8,ChordType.MAJ_MIN7,3,0.4829679158540703,20.0,0.875,MAJ_MIN7 inv:3
8,ChordType.MIN_MAJ7,3,0.7041749130244255,18.0,0.875,MIN_MAJ7 inv:3
8,ChordType.MIN_MIN7,3,0.9166216003059294,21.0,1.0,MIN_MIN7 inv:3
8,ChordType.DIM7,3,0.8948210799715982,19.0,1.0,DIM7 inv:3
8,ChordType.HALF_DIM7,3,0.9175030318696886,22.0,1.0,HALF_DIM7 inv:3
8,ChordType.AUG_MIN7,3,0.2160592243355836,19.0,0.75,AUG_MIN7 inv:3
8,ChordType.AUG_MAJ7,3,0.08580300438975175,16.0,0.625,AUG_MAJ7 inv:3
9,ChordType.MAJ_MAJ7,3,0.6731875729942283,15.0,0.875,MAJ_MAJ7 inv:3
9,ChordType.MAJ_MIN7,3,0.5546827599644121,18.0,0.75,MAJ_MIN7 inv:3
9,ChordType.MIN_MAJ7,3,0.175181666882271,14.0,0.75,MIN_MAJ7 inv:3
9,ChordType.MIN_MIN7,3,0.07897292461270977,17.0,0.625,MIN_MIN7 inv:3
9,ChordType.DIM7,3,0.4800121848462794,21.0,0.875,DIM7 inv:3
9,ChordType.HALF_DIM7,3,0.3547433961503617,18.0,0.75,HALF_DIM7 inv:3
9,ChordType.AUG_MIN7,3,0.6814823199723583,19.0,0.875,AUG_MIN7 inv:3
9,ChordType.AUG_MAJ7,3,0.9560475906474792,16.0,1.0,AUG_MAJ7 inv:3
10,ChordType.MAJ_MAJ7,3,0.9213936391312216,15.0,1.0,MAJ_MAJ7 inv:3
10,ChordType.MAJ_MIN7,3,0.9065662073012012,18.0,1.0,MAJ_MIN7 inv:3
10,ChordType.MIN_MAJ7,3,0.9406956571137428,14.0,1.0,MIN_MAJ7 inv:3
10,ChordType.MIN_MIN7,3,0.9250195575852318,17.0,1.0,MIN_MIN7 inv:3
10,ChordType.DIM7,3,0.6263196071104328,19.0,0.75,DIM7 inv:3
10,ChordType.HALF_DIM7,3,0.7367595822200814,16.0,0.875,HALF_DIM7 inv:3
10,ChordType.AUG_MIN7,3,0.9086625591807816,17.0,1.0,AUG_MIN7 inv:3
10,ChordType.AUG_MAJ7,3,0.9230346326345122,14.0,1.0,AUG_MAJ7 inv:3
11,ChordType.MAJ_MAJ7,3,0.9357115272855852,9.0,1.0,MAJ_MAJ7 inv:3
11,ChordType.MAJ_MIN7,3,0.9436113422942758,12.0,1.0,MAJ_MIN7 inv:3
11,ChordType.MIN_MAJ7,3,0.9140264925888504,10.0,1.0,MIN_MAJ7 inv:3
11,ChordType.MIN_MIN7,3,0.9313389457951128,13.0,1.0,MIN_MIN7 inv:3
11,ChordType.DIM7,3,0.9216568140854424,17.0,1.0,DIM7 inv:3
11,ChordType.HALF_DIM7,3,0.9312981233778188,14.0,1.0,HALF_DIM7 inv:3
11,ChordType.AUG_MIN7,3,0.7672389866226987,11.0,0.875,AUG_MIN7 inv:3
11,ChordType.AUG_MAJ7,3,0.8054899795709146,8.0,0.875,AUG_MAJ7 inv:3
