chord_root_tpc,chord_root_midi,chord_type,chord_inversion,key_tonic_tpc,key_tonic_midi,key_mode,duration,interval
6,6,ChordType.MAJOR,0,6,6,KeyMode.MAJOR,1/4,"[0, 0.25]"
6,6,ChordType.MAJOR,0,6,6,KeyMode.MAJOR,3/16,"[0.25, 0.4375]"
11,5,ChordType.DIMINISHED,2,6,6,KeyMode.MAJOR,1/16,"[0.4375, 0.5]"
11,5,ChordType.DIMINISHED,2,6,6,KeyMode.MAJOR,1/4,"[0.5, 0.75]"
6,6,ChordType.MAJOR,0,6,6,KeyMode.MAJOR,1/8,"[0.75, 0.875]"
6,6,ChordType.MAJ_MIN7,0,5,11,KeyMode.MAJOR,1/8,"[0.875, 1.0]"
5,11,ChordType.MAJOR,1,6,6,KeyMode.MAJOR,1/4,"[1.0, 1.25]"
11,5,ChordType.HALF_DIM7,0,6,6,KeyMode.MAJOR,3/16,"[1.25, 1.4375]"
7,1,ChordType.MAJOR,1,6,6,KeyMode.MAJOR,1/16,"[1.4375, 1.5]"
6,6,ChordType.MAJOR,0,6,6,KeyMode.MAJOR,1/32,"[1.5, 1.53125]"
6,6,ChordType.MAJOR,0,6,6,KeyMode.MAJOR,1/32,"[1.53125, 1.5625]"
6,6,ChordType.MAJOR,0,6,6,KeyMode.MAJOR,1/32,"[1.5625, 1.59375]"
6,6,ChordType.MAJOR,0,6,6,KeyMode.MAJOR,1/32,"[1.59375, 1.625]"
6,6,ChordType.MAJOR,0,6,6,KeyMode.MAJOR,1/8,"[1.625, 1.75]"
6,6,ChordType.MAJOR,1,6,6,KeyMode.MAJOR,3/16,"[1.75, 1.9375]"
6,6,ChordType.MAJOR,1,6,6,KeyMode.MAJOR,1/16,"[1.9375, 2.0]"
6,6,ChordType.MAJOR,0,6,6,KeyMode.MAJOR,1/8,"[2.0, 2.125]"
6,6,ChordType.MAJOR,0,6,6,KeyMode.MAJOR,1/8,"[2.125, 2.25]"
6,6,ChordType.MAJOR,0,6,6,KeyMode.MAJOR,1/8,"[2.25, 2.375]"
6,6,ChordType.MAJOR,0,6,6,KeyMode.MAJOR,1/8,"[2.375, 2.5]"
7,1,ChordType.MAJ_MIN7,3,6,6,KeyMode.MAJOR,1/8,"[2.5, 2.625]"
7,1,ChordType.MAJ_MIN7,3,6,6,KeyMode.MAJOR,1/8,"[2.625, 2.75]"
6,6,ChordType.MAJOR,0,6,6,KeyMode.MAJOR,1/8,"[2.75, 2.875]"
6,6,ChordType.MAJOR,0,6,6,KeyMode.MAJOR,1/8,"[2.875, 3.0]"
7,1,ChordType.MAJ_MIN7,0,6,6,KeyMode.MAJOR,1/8,"[3.0, 3.125]"
7,1,ChordType.MAJ_MIN7,0,6,6,KeyMode.MAJOR,1/8,"[3.125, 3.25]"
7,1,ChordType.MAJ_MIN7,0,6,6,KeyMode.MAJOR,1/8,"[3.25, 3.375]"
7,1,ChordType.MAJ_MIN7,0,6,6,KeyMode.MAJOR,1/8,"[3.375, 3.5]"
7,1,ChordType.MAJ_MIN7,0,6,6,KeyMode.MAJOR,1/8,"[3.5, 3.625]"
7,1,ChordType.MAJ_MIN7,0,6,6,KeyMode.MAJOR,1/8,"[3.625, 3.75]"
7,1,ChordType.MAJOR,0,6,6,KeyMode.MAJOR,1/8,"[3.75, 3.875]"
7,1,ChordType.MAJOR,0,6,6,KeyMode.MAJOR,1/8,"[3.875, 4.0]"
6,6,ChordType.MAJOR,0,6,6,KeyMode.MAJOR,1/8,"[4.0, 4.125]"
6,6,ChordType.MAJOR,0,6,6,KeyMode.MAJOR,1/8,"[4.125, 4.25]"
5,11,ChordType.MAJOR,0,6,6,KeyMode.MAJOR,1/8,"[4.25, 4.375]"
5,11,ChordType.MAJOR,0,6,6,KeyMode.MAJOR,1/8,"[4.375, 4.5]"
6,6,ChordType.MAJOR,0,6,6,KeyMode.MAJOR,1/8,"[4.5, 4.625]"
6,6,ChordType.MAJOR,0,6,6,KeyMode.MAJOR,1/8,"[4.625, 4.75]"
5,11,ChordType.MAJOR,1,6,6,KeyMode.MAJOR,1/8,"[4.75, 4.875]"
5,11,ChordType.MAJOR,1,6,6,KeyMode.MAJOR,1/8,"[4.875, 5.0]"
7,1,ChordType.MAJOR,0,6,6,KeyMode.MAJOR,1/8,"[5.0, 5.125]"
7,1,ChordType.MAJOR,0,6,6,KeyMode.MAJOR,1/8,"[5.125, 5.25]"
5,11,ChordType.MAJOR,0,6,6,KeyMode.MAJOR,1/8,"[5.25, 5.375]"
5,11,ChordType.MAJOR,0,6,6,KeyMode.MAJOR,1/8,"[5.375, 5.5]"
6,6,ChordType.MAJOR,0,6,6,KeyMode.MAJOR,1/8,"[5.5, 5.625]"
6,6,ChordType.MAJOR,0,6,6,KeyMode.MAJOR,1/8,"[5.625, 5.75]"
6,6,ChordType.MAJOR,0,6,6,KeyMode.MAJOR,1/16,"[5.75, 5.8125]"
6,6,ChordType.MAJOR,0,6,6,KeyMode.MAJOR,1/16,"[5.8125, 5.875]"
6,6,ChordType.MAJOR,0,6,6,KeyMode.MAJOR,1/16,"[5.875, 5.9375]"
6,6,ChordType.MAJOR,0,6,6,KeyMode.MAJOR,1/16,"[5.9375, 6.0]"
7,1,ChordType.MAJ_MIN7,2,6,6,KeyMode.MAJOR,1/16,"[6.0, 6.0625]"
7,1,ChordType.MAJ_MIN7,2,6,6,KeyMode.MAJOR,1/16,"[6.0625, 6.125]"
7,1,ChordType.MAJ_MIN7,2,6,6,KeyMode.MAJOR,1/16,"[6.125, 6.1875]"
7,1,ChordType.MAJ_MIN7,2,6,6,KeyMode.MAJOR,1/16,"[6.1875, 6.25]"
7,1,ChordType.MAJ_MIN7,0,6,6,KeyMode.MAJOR,1/16,"[6.25, 6.3125]"
7,1,ChordType.MAJ_MIN7,0,6,6,KeyMode.MAJOR,1/16,"[6.3125, 6.375]"
7,1,ChordType.MAJ_MIN7,0,6,6,KeyMode.MAJOR,1/16,"[6.375, 6.4375]"
7,1,ChordType.MAJ_MIN7,0,6,6,KeyMode.MAJOR,1/16,"[6.4375, 6.5]"
7,1,ChordType.MAJOR,0,6,6,KeyMode.MAJOR,1/4,"[6.5, 6.75]"
7,1,ChordType.MAJ_MIN7,2,6,6,KeyMode.MAJOR,1/16,"[6.75, 6.8125]"
7,1,ChordType.MAJ_MIN7,2,6,6,KeyMode.MAJOR,1/16,"[6.8125, 6.875]"
7,1,ChordType.MAJ_MIN7,2,6,6,KeyMode.MAJOR,1/16,"[6.875, 6.9375]"
7,1,ChordType.MAJ_MIN7,2,6,6,KeyMode.MAJOR,1/16,"[6.9375, 7.0]"
6,6,ChordType.MAJOR,1,6,6,KeyMode.MAJOR,1/16,"[7.0, 7.0625]"
6,6,ChordType.MAJOR,1,6,6,KeyMode.MAJOR,1/16,"[7.0625, 7.125]"
6,6,ChordType.MAJOR,1,6,6,KeyMode.MAJOR,1/16,"[7.125, 7.1875]"
6,6,ChordType.MAJOR,1,6,6,KeyMode.MAJOR,1/16,"[7.1875, 7.25]"
6,6,ChordType.MAJOR,1,6,6,KeyMode.MAJOR,1/16,"[7.25, 7.3125]"
6,6,ChordType.MAJOR,1,6,6,KeyMode.MAJOR,1/16,"[7.3125, 7.375]"
6,6,ChordType.MAJOR,1,6,6,KeyMode.MAJOR,1/16,"[7.375, 7.4375]"
6,6,ChordType.MAJOR,1,6,6,KeyMode.MAJOR,1/16,"[7.4375, 7.5]"
6,6,ChordType.MAJOR,1,6,6,KeyMode.MAJOR,1/4,"[7.5, 7.75]"
6,6,ChordType.MAJOR,0,6,6,KeyMode.MAJOR,1/12,"[7.75, 7.833333333333333]"
6,6,ChordType.MAJOR,0,6,6,KeyMode.MAJOR,1/12,"[7.833333333333333, 7.916666666666667]"
6,6,ChordType.MAJOR,0,6,6,KeyMode.MAJOR,1/12,"[7.916666666666667, 8.0]"
8,8,ChordType.MINOR,1,6,6,KeyMode.MAJOR,1/12,"[8.0, 8.083333333333334]"
8,8,ChordType.MINOR,1,6,6,KeyMode.MAJOR,1/12,"[8.083333333333334, 8.166666666666666]"
8,8,ChordType.MINOR,1,6,6,KeyMode.MAJOR,1/12,"[8.166666666666666, 8.25]"
8,8,ChordType.MINOR,1,6,6,KeyMode.MAJOR,1/12,"[8.25, 8.333333333333334]"
8,8,ChordType.MINOR,1,6,6,KeyMode.MAJOR,1/12,"[8.333333333333334, 8.416666666666666]"
8,8,ChordType.MINOR,1,6,6,KeyMode.MAJOR,1/12,"[8.416666666666666, 8.5]"
7,1,ChordType.MAJOR,0,6,6,KeyMode.MAJOR,1/12,"[8.5, 8.583333333333334]"
7,1,ChordType.MAJOR,0,6,6,KeyMode.MAJOR,1/12,"[8.583333333333334, 8.666666666666666]"
7,1,ChordType.MAJOR,0,6,6,KeyMode.MAJOR,1/12,"[8.666666666666666, 8.75]"
7,1,ChordType.MAJ_MIN7,0,6,6,KeyMode.MAJOR,1/12,"[8.75, 8.833333333333334]"
7,1,ChordType.MAJ_MIN7,0,6,6,KeyMode.MAJOR,1/12,"[8.833333333333334, 8.916666666666666]"
7,1,ChordType.MAJ_MIN7,0,6,6,KeyMode.MAJOR,1/12,"[8.916666666666666, 9.0]"
6,6,ChordType.MAJOR,0,6,6,KeyMode.MAJOR,1/4,"[9.0, 9.25]"
7,1,ChordType.MAJOR,0,6,6,KeyMode.MAJOR,1/4,"[9.25, 9.5]"
6,6,ChordType.MAJOR,0,6,6,KeyMode.MAJOR,1/2,"[9.5, 10.0]"
6,6,ChordType.MAJOR,0,6,6,KeyMode.MAJOR,1/2,"[10.0, 10.5]"
8,8,ChordType.MINOR,1,6,6,KeyMode.MAJOR,1/2,"[10.5, 11.0]"
7,1,ChordType.MAJOR,0,6,6,KeyMode.MAJOR,1/4,"[11.0, 11.25]"
6,6,ChordType.MAJOR,0,6,6,KeyMode.MAJOR,1/4,"[11.25, 11.5]"
7,1,ChordType.MAJ_MIN7,0,6,6,KeyMode.MAJOR,1/2,"[11.5, 12.0]"
7,1,ChordType.MAJ_MIN7,1,6,6,KeyMode.MAJOR,1/2,"[12.0, 12.5]"
7,1,ChordType.MAJ_MIN7,0,6,6,KeyMode.MAJOR,1/2,"[12.5, 13.0]"
6,6,ChordType.MAJOR,0,6,6,KeyMode.MAJOR,1/4,"[13.0, 13.25]"
6,6,ChordType.MAJOR,1,6,6,KeyMode.MAJOR,1/16,"[13.25, 13.3125]"
6,6,ChordType.MAJOR,1,6,6,KeyMode.MAJOR,1/16,"[13.3125, 13.375]"
6,6,ChordType.MAJOR,1,6,6,KeyMode.MAJOR,1/16,"[13.375, 13.4375]"
6,6,ChordType.MAJOR,1,6,6,KeyMode.MAJOR,1/16,"[13.4375, 13.5]"
6,6,ChordType.MAJOR,0,6,6,KeyMode.MAJOR,1/4,"[13.5, 13.75]"
6,6,ChordType.MAJOR,0,6,6,KeyMode.MAJOR,1/4,"[13.75, 14.0]"
11,5,ChordType.DIMINISHED,1,6,6,KeyMode.MAJOR,1/4,"[14.0, 14.25]"
11,5,ChordType.DIMINISHED,1,6,6,KeyMode.MAJOR,3/16,"[14.25, 14.4375]"
11,5,ChordType.DIMINISHED,1,6,6,KeyMode.MAJOR,1/16,"[14.4375, 14.5]"
11,5,ChordType.DIMINISHED,1,6,6,KeyMode.MAJOR,1/4,"[14.5, 14.75]"
11,5,ChordType.DIMINISHED,1,6,6,KeyMode.MAJOR,1/4,"[14.75, 15.0]"
10,10,ChordType.MAJ_MIN7,3,9,3,KeyMode.MINOR,1/16,"[15.0, 15.0625]"
10,10,ChordType.MAJ_MIN7,3,9,3,KeyMode.MINOR,1/16,"[15.0625, 15.125]"
10,10,ChordType.MAJ_MIN7,3,9,3,KeyMode.MINOR,1/16,"[15.125, 15.1875]"
10,10,ChordType.MAJ_MIN7,3,9,3,KeyMode.MINOR,1/16,"[15.1875, 15.25]"
10,10,ChordType.MAJ_MIN7,3,9,3,KeyMode.MINOR,1/16,"[15.25, 15.3125]"
10,10,ChordType.MAJ_MIN7,3,9,3,KeyMode.MINOR,1/16,"[15.3125, 15.375]"
10,10,ChordType.MAJ_MIN7,3,9,3,KeyMode.MINOR,1/16,"[15.375, 15.4375]"
10,10,ChordType.MAJ_MIN7,3,9,3,KeyMode.MINOR,1/16,"[15.4375, 15.5]"
10,10,ChordType.MAJ_MIN7,2,9,3,KeyMode.MINOR,1/16,"[15.5, 15.5625]"
10,10,ChordType.MAJ_MIN7,2,9,3,KeyMode.MINOR,1/16,"[15.5625, 15.625]"
10,10,ChordType.MAJ_MIN7,2,9,3,KeyMode.MINOR,1/16,"[15.625, 15.6875]"
10,10,ChordType.MAJ_MIN7,2,9,3,KeyMode.MINOR,1/16,"[15.6875, 15.75]"
10,10,ChordType.MAJ_MIN7,0,9,3,KeyMode.MINOR,1/16,"[15.75, 15.8125]"
10,10,ChordType.MAJ_MIN7,0,9,3,KeyMode.MINOR,1/16,"[15.8125, 15.875]"
10,10,ChordType.MAJ_MIN7,0,9,3,KeyMode.MINOR,1/16,"[15.875, 15.9375]"
10,10,ChordType.MAJ_MIN7,0,9,3,KeyMode.MINOR,1/16,"[15.9375, 16.0]"
10,10,ChordType.MAJOR,0,9,3,KeyMode.MINOR,1/16,"[16.0, 16.0625]"
10,10,ChordType.MAJOR,0,9,3,KeyMode.MINOR,1/16,"[16.0625, 16.125]"
10,10,ChordType.MAJOR,0,9,3,KeyMode.MINOR,1/16,"[16.125, 16.1875]"
10,10,ChordType.MAJOR,0,9,3,KeyMode.MINOR,1/16,"[16.1875, 16.25]"
10,10,ChordType.MAJ_MIN7,3,9,3,KeyMode.MINOR,1/16,"[16.25, 16.3125]"
10,10,ChordType.MAJ_MIN7,3,9,3,KeyMode.MINOR,1/16,"[16.3125, 16.375]"
10,10,ChordType.MAJ_MIN7,3,9,3,KeyMode.MINOR,1/16,"[16.375, 16.4375]"
10,10,ChordType.MAJ_MIN7,3,9,3,KeyMode.MINOR,1/16,"[16.4375, 16.5]"
9,3,ChordType.MINOR,1,7,1,KeyMode.MAJOR,1/16,"[16.5, 16.5625]"
9,3,ChordType.MINOR,1,7,1,KeyMode.MAJOR,1/16,"[16.5625, 16.625]"
9,3,ChordType.MINOR,1,7,1,KeyMode.MAJOR,1/16,"[16.625, 16.6875]"
9,3,ChordType.MINOR,1,7,1,KeyMode.MAJOR,1/16,"[16.6875, 16.75]"
9,3,ChordType.MINOR,1,7,1,KeyMode.MAJOR,1/16,"[16.75, 16.8125]"
9,3,ChordType.MINOR,1,7,1,KeyMode.MAJOR,1/16,"[16.8125, 16.875]"
9,3,ChordType.MINOR,1,7,1,KeyMode.MAJOR,1/16,"[16.875, 16.9375]"
9,3,ChordType.MINOR,1,7,1,KeyMode.MAJOR,1/16,"[16.9375, 17.0]"
15,9,ChordType.DIM7,3,10,10,KeyMode.MINOR,1/16,"[17.0, 17.0625]"
15,9,ChordType.DIM7,3,10,10,KeyMode.MINOR,1/16,"[17.0625, 17.125]"
15,9,ChordType.DIM7,3,10,10,KeyMode.MINOR,1/16,"[17.125, 17.1875]"
15,9,ChordType.DIM7,3,10,10,KeyMode.MINOR,1/16,"[17.1875, 17.25]"
8,8,ChordType.MAJ_MIN7,3,7,1,KeyMode.MAJOR,1/16,"[17.25, 17.3125]"
8,8,ChordType.MAJ_MIN7,3,7,1,KeyMode.MAJOR,1/16,"[17.3125, 17.375]"
8,8,ChordType.MAJ_MIN7,3,7,1,KeyMode.MAJOR,1/16,"[17.375, 17.4375]"
8,8,ChordType.MAJ_MIN7,3,7,1,KeyMode.MAJOR,1/16,"[17.4375, 17.5]"
15,9,ChordType.DIM7,3,10,10,KeyMode.MINOR,1/16,"[17.5, 17.5625]"
15,9,ChordType.DIM7,3,10,10,KeyMode.MINOR,1/16,"[17.5625, 17.625]"
15,9,ChordType.DIM7,3,10,10,KeyMode.MINOR,1/16,"[17.625, 17.6875]"
15,9,ChordType.DIM7,3,10,10,KeyMode.MINOR,1/16,"[17.6875, 17.75]"
8,8,ChordType.MAJ_MIN7,3,7,1,KeyMode.MAJOR,1/16,"[17.75, 17.8125]"
8,8,ChordType.MAJ_MIN7,3,7,1,KeyMode.MAJOR,1/16,"[17.8125, 17.875]"
8,8,ChordType.MAJ_MIN7,3,7,1,KeyMode.MAJOR,1/16,"[17.875, 17.9375]"
8,8,ChordType.MAJ_MIN7,3,7,1,KeyMode.MAJOR,1/16,"[17.9375, 18.0]"
15,9,ChordType.DIM7,3,10,10,KeyMode.MINOR,1/16,"[18.0, 18.0625]"
15,9,ChordType.DIM7,3,10,10,KeyMode.MINOR,1/16,"[18.0625, 18.125]"
15,9,ChordType.DIM7,3,10,10,KeyMode.MINOR,1/16,"[18.125, 18.1875]"
15,9,ChordType.DIM7,3,10,10,KeyMode.MINOR,1/16,"[18.1875, 18.25]"
8,8,ChordType.MAJ_MIN7,3,7,1,KeyMode.MAJOR,1/16,"[18.25, 18.3125]"
8,8,ChordType.MAJ_MIN7,3,7,1,KeyMode.MAJOR,1/16,"[18.3125, 18.375]"
8,8,ChordType.MAJ_MIN7,3,7,1,KeyMode.MAJOR,1/16,"[18.375, 18.4375]"
8,8,ChordType.MAJ_MIN7,3,7,1,KeyMode.MAJOR,1/16,"[18.4375, 18.5]"
8,8,ChordType.MAJ_MIN7,2,7,1,KeyMode.MAJOR,1/16,"[18.5, 18.5625]"
8,8,ChordType.MAJ_MIN7,2,7,1,KeyMode.MAJOR,1/16,"[18.5625, 18.625]"
8,8,ChordType.MAJ_MIN7,2,7,1,KeyMode.MAJOR,1/16,"[18.625, 18.6875]"
8,8,ChordType.MAJ_MIN7,2,7,1,KeyMode.MAJOR,1/16,"[18.6875, 18.75]"
9,3,ChordType.MINOR,1,7,1,KeyMode.MAJOR,1/16,"[18.75, 18.8125]"
9,3,ChordType.MINOR,1,7,1,KeyMode.MAJOR,1/16,"[18.8125, 18.875]"
9,3,ChordType.MINOR,1,7,1,KeyMode.MAJOR,1/16,"[18.875, 18.9375]"
9,3,ChordType.MINOR,1,7,1,KeyMode.MAJOR,1/16,"[18.9375, 19.0]"
15,9,ChordType.DIM7,3,10,10,KeyMode.MINOR,1/16,"[19.0, 19.0625]"
15,9,ChordType.DIM7,3,10,10,KeyMode.MINOR,1/16,"[19.0625, 19.125]"
15,9,ChordType.DIM7,3,10,10,KeyMode.MINOR,1/16,"[19.125, 19.1875]"
15,9,ChordType.DIM7,3,10,10,KeyMode.MINOR,1/16,"[19.1875, 19.25]"
8,8,ChordType.MAJ_MIN7,3,7,1,KeyMode.MAJOR,1/16,"[19.25, 19.3125]"
8,8,ChordType.MAJ_MIN7,3,7,1,KeyMode.MAJOR,1/16,"[19.3125, 19.375]"
8,8,ChordType.MAJ_MIN7,3,7,1,KeyMode.MAJOR,1/16,"[19.375, 19.4375]"
8,8,ChordType.MAJ_MIN7,3,7,1,KeyMode.MAJOR,1/16,"[19.4375, 19.5]"
15,9,ChordType.DIM7,3,10,10,KeyMode.MINOR,1/16,"[19.5, 19.5625]"
15,9,ChordType.DIM7,3,10,10,KeyMode.MINOR,1/16,"[19.5625, 19.625]"
15,9,ChordType.DIM7,3,10,10,KeyMode.MINOR,1/16,"[19.625, 19.6875]"
15,9,ChordType.DIM7,3,10,10,KeyMode.MINOR,1/16,"[19.6875, 19.75]"
8,8,ChordType.MAJ_MIN7,3,7,1,KeyMode.MAJOR,1/16,"[19.75, 19.8125]"
8,8,ChordType.MAJ_MIN7,3,7,1,KeyMode.MAJOR,1/16,"[19.8125, 19.875]"
8,8,ChordType.MAJ_MIN7,3,7,1,KeyMode.MAJOR,1/16,"[19.875, 19.9375]"
8,8,ChordType.MAJ_MIN7,3,7,1,KeyMode.MAJOR,1/16,"[19.9375, 20.0]"
15,9,ChordType.DIM7,3,10,10,KeyMode.MINOR,1/16,"[20.0, 20.0625]"
15,9,ChordType.DIM7,3,10,10,KeyMode.MINOR,1/16,"[20.0625, 20.125]"
15,9,ChordType.DIM7,3,10,10,KeyMode.MINOR,1/16,"[20.125, 20.1875]"
15,9,ChordType.DIM7,3,10,10,KeyMode.MINOR,1/16,"[20.1875, 20.25]"
8,8,ChordType.MAJ_MIN7,3,7,1,KeyMode.MAJOR,1/16,"[20.25, 20.3125]"
8,8,ChordType.MAJ_MIN7,3,7,1,KeyMode.MAJOR,1/16,"[20.3125, 20.375]"
8,8,ChordType.MAJ_MIN7,3,7,1,KeyMode.MAJOR,1/16,"[20.375, 20.4375]"
8,8,ChordType.MAJ_MIN7,3,7,1,KeyMode.MAJOR,1/16,"[20.4375, 20.5]"
8,8,ChordType.MAJ_MIN7,2,7,1,KeyMode.MAJOR,1/16,"[20.5, 20.5625]"
8,8,ChordType.MAJ_MIN7,2,7,1,KeyMode.MAJOR,1/16,"[20.5625, 20.625]"
8,8,ChordType.MAJ_MIN7,2,7,1,KeyMode.MAJOR,1/16,"[20.625, 20.6875]"
8,8,ChordType.MAJ_MIN7,2,7,1,KeyMode.MAJOR,1/16,"[20.6875, 20.75]"
9,3,ChordType.MINOR,1,7,1,KeyMode.MAJOR,1/16,"[20.75, 20.8125]"
9,3,ChordType.MINOR,1,7,1,KeyMode.MAJOR,1/16,"[20.8125, 20.875]"
9,3,ChordType.MINOR,1,7,1,KeyMode.MAJOR,1/16,"[20.875, 20.9375]"
9,3,ChordType.MINOR,1,7,1,KeyMode.MAJOR,1/16,"[20.9375, 21.0]"
8,8,ChordType.MAJ_MIN7,3,7,1,KeyMode.MAJOR,1/16,"[21.0, 21.0625]"
8,8,ChordType.MAJ_MIN7,3,7,1,KeyMode.MAJOR,1/16,"[21.0625, 21.125]"
8,8,ChordType.MAJ_MIN7,3,7,1,KeyMode.MAJOR,1/16,"[21.125, 21.1875]"
8,8,ChordType.MAJ_MIN7,3,7,1,KeyMode.MAJOR,1/16,"[21.1875, 21.25]"
7,1,ChordType.MAJOR,1,7,1,KeyMode.MAJOR,1/16,"[21.25, 21.3125]"
7,1,ChordType.MAJOR,1,7,1,KeyMode.MAJOR,1/16,"[21.3125, 21.375]"
7,1,ChordType.MAJOR,1,7,1,KeyMode.MAJOR,1/16,"[21.375, 21.4375]"
7,1,ChordType.MAJOR,1,7,1,KeyMode.MAJOR,1/16,"[21.4375, 21.5]"
7,1,ChordType.MAJOR,1,7,1,KeyMode.MAJOR,1/16,"[21.5, 21.5625]"
7,1,ChordType.MAJOR,1,7,1,KeyMode.MAJOR,1/16,"[21.5625, 21.625]"
7,1,ChordType.MAJOR,1,7,1,KeyMode.MAJOR,1/16,"[21.625, 21.6875]"
7,1,ChordType.MAJOR,1,7,1,KeyMode.MAJOR,1/16,"[21.6875, 21.75]"
7,1,ChordType.MAJOR,1,7,1,KeyMode.MAJOR,1/16,"[21.75, 21.8125]"
7,1,ChordType.MAJOR,1,7,1,KeyMode.MAJOR,1/16,"[21.8125, 21.875]"
7,1,ChordType.MAJOR,1,7,1,KeyMode.MAJOR,1/16,"[21.875, 21.9375]"
7,1,ChordType.MAJOR,1,7,1,KeyMode.MAJOR,1/16,"[21.9375, 22.0]"
7,1,ChordType.MAJOR,1,7,1,KeyMode.MAJOR,1/16,"[22.0, 22.0625]"
7,1,ChordType.MAJOR,1,7,1,KeyMode.MAJOR,1/16,"[22.0625, 22.125]"
7,1,ChordType.MAJOR,1,7,1,KeyMode.MAJOR,1/16,"[22.125, 22.1875]"
7,1,ChordType.MAJOR,1,7,1,KeyMode.MAJOR,1/16,"[22.1875, 22.25]"
7,1,ChordType.MAJOR,1,7,1,KeyMode.MAJOR,1/16,"[22.25, 22.3125]"
7,1,ChordType.MAJOR,1,7,1,KeyMode.MAJOR,1/16,"[22.3125, 22.375]"
7,1,ChordType.MAJOR,1,7,1,KeyMode.MAJOR,1/16,"[22.375, 22.4375]"
7,1,ChordType.MAJOR,1,7,1,KeyMode.MAJOR,1/16,"[22.4375, 22.5]"
7,1,ChordType.MAJOR,1,7,1,KeyMode.MAJOR,1/16,"[22.5, 22.5625]"
7,1,ChordType.MAJOR,1,7,1,KeyMode.MAJOR,1/16,"[22.5625, 22.625]"
7,1,ChordType.MAJOR,1,7,1,KeyMode.MAJOR,1/16,"[22.625, 22.6875]"
7,1,ChordType.MAJOR,1,7,1,KeyMode.MAJOR,1/16,"[22.6875, 22.75]"
7,1,ChordType.MAJOR,1,7,1,KeyMode.MAJOR,1/16,"[22.75, 22.8125]"
7,1,ChordType.MAJOR,1,7,1,KeyMode.MAJOR,1/16,"[22.8125, 22.875]"
7,1,ChordType.MAJOR,1,7,1,KeyMode.MAJOR,1/16,"[22.875, 22.9375]"
7,1,ChordType.MAJOR,1,7,1,KeyMode.MAJOR,1/16,"[22.9375, 23.0]"
13,7,ChordType.MAJOR,1,8,8,KeyMode.MAJOR,1/16,"[23.0, 23.0625]"
13,7,ChordType.MAJOR,1,8,8,KeyMode.MAJOR,1/16,"[23.0625, 23.125]"
13,7,ChordType.MAJOR,1,8,8,KeyMode.MAJOR,1/16,"[23.125, 23.1875]"
13,7,ChordType.MAJOR,1,8,8,KeyMode.MAJOR,1/16,"[23.1875, 23.25]"
13,7,ChordType.MAJOR,1,8,8,KeyMode.MAJOR,1/16,"[23.25, 23.3125]"
13,7,ChordType.MAJOR,1,8,8,KeyMode.MAJOR,1/16,"[23.3125, 23.375]"
13,7,ChordType.MAJOR,1,8,8,KeyMode.MAJOR,1/16,"[23.375, 23.4375]"
13,7,ChordType.MAJOR,1,8,8,KeyMode.MAJOR,1/16,"[23.4375, 23.5]"
13,7,ChordType.MAJOR,1,8,8,KeyMode.MAJOR,1/16,"[23.5, 23.5625]"
13,7,ChordType.MAJOR,1,8,8,KeyMode.MAJOR,1/16,"[23.5625, 23.625]"
13,7,ChordType.MAJOR,1,8,8,KeyMode.MAJOR,1/16,"[23.625, 23.6875]"
13,7,ChordType.MAJOR,1,8,8,KeyMode.MAJOR,1/16,"[23.6875, 23.75]"
13,7,ChordType.MAJOR,1,8,8,KeyMode.MAJOR,1/16,"[23.75, 23.8125]"
13,7,ChordType.MAJOR,1,8,8,KeyMode.MAJOR,1/16,"[23.8125, 23.875]"
13,7,ChordType.MAJOR,1,8,8,KeyMode.MAJOR,1/16,"[23.875, 23.9375]"
13,7,ChordType.MAJOR,1,8,8,KeyMode.MAJOR,1/16,"[23.9375, 24.0]"
8,8,ChordType.MAJ_MIN7,0,7,1,KeyMode.MAJOR,1/16,"[24.0, 24.0625]"
8,8,ChordType.MAJ_MIN7,0,7,1,KeyMode.MAJOR,1/16,"[24.0625, 24.125]"
8,8,ChordType.MAJ_MIN7,0,7,1,KeyMode.MAJOR,1/16,"[24.125, 24.1875]"
8,8,ChordType.MAJ_MIN7,0,7,1,KeyMode.MAJOR,1/16,"[24.1875, 24.25]"
8,8,ChordType.MAJ_MIN7,0,7,1,KeyMode.MAJOR,1/16,"[24.25, 24.3125]"
8,8,ChordType.MAJ_MIN7,0,7,1,KeyMode.MAJOR,1/16,"[24.3125, 24.375]"
8,8,ChordType.MAJ_MIN7,0,7,1,KeyMode.MAJOR,1/16,"[24.375, 24.4375]"
8,8,ChordType.MAJ_MIN7,0,7,1,KeyMode.MAJOR,1/16,"[24.4375, 24.5]"
8,8,ChordType.MAJ_MIN7,0,7,1,KeyMode.MAJOR,1/16,"[24.5, 24.5625]"
8,8,ChordType.MAJ_MIN7,0,7,1,KeyMode.MAJOR,1/16,"[24.5625, 24.625]"
8,8,ChordType.MAJ_MIN7,0,7,1,KeyMode.MAJOR,1/16,"[24.625, 24.6875]"
8,8,ChordType.MAJ_MIN7,0,7,1,KeyMode.MAJOR,1/16,"[24.6875, 24.75]"
8,8,ChordType.MAJ_MIN7,0,7,1,KeyMode.MAJOR,1/16,"[24.75, 24.8125]"
8,8,ChordType.MAJ_MIN7,0,7,1,KeyMode.MAJOR,1/16,"[24.8125, 24.875]"
8,8,ChordType.MAJ_MIN7,0,7,1,KeyMode.MAJOR,1/16,"[24.875, 24.9375]"
8,8,ChordType.MAJ_MIN7,0,7,1,KeyMode.MAJOR,1/16,"[24.9375, 25.0]"
7,1,ChordType.MAJOR,0,7,1,KeyMode.MAJOR,1/2,"[25.0, 25.5]"
7,1,ChordType.MAJOR,0,7,1,KeyMode.MAJOR,1/12,"[25.5, 25.583333333333332]"
7,1,ChordType.MAJOR,0,7,1,KeyMode.MAJOR,1/12,"[25.583333333333332, 25.666666666666668]"
7,1,ChordType.MAJOR,0,7,1,KeyMode.MAJOR,1/12,"[25.666666666666668, 25.75]"
7,1,ChordType.MAJOR,0,7,1,KeyMode.MAJOR,1/12,"[25.75, 25.833333333333332]"
7,1,ChordType.MAJOR,0,7,1,KeyMode.MAJOR,1/12,"[25.833333333333332, 25.916666666666668]"
7,1,ChordType.MAJOR,0,7,1,KeyMode.MAJOR,1/12,"[25.916666666666668, 26.0]"
7,1,ChordType.MAJOR,0,7,1,KeyMode.MAJOR,1/12,"[26.0, 26.083333333333332]"
7,1,ChordType.MAJOR,0,7,1,KeyMode.MAJOR,1/12,"[26.083333333333332, 26.166666666666668]"
7,1,ChordType.MAJOR,0,7,1,KeyMode.MAJOR,1/12,"[26.166666666666668, 26.25]"
7,1,ChordType.MAJOR,0,7,1,KeyMode.MAJOR,1/12,"[26.25, 26.333333333333332]"
7,1,ChordType.MAJOR,0,7,1,KeyMode.MAJOR,1/12,"[26.333333333333332, 26.416666666666668]"
7,1,ChordType.MAJOR,0,7,1,KeyMode.MAJOR,1/12,"[26.416666666666668, 26.5]"
7,1,ChordType.MAJOR,0,7,1,KeyMode.MAJOR,1/12,"[26.5, 26.583333333333332]"
7,1,ChordType.MAJOR,0,7,1,KeyMode.MAJOR,1/12,"[26.583333333333332, 26.666666666666668]"
7,1,ChordType.MAJOR,0,7,1,KeyMode.MAJOR,1/12,"[26.666666666666668, 26.75]"
8,8,ChordType.MAJ_MIN7,0,7,1,KeyMode.MAJOR,1/12,"[26.75, 26.833333333333332]"
8,8,ChordType.MAJ_MIN7,0,7,1,KeyMode.MAJOR,1/12,"[26.833333333333332, 26.916666666666668]"
8,8,ChordType.MAJ_MIN7,0,7,1,KeyMode.MAJOR,1/12,"[26.916666666666668, 27.0]"
7,1,ChordType.MAJOR,0,7,1,KeyMode.MAJOR,1/4,"[27.0, 27.25]"
7,1,ChordType.MAJOR,0,7,1,KeyMode.MAJOR,1/12,"[27.25, 27.333333333333332]"
7,1,ChordType.MAJOR,0,7,1,KeyMode.MAJOR,1/12,"[27.333333333333332, 27.416666666666668]"
7,1,ChordType.MAJOR,0,7,1,KeyMode.MAJOR,1/12,"[27.416666666666668, 27.5]"
7,1,ChordType.MAJOR,0,7,1,KeyMode.MAJOR,1/12,"[27.5, 27.583333333333332]"
7,1,ChordType.MAJOR,0,7,1,KeyMode.MAJOR,1/12,"[27.583333333333332, 27.666666666666668]"
7,1,ChordType.MAJOR,0,7,1,KeyMode.MAJOR,1/12,"[27.666666666666668, 27.75]"
7,1,ChordType.MAJOR,0,7,1,KeyMode.MAJOR,1/12,"[27.75, 27.833333333333332]"
7,1,ChordType.MAJOR,0,7,1,KeyMode.MAJOR,1/12,"[27.833333333333332, 27.916666666666668]"
7,1,ChordType.MAJOR,0,7,1,KeyMode.MAJOR,1/12,"[27.916666666666668, 28.0]"
7,1,ChordType.MAJOR,0,7,1,KeyMode.MAJOR,1/12,"[28.0, 28.083333333333332]"
7,1,ChordType.MAJOR,0,7,1,KeyMode.MAJOR,1/12,"[28.083333333333332, 28.166666666666668]"
7,1,ChordType.MAJOR,0,7,1,KeyMode.MAJOR,1/12,"[28.166666666666668, 28.25]"
7,1,ChordType.MAJOR,0,7,1,KeyMode.MAJOR,1/12,"[28.25, 28.333333333333332]"
7,1,ChordType.MAJOR,0,7,1,KeyMode.MAJOR,1/12,"[28.333333333333332, 28.416666666666668]"
7,1,ChordType.MAJOR,0,7,1,KeyMode.MAJOR,1/12,"[28.416666666666668, 28.5]"
10,10,ChordType.MAJ_MIN7,0,9,3,KeyMode.MINOR,1/4,"[28.5, 28.75]"
9,3,ChordType.MINOR,0,7,1,KeyMode.MAJOR,1/4,"[28.75, 29.0]"
8,8,ChordType.MAJ_MIN7,0,7,1,KeyMode.MAJOR,1/2,"[29.0, 29.5]"
8,8,ChordType.MAJ_MIN7,0,7,1,KeyMode.MAJOR,1/16,"[29.5, 29.5625]"
8,8,ChordType.MAJ_MIN7,0,7,1,KeyMode.MAJOR,1/16,"[29.5625, 29.625]"
8,8,ChordType.MAJ_MIN7,0,7,1,KeyMode.MAJOR,1/16,"[29.625, 29.6875]"
8,8,ChordType.MAJ_MIN7,0,7,1,KeyMode.MAJOR,1/16,"[29.6875, 29.75]"
8,8,ChordType.MAJ_MIN7,0,7,1,KeyMode.MAJOR,1/16,"[29.75, 29.8125]"
8,8,ChordType.MAJ_MIN7,0,7,1,KeyMode.MAJOR,1/16,"[29.8125, 29.875]"
8,8,ChordType.MAJ_MIN7,0,7,1,KeyMode.MAJOR,1/16,"[29.875, 29.9375]"
8,8,ChordType.MAJ_MIN7,0,7,1,KeyMode.MAJOR,1/16,"[29.9375, 30.0]"
7,1,ChordType.MAJOR,0,7,1,KeyMode.MAJOR,1/16,"[30.0, 30.0625]"
7,1,ChordType.MAJOR,0,7,1,KeyMode.MAJOR,1/16,"[30.0625, 30.125]"
7,1,ChordType.MAJOR,0,7,1,KeyMode.MAJOR,1/16,"[30.125, 30.1875]"
7,1,ChordType.MAJOR,0,7,1,KeyMode.MAJOR,1/16,"[30.1875, 30.25]"
7,1,ChordType.MAJOR,0,7,1,KeyMode.MAJOR,1/16,"[30.25, 30.3125]"
7,1,ChordType.MAJOR,0,7,1,KeyMode.MAJOR,1/16,"[30.3125, 30.375]"
7,1,ChordType.MAJOR,0,7,1,KeyMode.MAJOR,1/16,"[30.375, 30.4375]"
7,1,ChordType.MAJOR,0,7,1,KeyMode.MAJOR,1/16,"[30.4375, 30.5]"
10,10,ChordType.MAJOR,0,9,3,KeyMode.MINOR,1/4,"[30.5, 30.75]"
9,3,ChordType.MINOR,0,7,1,KeyMode.MAJOR,1/4,"[30.75, 31.0]"
8,8,ChordType.MAJ_MIN7,0,7,1,KeyMode.MAJOR,1/2,"[31.0, 31.5]"
8,8,ChordType.MAJ_MIN7,0,7,1,KeyMode.MAJOR,1/16,"[31.5, 31.5625]"
8,8,ChordType.MAJ_MIN7,0,7,1,KeyMode.MAJOR,1/16,"[31.5625, 31.625]"
8,8,ChordType.MAJ_MIN7,0,7,1,KeyMode.MAJOR,1/16,"[31.625, 31.6875]"
8,8,ChordType.MAJ_MIN7,0,7,1,KeyMode.MAJOR,1/16,"[31.6875, 31.75]"
8,8,ChordType.MAJ_MIN7,0,7,1,KeyMode.MAJOR,1/16,"[31.75, 31.8125]"
8,8,ChordType.MAJ_MIN7,0,7,1,KeyMode.MAJOR,1/16,"[31.8125, 31.875]"
8,8,ChordType.MAJ_MIN7,0,7,1,KeyMode.MAJOR,1/16,"[31.875, 31.9375]"
8,8,ChordType.MAJ_MIN7,0,7,1,KeyMode.MAJOR,1/16,"[31.9375, 32.0]"
7,1,ChordType.MAJOR,0,7,1,KeyMode.MAJOR,1/16,"[32.0, 32.0625]"
7,1,ChordType.MAJOR,0,7,1,KeyMode.MAJOR,1/16,"[32.0625, 32.125]"
7,1,ChordType.MAJOR,0,7,1,KeyMode.MAJOR,1/16,"[32.125, 32.1875]"
7,1,ChordType.MAJOR,0,7,1,KeyMode.MAJOR,1/16,"[32.1875, 32.25]"
7,1,ChordType.MAJOR,1,7,1,KeyMode.MAJOR,1/16,"[32.25, 32.3125]"
7,1,ChordType.MAJOR,1,7,1,KeyMode.MAJOR,1/16,"[32.3125, 32.375]"
7,1,ChordType.MAJOR,1,7,1,KeyMode.MAJOR,1/16,"[32.375, 32.4375]"
7,1,ChordType.MAJOR,1,7,1,KeyMode.MAJOR,1/16,"[32.4375, 32.5]"
8,8,ChordType.MAJ_MIN7,0,7,1,KeyMode.MAJOR,1/16,"[32.5, 32.5625]"
8,8,ChordType.MAJ_MIN7,0,7,1,KeyMode.MAJOR,1/16,"[32.5625, 32.625]"
8,8,ChordType.MAJ_MIN7,0,7,1,KeyMode.MAJOR,1/16,"[32.625, 32.6875]"
8,8,ChordType.MAJ_MIN7,0,7,1,KeyMode.MAJOR,1/16,"[32.6875, 32.75]"
8,8,ChordType.MAJ_MIN7,0,7,1,KeyMode.MAJOR,1/16,"[32.75, 32.8125]"
8,8,ChordType.MAJ_MIN7,0,7,1,KeyMode.MAJOR,1/16,"[32.8125, 32.875]"
8,8,ChordType.MAJ_MIN7,0,7,1,KeyMode.MAJOR,1/16,"[32.875, 32.9375]"
8,8,ChordType.MAJ_MIN7,0,7,1,KeyMode.MAJOR,1/16,"[32.9375, 33.0]"
7,1,ChordType.MAJOR,0,7,1,KeyMode.MAJOR,1/16,"[33.0, 33.0625]"
7,1,ChordType.MAJOR,0,7,1,KeyMode.MAJOR,1/16,"[33.0625, 33.125]"
7,1,ChordType.MAJOR,0,7,1,KeyMode.MAJOR,1/16,"[33.125, 33.1875]"
7,1,ChordType.MAJOR,0,7,1,KeyMode.MAJOR,1/16,"[33.1875, 33.25]"
7,1,ChordType.MAJOR,1,7,1,KeyMode.MAJOR,1/16,"[33.25, 33.3125]"
7,1,ChordType.MAJOR,1,7,1,KeyMode.MAJOR,1/16,"[33.3125, 33.375]"
7,1,ChordType.MAJOR,1,7,1,KeyMode.MAJOR,1/16,"[33.375, 33.4375]"
7,1,ChordType.MAJOR,1,7,1,KeyMode.MAJOR,1/16,"[33.4375, 33.5]"
8,8,ChordType.MAJ_MIN7,3,7,1,KeyMode.MAJOR,1/16,"[33.5, 33.5625]"
8,8,ChordType.MAJ_MIN7,3,7,1,KeyMode.MAJOR,1/16,"[33.5625, 33.625]"
8,8,ChordType.MAJ_MIN7,3,7,1,KeyMode.MAJOR,1/16,"[33.625, 33.6875]"
8,8,ChordType.MAJ_MIN7,3,7,1,KeyMode.MAJOR,1/16,"[33.6875, 33.75]"
8,8,ChordType.MAJ_MIN7,3,7,1,KeyMode.MAJOR,1/16,"[33.75, 33.8125]"
8,8,ChordType.MAJ_MIN7,3,7,1,KeyMode.MAJOR,1/16,"[33.8125, 33.875]"
8,8,ChordType.MAJ_MIN7,3,7,1,KeyMode.MAJOR,1/16,"[33.875, 33.9375]"
8,8,ChordType.MAJ_MIN7,3,7,1,KeyMode.MAJOR,1/16,"[33.9375, 34.0]"
8,8,ChordType.MAJ_MIN7,3,7,1,KeyMode.MAJOR,1/16,"[34.0, 34.0625]"
8,8,ChordType.MAJ_MIN7,3,7,1,KeyMode.MAJOR,1/16,"[34.0625, 34.125]"
8,8,ChordType.MAJ_MIN7,3,7,1,KeyMode.MAJOR,1/16,"[34.125, 34.1875]"
8,8,ChordType.MAJ_MIN7,3,7,1,KeyMode.MAJOR,1/16,"[34.1875, 34.25]"
8,8,ChordType.MAJ_MIN7,0,7,1,KeyMode.MAJOR,1/16,"[34.25, 34.3125]"
8,8,ChordType.MAJ_MIN7,0,7,1,KeyMode.MAJOR,1/16,"[34.3125, 34.375]"
8,8,ChordType.MAJ_MIN7,0,7,1,KeyMode.MAJOR,1/16,"[34.375, 34.4375]"
8,8,ChordType.MAJ_MIN7,0,7,1,KeyMode.MAJOR,1/16,"[34.4375, 34.5]"
8,8,ChordType.MAJ_MIN7,0,7,1,KeyMode.MAJOR,1/16,"[34.5, 34.5625]"
8,8,ChordType.MAJ_MIN7,0,7,1,KeyMode.MAJOR,1/16,"[34.5625, 34.625]"
8,8,ChordType.MAJ_MIN7,0,7,1,KeyMode.MAJOR,1/16,"[34.625, 34.6875]"
8,8,ChordType.MAJ_MIN7,0,7,1,KeyMode.MAJOR,1/16,"[34.6875, 34.75]"
8,8,ChordType.MAJ_MIN7,0,7,1,KeyMode.MAJOR,1/16,"[34.75, 34.8125]"
8,8,ChordType.MAJ_MIN7,0,7,1,KeyMode.MAJOR,1/16,"[34.8125, 34.875]"
8,8,ChordType.MAJ_MIN7,0,7,1,KeyMode.MAJOR,1/16,"[34.875, 34.9375]"
8,8,ChordType.MAJ_MIN7,0,7,1,KeyMode.MAJOR,1/16,"[34.9375, 35.0]"
8,8,ChordType.MAJ_MIN7,0,7,1,KeyMode.MAJOR,1/16,"[35.0, 35.0625]"
8,8,ChordType.MAJ_MIN7,0,7,1,KeyMode.MAJOR,1/16,"[35.0625, 35.125]"
8,8,ChordType.MAJ_MIN7,0,7,1,KeyMode.MAJOR,1/16,"[35.125, 35.1875]"
8,8,ChordType.MAJ_MIN7,0,7,1,KeyMode.MAJOR,1/16,"[35.1875, 35.25]"
7,1,ChordType.MAJ_MIN7,1,6,6,KeyMode.MAJOR,1/16,"[35.25, 35.3125]"
7,1,ChordType.MAJ_MIN7,1,6,6,KeyMode.MAJOR,1/16,"[35.3125, 35.375]"
7,1,ChordType.MAJ_MIN7,1,6,6,KeyMode.MAJOR,1/16,"[35.375, 35.4375]"
7,1,ChordType.MAJ_MIN7,1,6,6,KeyMode.MAJOR,1/16,"[35.4375, 35.5]"
7,1,ChordType.MAJ_MIN7,1,6,6,KeyMode.MAJOR,1/16,"[35.5, 35.5625]"
7,1,ChordType.MAJ_MIN7,1,6,6,KeyMode.MAJOR,1/16,"[35.5625, 35.625]"
7,1,ChordType.MAJ_MIN7,1,6,6,KeyMode.MAJOR,1/16,"[35.625, 35.6875]"
7,1,ChordType.MAJ_MIN7,1,6,6,KeyMode.MAJOR,1/16,"[35.6875, 35.75]"
6,6,ChordType.MINOR,1,6,6,KeyMode.MAJOR,1/16,"[35.75, 35.8125]"
6,6,ChordType.MINOR,1,6,6,KeyMode.MAJOR,1/16,"[35.8125, 35.875]"
6,6,ChordType.MINOR,1,6,6,KeyMode.MAJOR,1/16,"[35.875, 35.9375]"
11,5,ChordType.DIMINISHED,1,6,6,KeyMode.MAJOR,1/16,"[35.9375, 36.0]"
6,6,ChordType.MINOR,0,6,6,KeyMode.MAJOR,1/8,"[36.0, 36.125]"
6,6,ChordType.MINOR,0,6,6,KeyMode.MAJOR,1/8,"[36.125, 36.25]"
6,6,ChordType.MINOR,0,6,6,KeyMode.MAJOR,1/8,"[36.25, 36.375]"
6,6,ChordType.MINOR,0,6,6,KeyMode.MAJOR,1/8,"[36.375, 36.5]"
7,1,ChordType.MAJ_MIN7,3,6,6,KeyMode.MAJOR,1/8,"[36.5, 36.625]"
7,1,ChordType.MAJ_MIN7,3,6,6,KeyMode.MAJOR,1/8,"[36.625, 36.75]"
6,6,ChordType.MINOR,0,6,6,KeyMode.MAJOR,1/8,"[36.75, 36.875]"
6,6,ChordType.MINOR,0,6,6,KeyMode.MAJOR,1/8,"[36.875, 37.0]"
5,11,ChordType.MINOR,0,6,6,KeyMode.MAJOR,1/8,"[37.0, 37.125]"
5,11,ChordType.MINOR,0,6,6,KeyMode.MAJOR,1/8,"[37.125, 37.25]"
5,11,ChordType.MINOR,0,6,6,KeyMode.MAJOR,1/8,"[37.25, 37.375]"
5,11,ChordType.MINOR,0,6,6,KeyMode.MAJOR,1/8,"[37.375, 37.5]"
5,11,ChordType.MINOR,0,6,6,KeyMode.MAJOR,1/8,"[37.5, 37.625]"
5,11,ChordType.MINOR,0,6,6,KeyMode.MAJOR,1/8,"[37.625, 37.75]"
2,2,ChordType.MAJOR,2,3,9,KeyMode.MAJOR,1/8,"[37.75, 37.875]"
2,2,ChordType.MAJOR,2,3,9,KeyMode.MAJOR,1/8,"[37.875, 38.0]"
4,4,ChordType.MAJ_MIN7,1,3,9,KeyMode.MAJOR,1/8,"[38.0, 38.125]"
4,4,ChordType.MAJ_MIN7,1,3,9,KeyMode.MAJOR,1/8,"[38.125, 38.25]"
5,11,ChordType.MINOR,2,3,9,KeyMode.MAJOR,1/8,"[38.25, 38.375]"
5,11,ChordType.MINOR,2,3,9,KeyMode.MAJOR,1/8,"[38.375, 38.5]"
4,4,ChordType.MAJOR,0,3,9,KeyMode.MAJOR,1/8,"[38.5, 38.625]"
4,4,ChordType.MAJOR,0,3,9,KeyMode.MAJOR,1/8,"[38.625, 38.75]"
4,4,ChordType.MAJOR,1,3,9,KeyMode.MAJOR,1/8,"[38.75, 38.875]"
4,4,ChordType.MAJOR,1,3,9,KeyMode.MAJOR,1/8,"[38.875, 39.0]"
3,9,ChordType.MAJOR,0,3,9,KeyMode.MAJOR,1/16,"[39.0, 39.0625]"
3,9,ChordType.MAJOR,0,3,9,KeyMode.MAJOR,1/16,"[39.0625, 39.125]"
3,9,ChordType.MAJOR,0,3,9,KeyMode.MAJOR,1/16,"[39.125, 39.1875]"
3,9,ChordType.MAJOR,0,3,9,KeyMode.MAJOR,1/16,"[39.1875, 39.25]"
3,9,ChordType.MAJOR,0,3,9,KeyMode.MAJOR,1/16,"[39.25, 39.3125]"
3,9,ChordType.MAJOR,0,3,9,KeyMode.MAJOR,1/16,"[39.3125, 39.375]"
3,9,ChordType.MAJOR,0,3,9,KeyMode.MAJOR,1/16,"[39.375, 39.4375]"
3,9,ChordType.MAJOR,0,3,9,KeyMode.MAJOR,1/16,"[39.4375, 39.5]"
7,1,ChordType.MINOR,2,8,8,KeyMode.MINOR,1/16,"[39.5, 39.5625]"
7,1,ChordType.MINOR,2,8,8,KeyMode.MINOR,1/16,"[39.5625, 39.625]"
7,1,ChordType.MINOR,2,8,8,KeyMode.MINOR,1/16,"[39.625, 39.6875]"
7,1,ChordType.MINOR,2,8,8,KeyMode.MINOR,1/16,"[39.6875, 39.75]"
7,1,ChordType.MINOR,2,8,8,KeyMode.MINOR,1/16,"[39.75, 39.8125]"
7,1,ChordType.MINOR,2,8,8,KeyMode.MINOR,1/16,"[39.8125, 39.875]"
7,1,ChordType.MINOR,2,8,8,KeyMode.MINOR,1/16,"[39.875, 39.9375]"
7,1,ChordType.MINOR,2,8,8,KeyMode.MINOR,1/16,"[39.9375, 40.0]"
9,3,ChordType.MAJ_MIN7,1,8,8,KeyMode.MINOR,1/16,"[40.0, 40.0625]"
9,3,ChordType.MAJ_MIN7,1,8,8,KeyMode.MINOR,1/16,"[40.0625, 40.125]"
9,3,ChordType.MAJ_MIN7,1,8,8,KeyMode.MINOR,1/16,"[40.125, 40.1875]"
9,3,ChordType.MAJ_MIN7,1,8,8,KeyMode.MINOR,1/16,"[40.1875, 40.25]"
8,8,ChordType.MINOR,1,6,6,KeyMode.MAJOR,1/16,"[40.25, 40.3125]"
8,8,ChordType.MINOR,1,6,6,KeyMode.MAJOR,1/16,"[40.3125, 40.375]"
8,8,ChordType.MINOR,1,6,6,KeyMode.MAJOR,1/16,"[40.375, 40.4375]"
8,8,ChordType.MINOR,1,6,6,KeyMode.MAJOR,1/16,"[40.4375, 40.5]"
8,8,ChordType.MINOR,1,6,6,KeyMode.MAJOR,1/16,"[40.5, 40.5625]"
8,8,ChordType.MINOR,1,6,6,KeyMode.MAJOR,1/16,"[40.5625, 40.625]"
8,8,ChordType.MINOR,1,6,6,KeyMode.MAJOR,1/16,"[40.625, 40.6875]"
8,8,ChordType.MINOR,1,6,6,KeyMode.MAJOR,1/16,"[40.6875, 40.75]"
8,8,ChordType.MINOR,0,6,6,KeyMode.MAJOR,1/16,"[40.75, 40.8125]"
8,8,ChordType.MINOR,0,6,6,KeyMode.MAJOR,1/16,"[40.8125, 40.875]"
8,8,ChordType.MINOR,0,6,6,KeyMode.MAJOR,1/16,"[40.875, 40.9375]"
8,8,ChordType.MINOR,0,6,6,KeyMode.MAJOR,1/16,"[40.9375, 41.0]"
8,8,ChordType.MINOR,0,6,6,KeyMode.MAJOR,1/16,"[41.0, 41.0625]"
8,8,ChordType.MINOR,0,6,6,KeyMode.MAJOR,1/16,"[41.0625, 41.125]"
8,8,ChordType.MINOR,0,6,6,KeyMode.MAJOR,1/16,"[41.125, 41.1875]"
8,8,ChordType.MINOR,0,6,6,KeyMode.MAJOR,1/16,"[41.1875, 41.25]"
8,8,ChordType.MINOR,0,6,6,KeyMode.MAJOR,1/16,"[41.25, 41.3125]"
8,8,ChordType.MINOR,0,6,6,KeyMode.MAJOR,1/16,"[41.3125, 41.375]"
8,8,ChordType.MINOR,0,6,6,KeyMode.MAJOR,1/16,"[41.375, 41.4375]"
8,8,ChordType.MINOR,0,6,6,KeyMode.MAJOR,1/16,"[41.4375, 41.5]"
9,3,ChordType.MAJ_MIN7,2,8,8,KeyMode.MINOR,1/16,"[41.5, 41.5625]"
9,3,ChordType.MAJ_MIN7,2,8,8,KeyMode.MINOR,1/16,"[41.5625, 41.625]"
9,3,ChordType.MAJ_MIN7,2,8,8,KeyMode.MINOR,1/16,"[41.625, 41.6875]"
9,3,ChordType.MAJ_MIN7,2,8,8,KeyMode.MINOR,1/16,"[41.6875, 41.75]"
8,8,ChordType.MINOR,0,6,6,KeyMode.MAJOR,1/16,"[41.75, 41.8125]"
8,8,ChordType.MINOR,0,6,6,KeyMode.MAJOR,1/16,"[41.8125, 41.875]"
8,8,ChordType.MINOR,0,6,6,KeyMode.MAJOR,1/16,"[41.875, 41.9375]"
8,8,ChordType.MINOR,0,6,6,KeyMode.MAJOR,1/16,"[41.9375, 42.0]"
14,2,ChordType.DIM7,0,9,3,KeyMode.MINOR,1/16,"[42.0, 42.0625]"
14,2,ChordType.DIM7,0,9,3,KeyMode.MINOR,1/16,"[42.0625, 42.125]"
14,2,ChordType.DIM7,0,9,3,KeyMode.MINOR,1/16,"[42.125, 42.1875]"
14,2,ChordType.DIM7,0,9,3,KeyMode.MINOR,1/16,"[42.1875, 42.25]"
14,2,ChordType.DIM7,0,9,3,KeyMode.MINOR,1/16,"[42.25, 42.3125]"
14,2,ChordType.DIM7,0,9,3,KeyMode.MINOR,1/16,"[42.3125, 42.375]"
14,2,ChordType.DIM7,0,9,3,KeyMode.MINOR,1/16,"[42.375, 42.4375]"
14,2,ChordType.DIM7,0,9,3,KeyMode.MINOR,1/16,"[42.4375, 42.5]"
14,2,ChordType.DIM7,0,9,3,KeyMode.MINOR,1/16,"[42.5, 42.5625]"
14,2,ChordType.DIM7,0,9,3,KeyMode.MINOR,1/16,"[42.5625, 42.625]"
14,2,ChordType.DIM7,0,9,3,KeyMode.MINOR,1/16,"[42.625, 42.6875]"
14,2,ChordType.DIM7,0,9,3,KeyMode.MINOR,1/16,"[42.6875, 42.75]"
14,2,ChordType.DIM7,0,9,3,KeyMode.MINOR,1/16,"[42.75, 42.8125]"
14,2,ChordType.DIM7,0,9,3,KeyMode.MINOR,1/16,"[42.8125, 42.875]"
14,2,ChordType.DIM7,0,9,3,KeyMode.MINOR,1/16,"[42.875, 42.9375]"
14,2,ChordType.DIM7,0,9,3,KeyMode.MINOR,1/16,"[42.9375, 43.0]"
14,2,ChordType.DIM7,0,9,3,KeyMode.MINOR,1/16,"[43.0, 43.0625]"
14,2,ChordType.DIM7,0,9,3,KeyMode.MINOR,1/16,"[43.0625, 43.125]"
14,2,ChordType.DIM7,0,9,3,KeyMode.MINOR,1/16,"[43.125, 43.1875]"
14,2,ChordType.DIM7,0,9,3,KeyMode.MINOR,1/16,"[43.1875, 43.25]"
14,2,ChordType.DIM7,0,9,3,KeyMode.MINOR,1/16,"[43.25, 43.3125]"
14,2,ChordType.DIM7,0,9,3,KeyMode.MINOR,1/16,"[43.3125, 43.375]"
14,2,ChordType.DIM7,0,9,3,KeyMode.MINOR,1/16,"[43.375, 43.4375]"
14,2,ChordType.DIM7,0,9,3,KeyMode.MINOR,1/16,"[43.4375, 43.5]"
14,2,ChordType.DIM7,0,9,3,KeyMode.MINOR,1/16,"[43.5, 43.5625]"
14,2,ChordType.DIM7,0,9,3,KeyMode.MINOR,1/16,"[43.5625, 43.625]"
14,2,ChordType.DIM7,0,9,3,KeyMode.MINOR,1/16,"[43.625, 43.6875]"
14,2,ChordType.DIM7,0,9,3,KeyMode.MINOR,1/16,"[43.6875, 43.75]"
10,10,ChordType.MAJOR,1,9,3,KeyMode.MINOR,1/16,"[43.75, 43.8125]"
10,10,ChordType.MAJOR,1,9,3,KeyMode.MINOR,1/16,"[43.8125, 43.875]"
10,10,ChordType.MAJOR,1,9,3,KeyMode.MINOR,1/16,"[43.875, 43.9375]"
10,10,ChordType.MAJOR,1,9,3,KeyMode.MINOR,1/16,"[43.9375, 44.0]"
9,3,ChordType.MINOR,0,6,6,KeyMode.MAJOR,1/16,"[44.0, 44.0625]"
9,3,ChordType.MINOR,0,6,6,KeyMode.MAJOR,1/16,"[44.0625, 44.125]"
9,3,ChordType.MINOR,0,6,6,KeyMode.MAJOR,1/16,"[44.125, 44.1875]"
9,3,ChordType.MINOR,0,6,6,KeyMode.MAJOR,1/16,"[44.1875, 44.25]"
9,3,ChordType.MINOR,0,6,6,KeyMode.MAJOR,1/16,"[44.25, 44.3125]"
9,3,ChordType.MINOR,0,6,6,KeyMode.MAJOR,1/16,"[44.3125, 44.375]"
9,3,ChordType.MINOR,0,6,6,KeyMode.MAJOR,1/16,"[44.375, 44.4375]"
9,3,ChordType.MINOR,0,6,6,KeyMode.MAJOR,1/16,"[44.4375, 44.5]"
14,2,ChordType.DIMINISHED,1,9,3,KeyMode.MINOR,1/16,"[44.5, 44.5625]"
14,2,ChordType.DIMINISHED,1,9,3,KeyMode.MINOR,1/16,"[44.5625, 44.625]"
14,2,ChordType.DIMINISHED,1,9,3,KeyMode.MINOR,1/16,"[44.625, 44.6875]"
14,2,ChordType.DIMINISHED,1,9,3,KeyMode.MINOR,1/16,"[44.6875, 44.75]"
10,10,ChordType.MAJOR,1,9,3,KeyMode.MINOR,1/16,"[44.75, 44.8125]"
10,10,ChordType.MAJOR,1,9,3,KeyMode.MINOR,1/16,"[44.8125, 44.875]"
10,10,ChordType.MAJOR,1,9,3,KeyMode.MINOR,1/16,"[44.875, 44.9375]"
10,10,ChordType.MAJOR,1,9,3,KeyMode.MINOR,1/16,"[44.9375, 45.0]"
9,3,ChordType.MINOR,0,6,6,KeyMode.MAJOR,1/16,"[45.0, 45.0625]"
9,3,ChordType.MINOR,0,6,6,KeyMode.MAJOR,1/16,"[45.0625, 45.125]"
9,3,ChordType.MINOR,0,6,6,KeyMode.MAJOR,1/16,"[45.125, 45.1875]"
9,3,ChordType.MINOR,0,6,6,KeyMode.MAJOR,1/16,"[45.1875, 45.25]"
9,3,ChordType.MINOR,0,6,6,KeyMode.MAJOR,1/16,"[45.25, 45.3125]"
9,3,ChordType.MINOR,0,6,6,KeyMode.MAJOR,1/16,"[45.3125, 45.375]"
9,3,ChordType.MINOR,0,6,6,KeyMode.MAJOR,1/16,"[45.375, 45.4375]"
9,3,ChordType.MINOR,0,6,6,KeyMode.MAJOR,1/16,"[45.4375, 45.5]"
8,8,ChordType.MAJ_MIN7,2,7,1,KeyMode.MINOR,1/16,"[45.5, 45.5625]"
8,8,ChordType.MAJ_MIN7,2,7,1,KeyMode.MINOR,1/16,"[45.5625, 45.625]"
8,8,ChordType.MAJ_MIN7,2,7,1,KeyMode.MINOR,1/16,"[45.625, 45.6875]"
8,8,ChordType.MAJ_MIN7,2,7,1,KeyMode.MINOR,1/16,"[45.6875, 45.75]"
8,8,ChordType.MAJOR,1,7,1,KeyMode.MINOR,1/16,"[45.75, 45.8125]"
8,8,ChordType.MAJOR,1,7,1,KeyMode.MINOR,1/16,"[45.8125, 45.875]"
8,8,ChordType.MAJOR,1,7,1,KeyMode.MINOR,1/16,"[45.875, 45.9375]"
8,8,ChordType.MAJOR,1,7,1,KeyMode.MINOR,1/16,"[45.9375, 46.0]"
7,1,ChordType.MINOR,0,6,6,KeyMode.MAJOR,1/16,"[46.0, 46.0625]"
7,1,ChordType.MINOR,0,6,6,KeyMode.MAJOR,1/16,"[46.0625, 46.125]"
7,1,ChordType.MINOR,0,6,6,KeyMode.MAJOR,1/16,"[46.125, 46.1875]"
7,1,ChordType.MINOR,0,6,6,KeyMode.MAJOR,1/16,"[46.1875, 46.25]"
7,1,ChordType.MINOR,0,6,6,KeyMode.MAJOR,1/16,"[46.25, 46.3125]"
7,1,ChordType.MINOR,0,6,6,KeyMode.MAJOR,1/16,"[46.3125, 46.375]"
7,1,ChordType.MINOR,0,6,6,KeyMode.MAJOR,1/16,"[46.375, 46.4375]"
7,1,ChordType.MINOR,0,6,6,KeyMode.MAJOR,1/16,"[46.4375, 46.5]"
12,0,ChordType.DIMINISHED,1,7,1,KeyMode.MINOR,1/16,"[46.5, 46.5625]"
12,0,ChordType.DIMINISHED,1,7,1,KeyMode.MINOR,1/16,"[46.5625, 46.625]"
12,0,ChordType.DIMINISHED,1,7,1,KeyMode.MINOR,1/16,"[46.625, 46.6875]"
12,0,ChordType.DIMINISHED,1,7,1,KeyMode.MINOR,1/16,"[46.6875, 46.75]"
8,8,ChordType.MAJOR,1,7,1,KeyMode.MINOR,1/16,"[46.75, 46.8125]"
8,8,ChordType.MAJOR,1,7,1,KeyMode.MINOR,1/16,"[46.8125, 46.875]"
8,8,ChordType.MAJOR,1,7,1,KeyMode.MINOR,1/16,"[46.875, 46.9375]"
8,8,ChordType.MAJOR,1,7,1,KeyMode.MINOR,1/16,"[46.9375, 47.0]"
7,1,ChordType.MINOR,0,6,6,KeyMode.MAJOR,1/16,"[47.0, 47.0625]"
7,1,ChordType.MINOR,0,6,6,KeyMode.MAJOR,1/16,"[47.0625, 47.125]"
7,1,ChordType.MINOR,0,6,6,KeyMode.MAJOR,1/16,"[47.125, 47.1875]"
7,1,ChordType.MINOR,0,6,6,KeyMode.MAJOR,1/16,"[47.1875, 47.25]"
7,1,ChordType.MINOR,0,6,6,KeyMode.MAJOR,1/16,"[47.25, 47.3125]"
7,1,ChordType.MINOR,0,6,6,KeyMode.MAJOR,1/16,"[47.3125, 47.375]"
7,1,ChordType.MINOR,0,6,6,KeyMode.MAJOR,1/16,"[47.375, 47.4375]"
7,1,ChordType.MINOR,0,6,6,KeyMode.MAJOR,1/16,"[47.4375, 47.5]"
6,6,ChordType.MAJ_MIN7,2,5,11,KeyMode.MAJOR,1/16,"[47.5, 47.5625]"
6,6,ChordType.MAJ_MIN7,2,5,11,KeyMode.MAJOR,1/16,"[47.5625, 47.625]"
6,6,ChordType.MAJ_MIN7,2,5,11,KeyMode.MAJOR,1/16,"[47.625, 47.6875]"
6,6,ChordType.MAJ_MIN7,2,5,11,KeyMode.MAJOR,1/16,"[47.6875, 47.75]"
6,6,ChordType.MAJOR,1,5,11,KeyMode.MAJOR,1/16,"[47.75, 47.8125]"
6,6,ChordType.MAJOR,1,5,11,KeyMode.MAJOR,1/16,"[47.8125, 47.875]"
6,6,ChordType.MAJOR,1,5,11,KeyMode.MAJOR,1/16,"[47.875, 47.9375]"
6,6,ChordType.MAJOR,1,5,11,KeyMode.MAJOR,1/16,"[47.9375, 48.0]"
5,11,ChordType.MAJOR,0,6,6,KeyMode.MAJOR,1/16,"[48.0, 48.0625]"
5,11,ChordType.MAJOR,0,6,6,KeyMode.MAJOR,1/16,"[48.0625, 48.125]"
5,11,ChordType.MAJOR,0,6,6,KeyMode.MAJOR,1/16,"[48.125, 48.1875]"
5,11,ChordType.MAJOR,0,6,6,KeyMode.MAJOR,1/16,"[48.1875, 48.25]"
6,6,ChordType.MAJOR,1,5,11,KeyMode.MAJOR,1/16,"[48.25, 48.3125]"
6,6,ChordType.MAJOR,1,5,11,KeyMode.MAJOR,1/16,"[48.3125, 48.375]"
6,6,ChordType.MAJOR,1,5,11,KeyMode.MAJOR,1/16,"[48.375, 48.4375]"
6,6,ChordType.MAJOR,1,5,11,KeyMode.MAJOR,1/16,"[48.4375, 48.5]"
5,11,ChordType.MAJOR,0,6,6,KeyMode.MAJOR,1/16,"[48.5, 48.5625]"
5,11,ChordType.MAJOR,0,6,6,KeyMode.MAJOR,1/16,"[48.5625, 48.625]"
5,11,ChordType.MAJOR,0,6,6,KeyMode.MAJOR,1/16,"[48.625, 48.6875]"
5,11,ChordType.MAJOR,0,6,6,KeyMode.MAJOR,1/16,"[48.6875, 48.75]"
6,6,ChordType.MAJOR,0,5,11,KeyMode.MAJOR,1/16,"[48.75, 48.8125]"
6,6,ChordType.MAJOR,0,5,11,KeyMode.MAJOR,1/16,"[48.8125, 48.875]"
6,6,ChordType.MAJOR,0,5,11,KeyMode.MAJOR,1/16,"[48.875, 48.9375]"
6,6,ChordType.MAJOR,0,5,11,KeyMode.MAJOR,1/16,"[48.9375, 49.0]"
5,11,ChordType.MAJOR,0,6,6,KeyMode.MAJOR,1/16,"[49.0, 49.0625]"
5,11,ChordType.MAJOR,0,6,6,KeyMode.MAJOR,1/16,"[49.0625, 49.125]"
5,11,ChordType.MAJOR,0,6,6,KeyMode.MAJOR,1/16,"[49.125, 49.1875]"
5,11,ChordType.MAJOR,0,6,6,KeyMode.MAJOR,1/16,"[49.1875, 49.25]"
5,11,ChordType.MAJOR,0,6,6,KeyMode.MAJOR,1/16,"[49.25, 49.3125]"
5,11,ChordType.MAJOR,0,6,6,KeyMode.MAJOR,1/16,"[49.3125, 49.375]"
5,11,ChordType.MAJOR,0,6,6,KeyMode.MAJOR,1/16,"[49.375, 49.4375]"
5,11,ChordType.MAJOR,0,6,6,KeyMode.MAJOR,1/16,"[49.4375, 49.5]"
11,5,ChordType.DIMINISHED,0,6,6,KeyMode.MAJOR,1/16,"[49.5, 49.5625]"
11,5,ChordType.DIMINISHED,0,6,6,KeyMode.MAJOR,1/16,"[49.5625, 49.625]"
11,5,ChordType.DIMINISHED,0,6,6,KeyMode.MAJOR,1/16,"[49.625, 49.6875]"
11,5,ChordType.DIMINISHED,0,6,6,KeyMode.MAJOR,1/16,"[49.6875, 49.75]"
11,5,ChordType.DIMINISHED,0,6,6,KeyMode.MAJOR,1/16,"[49.75, 49.8125]"
11,5,ChordType.DIMINISHED,0,6,6,KeyMode.MAJOR,1/16,"[49.8125, 49.875]"
11,5,ChordType.DIMINISHED,0,6,6,KeyMode.MAJOR,1/16,"[49.875, 49.9375]"
11,5,ChordType.DIMINISHED,0,6,6,KeyMode.MAJOR,1/16,"[49.9375, 50.0]"
11,5,ChordType.DIMINISHED,0,6,6,KeyMode.MAJOR,1/16,"[50.0, 50.0625]"
11,5,ChordType.DIMINISHED,0,6,6,KeyMode.MAJOR,1/16,"[50.0625, 50.125]"
11,5,ChordType.DIMINISHED,0,6,6,KeyMode.MAJOR,1/16,"[50.125, 50.1875]"
11,5,ChordType.DIMINISHED,0,6,6,KeyMode.MAJOR,1/16,"[50.1875, 50.25]"
8,8,ChordType.MINOR,0,6,6,KeyMode.MAJOR,1/16,"[50.25, 50.3125]"
8,8,ChordType.MINOR,0,6,6,KeyMode.MAJOR,1/16,"[50.3125, 50.375]"
8,8,ChordType.MINOR,0,6,6,KeyMode.MAJOR,1/16,"[50.375, 50.4375]"
8,8,ChordType.MINOR,0,6,6,KeyMode.MAJOR,1/16,"[50.4375, 50.5]"
8,8,ChordType.MINOR,0,6,6,KeyMode.MAJOR,1/16,"[50.5, 50.5625]"
8,8,ChordType.MINOR,0,6,6,KeyMode.MAJOR,1/16,"[50.5625, 50.625]"
8,8,ChordType.MINOR,0,6,6,KeyMode.MAJOR,1/16,"[50.625, 50.6875]"
8,8,ChordType.MINOR,0,6,6,KeyMode.MAJOR,1/16,"[50.6875, 50.75]"
5,11,ChordType.MAJOR,0,6,6,KeyMode.MAJOR,1/16,"[50.75, 50.8125]"
5,11,ChordType.MAJOR,0,6,6,KeyMode.MAJOR,1/16,"[50.8125, 50.875]"
5,11,ChordType.MAJOR,0,6,6,KeyMode.MAJOR,1/16,"[50.875, 50.9375]"
5,11,ChordType.MAJOR,0,6,6,KeyMode.MAJOR,1/16,"[50.9375, 51.0]"
5,11,ChordType.MAJOR,0,6,6,KeyMode.MAJOR,1/16,"[51.0, 51.0625]"
5,11,ChordType.MAJOR,0,6,6,KeyMode.MAJOR,1/16,"[51.0625, 51.125]"
5,11,ChordType.MAJOR,0,6,6,KeyMode.MAJOR,1/16,"[51.125, 51.1875]"
5,11,ChordType.MAJOR,0,6,6,KeyMode.MAJOR,1/16,"[51.1875, 51.25]"
11,5,ChordType.DIMINISHED,0,6,6,KeyMode.MAJOR,1/16,"[51.25, 51.3125]"
11,5,ChordType.DIMINISHED,0,6,6,KeyMode.MAJOR,1/16,"[51.3125, 51.375]"
11,5,ChordType.DIMINISHED,0,6,6,KeyMode.MAJOR,1/16,"[51.375, 51.4375]"
11,5,ChordType.DIMINISHED,0,6,6,KeyMode.MAJOR,1/16,"[51.4375, 51.5]"
11,5,ChordType.DIMINISHED,0,6,6,KeyMode.MAJOR,1/16,"[51.5, 51.5625]"
11,5,ChordType.DIMINISHED,0,6,6,KeyMode.MAJOR,1/16,"[51.5625, 51.625]"
11,5,ChordType.DIMINISHED,0,6,6,KeyMode.MAJOR,1/16,"[51.625, 51.6875]"
11,5,ChordType.DIMINISHED,0,6,6,KeyMode.MAJOR,1/16,"[51.6875, 51.75]"
12,0,ChordType.DIMINISHED,0,7,1,KeyMode.MAJOR,1/16,"[51.75, 51.8125]"
12,0,ChordType.DIMINISHED,0,7,1,KeyMode.MAJOR,1/16,"[51.8125, 51.875]"
12,0,ChordType.DIMINISHED,0,7,1,KeyMode.MAJOR,1/16,"[51.875, 51.9375]"
12,0,ChordType.DIMINISHED,0,7,1,KeyMode.MAJOR,1/16,"[51.9375, 52.0]"
7,1,ChordType.MAJOR,0,6,6,KeyMode.MAJOR,1/2,"[52.0, 52.5]"
7,1,ChordType.MAJOR,0,6,6,KeyMode.MAJOR,1/2,"[52.5, 53.0]"
7,1,ChordType.MAJOR,2,6,6,KeyMode.MAJOR,1/12,"[53.0, 53.083333333333336]"
7,1,ChordType.MAJOR,2,6,6,KeyMode.MAJOR,1/12,"[53.083333333333336, 53.166666666666664]"
7,1,ChordType.MAJOR,2,6,6,KeyMode.MAJOR,1/12,"[53.166666666666664, 53.25]"
7,1,ChordType.MAJOR,2,6,6,KeyMode.MAJOR,1/12,"[53.25, 53.333333333333336]"
7,1,ChordType.MAJOR,2,6,6,KeyMode.MAJOR,1/12,"[53.333333333333336, 53.416666666666664]"
7,1,ChordType.MAJOR,2,6,6,KeyMode.MAJOR,1/12,"[53.416666666666664, 53.5]"
7,1,ChordType.MAJOR,0,6,6,KeyMode.MAJOR,1/12,"[53.5, 53.583333333333336]"
7,1,ChordType.MAJOR,0,6,6,KeyMode.MAJOR,1/12,"[53.583333333333336, 53.666666666666664]"
7,1,ChordType.MAJOR,0,6,6,KeyMode.MAJOR,1/12,"[53.666666666666664, 53.75]"
6,6,ChordType.MAJOR,1,6,6,KeyMode.MAJOR,1/12,"[53.75, 53.833333333333336]"
6,6,ChordType.MAJOR,1,6,6,KeyMode.MAJOR,1/12,"[53.833333333333336, 53.916666666666664]"
6,6,ChordType.MAJOR,1,6,6,KeyMode.MAJOR,1/48,"[53.916666666666664, 53.9375]"
11,5,ChordType.DIMINISHED,1,6,6,KeyMode.MAJOR,1/16,"[53.9375, 54.0]"
6,6,ChordType.MAJOR,0,6,6,KeyMode.MAJOR,1/8,"[54.0, 54.125]"
6,6,ChordType.MAJOR,0,6,6,KeyMode.MAJOR,1/8,"[54.125, 54.25]"
6,6,ChordType.MAJOR,0,6,6,KeyMode.MAJOR,1/8,"[54.25, 54.375]"
6,6,ChordType.MAJOR,0,6,6,KeyMode.MAJOR,1/8,"[54.375, 54.5]"
7,1,ChordType.MAJ_MIN7,3,6,6,KeyMode.MAJOR,1/8,"[54.5, 54.625]"
7,1,ChordType.MAJ_MIN7,3,6,6,KeyMode.MAJOR,1/8,"[54.625, 54.75]"
6,6,ChordType.MAJOR,0,6,6,KeyMode.MAJOR,1/8,"[54.75, 54.875]"
6,6,ChordType.MAJOR,0,6,6,KeyMode.MAJOR,1/8,"[54.875, 55.0]"
7,1,ChordType.MAJ_MIN7,0,6,6,KeyMode.MAJOR,1/8,"[55.0, 55.125]"
7,1,ChordType.MAJ_MIN7,0,6,6,KeyMode.MAJOR,1/8,"[55.125, 55.25]"
7,1,ChordType.MAJ_MIN7,0,6,6,KeyMode.MAJOR,1/8,"[55.25, 55.375]"
7,1,ChordType.MAJ_MIN7,0,6,6,KeyMode.MAJOR,1/8,"[55.375, 55.5]"
7,1,ChordType.MAJ_MIN7,0,6,6,KeyMode.MAJOR,1/8,"[55.5, 55.625]"
7,1,ChordType.MAJ_MIN7,0,6,6,KeyMode.MAJOR,1/8,"[55.625, 55.75]"
7,1,ChordType.MAJOR,0,6,6,KeyMode.MAJOR,1/8,"[55.75, 55.875]"
7,1,ChordType.MAJOR,0,6,6,KeyMode.MAJOR,1/8,"[55.875, 56.0]"
6,6,ChordType.MAJOR,0,6,6,KeyMode.MAJOR,1/8,"[56.0, 56.125]"
6,6,ChordType.MAJOR,0,6,6,KeyMode.MAJOR,1/8,"[56.125, 56.25]"
5,11,ChordType.MAJOR,0,6,6,KeyMode.MAJOR,1/8,"[56.25, 56.375]"
5,11,ChordType.MAJOR,0,6,6,KeyMode.MAJOR,1/8,"[56.375, 56.5]"
6,6,ChordType.MAJOR,0,6,6,KeyMode.MAJOR,1/8,"[56.5, 56.625]"
6,6,ChordType.MAJOR,0,6,6,KeyMode.MAJOR,1/8,"[56.625, 56.75]"
5,11,ChordType.MAJOR,1,6,6,KeyMode.MAJOR,1/8,"[56.75, 56.875]"
5,11,ChordType.MAJOR,1,6,6,KeyMode.MAJOR,1/8,"[56.875, 57.0]"
7,1,ChordType.MAJOR,0,6,6,KeyMode.MAJOR,1/8,"[57.0, 57.125]"
7,1,ChordType.MAJOR,0,6,6,KeyMode.MAJOR,1/8,"[57.125, 57.25]"
5,11,ChordType.MAJOR,0,6,6,KeyMode.MAJOR,1/8,"[57.25, 57.375]"
5,11,ChordType.MAJOR,0,6,6,KeyMode.MAJOR,1/8,"[57.375, 57.5]"
6,6,ChordType.MAJOR,0,6,6,KeyMode.MAJOR,1/8,"[57.5, 57.625]"
6,6,ChordType.MAJOR,0,6,6,KeyMode.MAJOR,1/8,"[57.625, 57.75]"
6,6,ChordType.MAJOR,0,6,6,KeyMode.MAJOR,1/16,"[57.75, 57.8125]"
6,6,ChordType.MAJOR,0,6,6,KeyMode.MAJOR,1/16,"[57.8125, 57.875]"
6,6,ChordType.MAJOR,0,6,6,KeyMode.MAJOR,1/16,"[57.875, 57.9375]"
6,6,ChordType.MAJOR,0,6,6,KeyMode.MAJOR,1/16,"[57.9375, 58.0]"
7,1,ChordType.MAJ_MIN7,2,6,6,KeyMode.MAJOR,1/16,"[58.0, 58.0625]"
7,1,ChordType.MAJ_MIN7,2,6,6,KeyMode.MAJOR,1/16,"[58.0625, 58.125]"
7,1,ChordType.MAJ_MIN7,2,6,6,KeyMode.MAJOR,1/16,"[58.125, 58.1875]"
7,1,ChordType.MAJ_MIN7,2,6,6,KeyMode.MAJOR,1/16,"[58.1875, 58.25]"
7,1,ChordType.MAJ_MIN7,0,6,6,KeyMode.MAJOR,1/16,"[58.25, 58.3125]"
7,1,ChordType.MAJ_MIN7,0,6,6,KeyMode.MAJOR,1/16,"[58.3125, 58.375]"
7,1,ChordType.MAJ_MIN7,0,6,6,KeyMode.MAJOR,1/16,"[58.375, 58.4375]"
7,1,ChordType.MAJ_MIN7,0,6,6,KeyMode.MAJOR,1/16,"[58.4375, 58.5]"
7,1,ChordType.MAJOR,0,6,6,KeyMode.MAJOR,1/4,"[58.5, 58.75]"
7,1,ChordType.MAJ_MIN7,2,6,6,KeyMode.MAJOR,1/16,"[58.75, 58.8125]"
7,1,ChordType.MAJ_MIN7,2,6,6,KeyMode.MAJOR,1/16,"[58.8125, 58.875]"
7,1,ChordType.MAJ_MIN7,2,6,6,KeyMode.MAJOR,1/16,"[58.875, 58.9375]"
7,1,ChordType.MAJ_MIN7,2,6,6,KeyMode.MAJOR,1/16,"[58.9375, 59.0]"
6,6,ChordType.MAJOR,1,6,6,KeyMode.MAJOR,1/16,"[59.0, 59.0625]"
6,6,ChordType.MAJOR,1,6,6,KeyMode.MAJOR,1/16,"[59.0625, 59.125]"
6,6,ChordType.MAJOR,1,6,6,KeyMode.MAJOR,1/16,"[59.125, 59.1875]"
6,6,ChordType.MAJOR,1,6,6,KeyMode.MAJOR,1/16,"[59.1875, 59.25]"
6,6,ChordType.MAJOR,1,6,6,KeyMode.MAJOR,1/16,"[59.25, 59.3125]"
6,6,ChordType.MAJOR,1,6,6,KeyMode.MAJOR,1/16,"[59.3125, 59.375]"
6,6,ChordType.MAJOR,1,6,6,KeyMode.MAJOR,1/16,"[59.375, 59.4375]"
6,6,ChordType.MAJOR,1,6,6,KeyMode.MAJOR,1/16,"[59.4375, 59.5]"
6,6,ChordType.MAJOR,1,6,6,KeyMode.MAJOR,1/4,"[59.5, 59.75]"
6,6,ChordType.MAJOR,0,6,6,KeyMode.MAJOR,1/16,"[59.75, 59.8125]"
6,6,ChordType.MAJOR,0,6,6,KeyMode.MAJOR,1/16,"[59.8125, 59.875]"
6,6,ChordType.MAJOR,0,6,6,KeyMode.MAJOR,1/16,"[59.875, 59.9375]"
6,6,ChordType.MAJOR,0,6,6,KeyMode.MAJOR,1/16,"[59.9375, 60.0]"
9,3,ChordType.MAJ_MIN7,2,8,8,KeyMode.MINOR,1/16,"[60.0, 60.0625]"
9,3,ChordType.MAJ_MIN7,2,8,8,KeyMode.MINOR,1/16,"[60.0625, 60.125]"
9,3,ChordType.MAJ_MIN7,2,8,8,KeyMode.MINOR,1/16,"[60.125, 60.1875]"
9,3,ChordType.MAJ_MIN7,2,8,8,KeyMode.MINOR,1/16,"[60.1875, 60.25]"
9,3,ChordType.MAJ_MIN7,0,8,8,KeyMode.MINOR,1/16,"[60.25, 60.3125]"
9,3,ChordType.MAJ_MIN7,0,8,8,KeyMode.MINOR,1/16,"[60.3125, 60.375]"
9,3,ChordType.MAJ_MIN7,0,8,8,KeyMode.MINOR,1/16,"[60.375, 60.4375]"
9,3,ChordType.MAJ_MIN7,0,8,8,KeyMode.MINOR,1/16,"[60.4375, 60.5]"
9,3,ChordType.MAJOR,0,8,8,KeyMode.MINOR,1/4,"[60.5, 60.75]"
9,3,ChordType.MAJ_MIN7,2,8,8,KeyMode.MINOR,1/16,"[60.75, 60.8125]"
9,3,ChordType.MAJ_MIN7,2,8,8,KeyMode.MINOR,1/16,"[60.8125, 60.875]"
9,3,ChordType.MAJ_MIN7,2,8,8,KeyMode.MINOR,1/16,"[60.875, 60.9375]"
9,3,ChordType.MAJ_MIN7,2,8,8,KeyMode.MINOR,1/16,"[60.9375, 61.0]"
8,8,ChordType.MINOR,1,6,6,KeyMode.MAJOR,1/16,"[61.0, 61.0625]"
8,8,ChordType.MINOR,1,6,6,KeyMode.MAJOR,1/16,"[61.0625, 61.125]"
8,8,ChordType.MINOR,1,6,6,KeyMode.MAJOR,1/16,"[61.125, 61.1875]"
8,8,ChordType.MINOR,1,6,6,KeyMode.MAJOR,1/16,"[61.1875, 61.25]"
8,8,ChordType.MINOR,1,6,6,KeyMode.MAJOR,1/16,"[61.25, 61.3125]"
8,8,ChordType.MINOR,1,6,6,KeyMode.MAJOR,1/16,"[61.3125, 61.375]"
8,8,ChordType.MINOR,1,6,6,KeyMode.MAJOR,1/16,"[61.375, 61.4375]"
8,8,ChordType.MINOR,1,6,6,KeyMode.MAJOR,1/16,"[61.4375, 61.5]"
8,8,ChordType.MINOR,1,6,6,KeyMode.MAJOR,1/4,"[61.5, 61.75]"
4,4,ChordType.MAJOR,1,6,6,KeyMode.MAJOR,1/12,"[61.75, 61.833333333333336]"
4,4,ChordType.MAJOR,1,6,6,KeyMode.MAJOR,1/12,"[61.833333333333336, 61.916666666666664]"
4,4,ChordType.MAJOR,1,6,6,KeyMode.MAJOR,1/12,"[61.916666666666664, 62.0]"
6,6,ChordType.MINOR,1,4,4,KeyMode.MAJOR,1/12,"[62.0, 62.083333333333336]"
6,6,ChordType.MINOR,1,4,4,KeyMode.MAJOR,1/12,"[62.083333333333336, 62.166666666666664]"
6,6,ChordType.MINOR,1,4,4,KeyMode.MAJOR,1/12,"[62.166666666666664, 62.25]"
6,6,ChordType.MINOR,1,4,4,KeyMode.MAJOR,1/12,"[62.25, 62.333333333333336]"
6,6,ChordType.MINOR,1,4,4,KeyMode.MAJOR,1/12,"[62.333333333333336, 62.416666666666664]"
6,6,ChordType.MINOR,1,4,4,KeyMode.MAJOR,1/12,"[62.416666666666664, 62.5]"
5,11,ChordType.MAJ_MIN7,0,4,4,KeyMode.MAJOR,1/12,"[62.5, 62.583333333333336]"
5,11,ChordType.MAJ_MIN7,0,4,4,KeyMode.MAJOR,1/12,"[62.583333333333336, 62.666666666666664]"
5,11,ChordType.MAJ_MIN7,0,4,4,KeyMode.MAJOR,1/12,"[62.666666666666664, 62.75]"
5,11,ChordType.MAJ_MIN7,0,4,4,KeyMode.MAJOR,1/12,"[62.75, 62.833333333333336]"
5,11,ChordType.MAJ_MIN7,0,4,4,KeyMode.MAJOR,1/12,"[62.833333333333336, 62.916666666666664]"
5,11,ChordType.MAJ_MIN7,0,4,4,KeyMode.MAJOR,1/12,"[62.916666666666664, 63.0]"
4,4,ChordType.MAJOR,0,6,6,KeyMode.MAJOR,1/4,"[63.0, 63.25]"
5,11,ChordType.MAJOR,0,4,4,KeyMode.MAJOR,1/4,"[63.25, 63.5]"
4,4,ChordType.MAJOR,0,6,6,KeyMode.MAJOR,1/2,"[63.5, 64.0]"
4,4,ChordType.MAJOR,0,6,6,KeyMode.MAJOR,1/2,"[64.0, 64.5]"
6,6,ChordType.MINOR,1,6,6,KeyMode.MAJOR,1/2,"[64.5, 65.0]"
5,11,ChordType.MAJOR,0,6,6,KeyMode.MAJOR,1/4,"[65.0, 65.25]"
7,1,ChordType.MAJ_MIN7,2,6,6,KeyMode.MAJOR,1/4,"[65.25, 65.5]"
6,6,ChordType.MINOR,0,6,6,KeyMode.MAJOR,1/2,"[65.5, 66.0]"
6,6,ChordType.MINOR,0,6,6,KeyMode.MAJOR,1/2,"[66.0, 66.5]"
8,8,ChordType.DIMINISHED,1,6,6,KeyMode.MAJOR,1/2,"[66.5, 67.0]"
7,1,ChordType.MAJ_MIN7,0,6,6,KeyMode.MAJOR,1/4,"[67.0, 67.25]"
6,6,ChordType.MAJ_MIN7,0,5,11,KeyMode.MINOR,1/4,"[67.25, 67.5]"
5,11,ChordType.MINOR,0,6,6,KeyMode.MAJOR,1/2,"[67.5, 68.0]"
5,11,ChordType.MINOR,0,6,6,KeyMode.MAJOR,1/2,"[68.0, 68.5]"
7,1,ChordType.DIMINISHED,1,5,11,KeyMode.MINOR,1/2,"[68.5, 69.0]"
6,6,ChordType.MAJ_MIN7,0,5,11,KeyMode.MINOR,1/4,"[69.0, 69.25]"
5,11,ChordType.MINOR,0,6,6,KeyMode.MAJOR,1/4,"[69.25, 69.5]"
6,6,ChordType.MAJ_MIN7,1,5,11,KeyMode.MINOR,1/2,"[69.5, 70.0]"
10,10,ChordType.DIMINISHED,1,5,11,KeyMode.MAJOR,1/4,"[70.0, 70.25]"
5,11,ChordType.MAJOR,0,6,6,KeyMode.MAJOR,1/4,"[70.25, 70.5]"
10,10,ChordType.DIMINISHED,0,5,11,KeyMode.MAJOR,1/2,"[70.5, 71.0]"
6,6,ChordType.MAJOR,1,5,11,KeyMode.MAJOR,1/2,"[71.0, 71.5]"
6,6,ChordType.MAJ_MIN7,0,5,11,KeyMode.MAJOR,1/2,"[71.5, 72.0]"
5,11,ChordType.MAJOR,0,6,6,KeyMode.MAJOR,1/4,"[72.0, 72.25]"
5,11,ChordType.MAJOR,1,6,6,KeyMode.MAJOR,1/16,"[72.25, 72.3125]"
5,11,ChordType.MAJOR,1,6,6,KeyMode.MAJOR,1/16,"[72.3125, 72.375]"
5,11,ChordType.MAJOR,1,6,6,KeyMode.MAJOR,1/16,"[72.375, 72.4375]"
5,11,ChordType.MAJOR,1,6,6,KeyMode.MAJOR,1/16,"[72.4375, 72.5]"
5,11,ChordType.MAJOR,0,6,6,KeyMode.MAJOR,1/4,"[72.5, 72.75]"
5,11,ChordType.MAJOR,0,6,6,KeyMode.MAJOR,1/4,"[72.75, 73.0]"
10,10,ChordType.DIMINISHED,1,5,11,KeyMode.MAJOR,1/4,"[73.0, 73.25]"
10,10,ChordType.DIMINISHED,1,5,11,KeyMode.MAJOR,3/16,"[73.25, 73.4375]"
10,10,ChordType.DIMINISHED,1,5,11,KeyMode.MAJOR,1/16,"[73.4375, 73.5]"
10,10,ChordType.DIMINISHED,1,5,11,KeyMode.MAJOR,1/4,"[73.5, 73.75]"
10,10,ChordType.DIMINISHED,1,5,11,KeyMode.MAJOR,1/4,"[73.75, 74.0]"
9,3,ChordType.MAJ_MIN7,3,8,8,KeyMode.MINOR,1/16,"[74.0, 74.0625]"
9,3,ChordType.MAJ_MIN7,3,8,8,KeyMode.MINOR,1/16,"[74.0625, 74.125]"
9,3,ChordType.MAJ_MIN7,3,8,8,KeyMode.MINOR,1/16,"[74.125, 74.1875]"
9,3,ChordType.MAJ_MIN7,3,8,8,KeyMode.MINOR,1/16,"[74.1875, 74.25]"
9,3,ChordType.MAJ_MIN7,3,8,8,KeyMode.MINOR,1/16,"[74.25, 74.3125]"
9,3,ChordType.MAJ_MIN7,3,8,8,KeyMode.MINOR,1/16,"[74.3125, 74.375]"
9,3,ChordType.MAJ_MIN7,3,8,8,KeyMode.MINOR,1/16,"[74.375, 74.4375]"
9,3,ChordType.MAJ_MIN7,3,8,8,KeyMode.MINOR,1/16,"[74.4375, 74.5]"
9,3,ChordType.MAJ_MIN7,2,8,8,KeyMode.MINOR,1/16,"[74.5, 74.5625]"
9,3,ChordType.MAJ_MIN7,2,8,8,KeyMode.MINOR,1/16,"[74.5625, 74.625]"
9,3,ChordType.MAJ_MIN7,2,8,8,KeyMode.MINOR,1/16,"[74.625, 74.6875]"
9,3,ChordType.MAJ_MIN7,2,8,8,KeyMode.MINOR,1/16,"[74.6875, 74.75]"
9,3,ChordType.MAJ_MIN7,0,8,8,KeyMode.MINOR,1/16,"[74.75, 74.8125]"
9,3,ChordType.MAJ_MIN7,0,8,8,KeyMode.MINOR,1/16,"[74.8125, 74.875]"
9,3,ChordType.MAJ_MIN7,0,8,8,KeyMode.MINOR,1/16,"[74.875, 74.9375]"
9,3,ChordType.MAJ_MIN7,0,8,8,KeyMode.MINOR,1/16,"[74.9375, 75.0]"
9,3,ChordType.MAJOR,0,8,8,KeyMode.MINOR,1/16,"[75.0, 75.0625]"
9,3,ChordType.MAJOR,0,8,8,KeyMode.MINOR,1/16,"[75.0625, 75.125]"
9,3,ChordType.MAJOR,0,8,8,KeyMode.MINOR,1/16,"[75.125, 75.1875]"
9,3,ChordType.MAJOR,0,8,8,KeyMode.MINOR,1/16,"[75.1875, 75.25]"
9,3,ChordType.MAJ_MIN7,3,8,8,KeyMode.MINOR,1/16,"[75.25, 75.3125]"
9,3,ChordType.MAJ_MIN7,3,8,8,KeyMode.MINOR,1/16,"[75.3125, 75.375]"
9,3,ChordType.MAJ_MIN7,3,8,8,KeyMode.MINOR,1/16,"[75.375, 75.4375]"
9,3,ChordType.MAJ_MIN7,3,8,8,KeyMode.MINOR,1/16,"[75.4375, 75.5]"
8,8,ChordType.MINOR,1,6,6,KeyMode.MAJOR,1/16,"[75.5, 75.5625]"
8,8,ChordType.MINOR,1,6,6,KeyMode.MAJOR,1/16,"[75.5625, 75.625]"
8,8,ChordType.MINOR,1,6,6,KeyMode.MAJOR,1/16,"[75.625, 75.6875]"
8,8,ChordType.MINOR,1,6,6,KeyMode.MAJOR,1/16,"[75.6875, 75.75]"
8,8,ChordType.MINOR,1,6,6,KeyMode.MAJOR,1/16,"[75.75, 75.8125]"
8,8,ChordType.MINOR,1,6,6,KeyMode.MAJOR,1/16,"[75.8125, 75.875]"
8,8,ChordType.MINOR,1,6,6,KeyMode.MAJOR,1/16,"[75.875, 75.9375]"
8,8,ChordType.MINOR,1,6,6,KeyMode.MAJOR,1/16,"[75.9375, 76.0]"
11,5,ChordType.DIM7,2,6,6,KeyMode.MAJOR,1/16,"[76.0, 76.0625]"
11,5,ChordType.DIM7,2,6,6,KeyMode.MAJOR,1/16,"[76.0625, 76.125]"
11,5,ChordType.DIM7,2,6,6,KeyMode.MAJOR,1/16,"[76.125, 76.1875]"
11,5,ChordType.DIM7,2,6,6,KeyMode.MAJOR,1/16,"[76.1875, 76.25]"
7,1,ChordType.MAJ_MIN7,3,6,6,KeyMode.MAJOR,1/16,"[76.25, 76.3125]"
7,1,ChordType.MAJ_MIN7,3,6,6,KeyMode.MAJOR,1/16,"[76.3125, 76.375]"
7,1,ChordType.MAJ_MIN7,3,6,6,KeyMode.MAJOR,1/16,"[76.375, 76.4375]"
7,1,ChordType.MAJ_MIN7,3,6,6,KeyMode.MAJOR,1/16,"[76.4375, 76.5]"
11,5,ChordType.DIM7,2,6,6,KeyMode.MAJOR,1/16,"[76.5, 76.5625]"
11,5,ChordType.DIM7,2,6,6,KeyMode.MAJOR,1/16,"[76.5625, 76.625]"
11,5,ChordType.DIM7,2,6,6,KeyMode.MAJOR,1/16,"[76.625, 76.6875]"
11,5,ChordType.DIM7,2,6,6,KeyMode.MAJOR,1/16,"[76.6875, 76.75]"
7,1,ChordType.MAJ_MIN7,3,6,6,KeyMode.MAJOR,1/16,"[76.75, 76.8125]"
7,1,ChordType.MAJ_MIN7,3,6,6,KeyMode.MAJOR,1/16,"[76.8125, 76.875]"
7,1,ChordType.MAJ_MIN7,3,6,6,KeyMode.MAJOR,1/16,"[76.875, 76.9375]"
7,1,ChordType.MAJ_MIN7,3,6,6,KeyMode.MAJOR,1/16,"[76.9375, 77.0]"
11,5,ChordType.DIM7,2,6,6,KeyMode.MAJOR,1/16,"[77.0, 77.0625]"
11,5,ChordType.DIM7,2,6,6,KeyMode.MAJOR,1/16,"[77.0625, 77.125]"
11,5,ChordType.DIM7,2,6,6,KeyMode.MAJOR,1/16,"[77.125, 77.1875]"
11,5,ChordType.DIM7,2,6,6,KeyMode.MAJOR,1/16,"[77.1875, 77.25]"
7,1,ChordType.MAJ_MIN7,3,6,6,KeyMode.MAJOR,1/16,"[77.25, 77.3125]"
7,1,ChordType.MAJ_MIN7,3,6,6,KeyMode.MAJOR,1/16,"[77.3125, 77.375]"
7,1,ChordType.MAJ_MIN7,3,6,6,KeyMode.MAJOR,1/16,"[77.375, 77.4375]"
7,1,ChordType.MAJ_MIN7,3,6,6,KeyMode.MAJOR,1/16,"[77.4375, 77.5]"
7,1,ChordType.MAJ_MIN7,2,6,6,KeyMode.MAJOR,1/16,"[77.5, 77.5625]"
7,1,ChordType.MAJ_MIN7,2,6,6,KeyMode.MAJOR,1/16,"[77.5625, 77.625]"
7,1,ChordType.MAJ_MIN7,2,6,6,KeyMode.MAJOR,1/16,"[77.625, 77.6875]"
7,1,ChordType.MAJ_MIN7,2,6,6,KeyMode.MAJOR,1/16,"[77.6875, 77.75]"
8,8,ChordType.MINOR,1,6,6,KeyMode.MAJOR,1/16,"[77.75, 77.8125]"
8,8,ChordType.MINOR,1,6,6,KeyMode.MAJOR,1/16,"[77.8125, 77.875]"
8,8,ChordType.MINOR,1,6,6,KeyMode.MAJOR,1/16,"[77.875, 77.9375]"
8,8,ChordType.MINOR,1,6,6,KeyMode.MAJOR,1/16,"[77.9375, 78.0]"
11,5,ChordType.DIM7,2,6,6,KeyMode.MAJOR,1/16,"[78.0, 78.0625]"
11,5,ChordType.DIM7,2,6,6,KeyMode.MAJOR,1/16,"[78.0625, 78.125]"
11,5,ChordType.DIM7,2,6,6,KeyMode.MAJOR,1/16,"[78.125, 78.1875]"
11,5,ChordType.DIM7,2,6,6,KeyMode.MAJOR,1/16,"[78.1875, 78.25]"
7,1,ChordType.MAJ_MIN7,3,6,6,KeyMode.MAJOR,1/16,"[78.25, 78.3125]"
7,1,ChordType.MAJ_MIN7,3,6,6,KeyMode.MAJOR,1/16,"[78.3125, 78.375]"
7,1,ChordType.MAJ_MIN7,3,6,6,KeyMode.MAJOR,1/16,"[78.375, 78.4375]"
7,1,ChordType.MAJ_MIN7,3,6,6,KeyMode.MAJOR,1/16,"[78.4375, 78.5]"
11,5,ChordType.DIM7,2,6,6,KeyMode.MAJOR,1/16,"[78.5, 78.5625]"
11,5,ChordType.DIM7,2,6,6,KeyMode.MAJOR,1/16,"[78.5625, 78.625]"
11,5,ChordType.DIM7,2,6,6,KeyMode.MAJOR,1/16,"[78.625, 78.6875]"
11,5,ChordType.DIM7,2,6,6,KeyMode.MAJOR,1/16,"[78.6875, 78.75]"
7,1,ChordType.MAJ_MIN7,3,6,6,KeyMode.MAJOR,1/16,"[78.75, 78.8125]"
7,1,ChordType.MAJ_MIN7,3,6,6,KeyMode.MAJOR,1/16,"[78.8125, 78.875]"
7,1,ChordType.MAJ_MIN7,3,6,6,KeyMode.MAJOR,1/16,"[78.875, 78.9375]"
7,1,ChordType.MAJ_MIN7,3,6,6,KeyMode.MAJOR,1/16,"[78.9375, 79.0]"
11,5,ChordType.DIM7,2,6,6,KeyMode.MAJOR,1/16,"[79.0, 79.0625]"
11,5,ChordType.DIM7,2,6,6,KeyMode.MAJOR,1/16,"[79.0625, 79.125]"
11,5,ChordType.DIM7,2,6,6,KeyMode.MAJOR,1/16,"[79.125, 79.1875]"
11,5,ChordType.DIM7,2,6,6,KeyMode.MAJOR,1/16,"[79.1875, 79.25]"
7,1,ChordType.MAJ_MIN7,3,6,6,KeyMode.MAJOR,1/16,"[79.25, 79.3125]"
7,1,ChordType.MAJ_MIN7,3,6,6,KeyMode.MAJOR,1/16,"[79.3125, 79.375]"
7,1,ChordType.MAJ_MIN7,3,6,6,KeyMode.MAJOR,1/16,"[79.375, 79.4375]"
7,1,ChordType.MAJ_MIN7,3,6,6,KeyMode.MAJOR,1/16,"[79.4375, 79.5]"
7,1,ChordType.MAJ_MIN7,2,6,6,KeyMode.MAJOR,1/16,"[79.5, 79.5625]"
7,1,ChordType.MAJ_MIN7,2,6,6,KeyMode.MAJOR,1/16,"[79.5625, 79.625]"
7,1,ChordType.MAJ_MIN7,2,6,6,KeyMode.MAJOR,1/16,"[79.625, 79.6875]"
7,1,ChordType.MAJ_MIN7,2,6,6,KeyMode.MAJOR,1/16,"[79.6875, 79.75]"
8,8,ChordType.MINOR,1,6,6,KeyMode.MAJOR,1/16,"[79.75, 79.8125]"
8,8,ChordType.MINOR,1,6,6,KeyMode.MAJOR,1/16,"[79.8125, 79.875]"
8,8,ChordType.MINOR,1,6,6,KeyMode.MAJOR,1/16,"[79.875, 79.9375]"
8,8,ChordType.MINOR,1,6,6,KeyMode.MAJOR,1/16,"[79.9375, 80.0]"
7,1,ChordType.MAJ_MIN7,3,6,6,KeyMode.MAJOR,1/16,"[80.0, 80.0625]"
7,1,ChordType.MAJ_MIN7,3,6,6,KeyMode.MAJOR,1/16,"[80.0625, 80.125]"
7,1,ChordType.MAJ_MIN7,3,6,6,KeyMode.MAJOR,1/16,"[80.125, 80.1875]"
7,1,ChordType.MAJ_MIN7,3,6,6,KeyMode.MAJOR,1/16,"[80.1875, 80.25]"
6,6,ChordType.MAJOR,1,6,6,KeyMode.MAJOR,1/16,"[80.25, 80.3125]"
6,6,ChordType.MAJOR,1,6,6,KeyMode.MAJOR,1/16,"[80.3125, 80.375]"
6,6,ChordType.MAJOR,1,6,6,KeyMode.MAJOR,1/16,"[80.375, 80.4375]"
6,6,ChordType.MAJOR,1,6,6,KeyMode.MAJOR,1/16,"[80.4375, 80.5]"
6,6,ChordType.MAJOR,1,6,6,KeyMode.MAJOR,1/16,"[80.5, 80.5625]"
6,6,ChordType.MAJOR,1,6,6,KeyMode.MAJOR,1/16,"[80.5625, 80.625]"
6,6,ChordType.MAJOR,1,6,6,KeyMode.MAJOR,1/16,"[80.625, 80.6875]"
6,6,ChordType.MAJOR,1,6,6,KeyMode.MAJOR,1/16,"[80.6875, 80.75]"
6,6,ChordType.MAJOR,1,6,6,KeyMode.MAJOR,1/16,"[80.75, 80.8125]"
6,6,ChordType.MAJOR,1,6,6,KeyMode.MAJOR,1/16,"[80.8125, 80.875]"
6,6,ChordType.MAJOR,1,6,6,KeyMode.MAJOR,1/16,"[80.875, 80.9375]"
6,6,ChordType.MAJOR,1,6,6,KeyMode.MAJOR,1/16,"[80.9375, 81.0]"
6,6,ChordType.MAJOR,1,6,6,KeyMode.MAJOR,1/16,"[81.0, 81.0625]"
6,6,ChordType.MAJOR,1,6,6,KeyMode.MAJOR,1/16,"[81.0625, 81.125]"
6,6,ChordType.MAJOR,1,6,6,KeyMode.MAJOR,1/16,"[81.125, 81.1875]"
6,6,ChordType.MAJOR,1,6,6,KeyMode.MAJOR,1/16,"[81.1875, 81.25]"
6,6,ChordType.MAJOR,1,6,6,KeyMode.MAJOR,1/16,"[81.25, 81.3125]"
6,6,ChordType.MAJOR,1,6,6,KeyMode.MAJOR,1/16,"[81.3125, 81.375]"
6,6,ChordType.MAJOR,1,6,6,KeyMode.MAJOR,1/16,"[81.375, 81.4375]"
6,6,ChordType.MAJOR,1,6,6,KeyMode.MAJOR,1/16,"[81.4375, 81.5]"
6,6,ChordType.MAJOR,1,6,6,KeyMode.MAJOR,1/16,"[81.5, 81.5625]"
6,6,ChordType.MAJOR,1,6,6,KeyMode.MAJOR,1/16,"[81.5625, 81.625]"
6,6,ChordType.MAJOR,1,6,6,KeyMode.MAJOR,1/16,"[81.625, 81.6875]"
6,6,ChordType.MAJOR,1,6,6,KeyMode.MAJOR,1/16,"[81.6875, 81.75]"
6,6,ChordType.MAJOR,1,6,6,KeyMode.MAJOR,1/16,"[81.75, 81.8125]"
6,6,ChordType.MAJOR,1,6,6,KeyMode.MAJOR,1/16,"[81.8125, 81.875]"
6,6,ChordType.MAJOR,1,6,6,KeyMode.MAJOR,1/16,"[81.875, 81.9375]"
6,6,ChordType.MAJOR,1,6,6,KeyMode.MAJOR,1/16,"[81.9375, 82.0]"
12,0,ChordType.MAJOR,1,7,1,KeyMode.MAJOR,1/16,"[82.0, 82.0625]"
12,0,ChordType.MAJOR,1,7,1,KeyMode.MAJOR,1/16,"[82.0625, 82.125]"
12,0,ChordType.MAJOR,1,7,1,KeyMode.MAJOR,1/16,"[82.125, 82.1875]"
12,0,ChordType.MAJOR,1,7,1,KeyMode.MAJOR,1/16,"[82.1875, 82.25]"
12,0,ChordType.MAJOR,1,7,1,KeyMode.MAJOR,1/16,"[82.25, 82.3125]"
12,0,ChordType.MAJOR,1,7,1,KeyMode.MAJOR,1/16,"[82.3125, 82.375]"
12,0,ChordType.MAJOR,1,7,1,KeyMode.MAJOR,1/16,"[82.375, 82.4375]"
12,0,ChordType.MAJOR,1,7,1,KeyMode.MAJOR,1/16,"[82.4375, 82.5]"
12,0,ChordType.MAJOR,1,7,1,KeyMode.MAJOR,1/16,"[82.5, 82.5625]"
12,0,ChordType.MAJOR,1,7,1,KeyMode.MAJOR,1/16,"[82.5625, 82.625]"
12,0,ChordType.MAJOR,1,7,1,KeyMode.MAJOR,1/16,"[82.625, 82.6875]"
12,0,ChordType.MAJOR,1,7,1,KeyMode.MAJOR,1/16,"[82.6875, 82.75]"
12,0,ChordType.MAJOR,1,7,1,KeyMode.MAJOR,1/16,"[82.75, 82.8125]"
12,0,ChordType.MAJOR,1,7,1,KeyMode.MAJOR,1/16,"[82.8125, 82.875]"
12,0,ChordType.MAJOR,1,7,1,KeyMode.MAJOR,1/16,"[82.875, 82.9375]"
12,0,ChordType.MAJOR,1,7,1,KeyMode.MAJOR,1/16,"[82.9375, 83.0]"
7,1,ChordType.MAJ_MIN7,0,6,6,KeyMode.MAJOR,1/16,"[83.0, 83.0625]"
7,1,ChordType.MAJ_MIN7,0,6,6,KeyMode.MAJOR,1/16,"[83.0625, 83.125]"
7,1,ChordType.MAJ_MIN7,0,6,6,KeyMode.MAJOR,1/16,"[83.125, 83.1875]"
7,1,ChordType.MAJ_MIN7,0,6,6,KeyMode.MAJOR,1/16,"[83.1875, 83.25]"
7,1,ChordType.MAJ_MIN7,0,6,6,KeyMode.MAJOR,1/16,"[83.25, 83.3125]"
7,1,ChordType.MAJ_MIN7,0,6,6,KeyMode.MAJOR,1/16,"[83.3125, 83.375]"
7,1,ChordType.MAJ_MIN7,0,6,6,KeyMode.MAJOR,1/16,"[83.375, 83.4375]"
7,1,ChordType.MAJ_MIN7,0,6,6,KeyMode.MAJOR,1/16,"[83.4375, 83.5]"
7,1,ChordType.MAJ_MIN7,0,6,6,KeyMode.MAJOR,1/16,"[83.5, 83.5625]"
7,1,ChordType.MAJ_MIN7,0,6,6,KeyMode.MAJOR,1/16,"[83.5625, 83.625]"
7,1,ChordType.MAJ_MIN7,0,6,6,KeyMode.MAJOR,1/16,"[83.625, 83.6875]"
7,1,ChordType.MAJ_MIN7,0,6,6,KeyMode.MAJOR,1/16,"[83.6875, 83.75]"
7,1,ChordType.MAJ_MIN7,0,6,6,KeyMode.MAJOR,1/16,"[83.75, 83.8125]"
7,1,ChordType.MAJ_MIN7,0,6,6,KeyMode.MAJOR,1/16,"[83.8125, 83.875]"
7,1,ChordType.MAJ_MIN7,0,6,6,KeyMode.MAJOR,1/16,"[83.875, 83.9375]"
7,1,ChordType.MAJ_MIN7,0,6,6,KeyMode.MAJOR,1/16,"[83.9375, 84.0]"
6,6,ChordType.MAJOR,0,6,6,KeyMode.MAJOR,1/2,"[84.0, 84.5]"
6,6,ChordType.MAJOR,0,6,6,KeyMode.MAJOR,1/12,"[84.5, 84.58333333333333]"
6,6,ChordType.MAJOR,0,6,6,KeyMode.MAJOR,1/12,"[84.58333333333333, 84.66666666666667]"
6,6,ChordType.MAJOR,0,6,6,KeyMode.MAJOR,1/12,"[84.66666666666667, 84.75]"
6,6,ChordType.MAJOR,0,6,6,KeyMode.MAJOR,1/12,"[84.75, 84.83333333333333]"
6,6,ChordType.MAJOR,0,6,6,KeyMode.MAJOR,1/12,"[84.83333333333333, 84.91666666666667]"
6,6,ChordType.MAJOR,0,6,6,KeyMode.MAJOR,1/12,"[84.91666666666667, 85.0]"
6,6,ChordType.MAJOR,0,6,6,KeyMode.MAJOR,1/12,"[85.0, 85.08333333333333]"
6,6,ChordType.MAJOR,0,6,6,KeyMode.MAJOR,1/12,"[85.08333333333333, 85.16666666666667]"
6,6,ChordType.MAJOR,0,6,6,KeyMode.MAJOR,1/12,"[85.16666666666667, 85.25]"
6,6,ChordType.MAJOR,0,6,6,KeyMode.MAJOR,1/12,"[85.25, 85.33333333333333]"
6,6,ChordType.MAJOR,0,6,6,KeyMode.MAJOR,1/12,"[85.33333333333333, 85.41666666666667]"
6,6,ChordType.MAJOR,0,6,6,KeyMode.MAJOR,1/12,"[85.41666666666667, 85.5]"
6,6,ChordType.MAJOR,0,6,6,KeyMode.MAJOR,1/12,"[85.5, 85.58333333333333]"
6,6,ChordType.MAJOR,0,6,6,KeyMode.MAJOR,1/12,"[85.58333333333333, 85.66666666666667]"
6,6,ChordType.MAJOR,0,6,6,KeyMode.MAJOR,1/12,"[85.66666666666667, 85.75]"
7,1,ChordType.MAJ_MIN7,0,6,6,KeyMode.MAJOR,1/12,"[85.75, 85.83333333333333]"
7,1,ChordType.MAJ_MIN7,0,6,6,KeyMode.MAJOR,1/12,"[85.83333333333333, 85.91666666666667]"
7,1,ChordType.MAJ_MIN7,0,6,6,KeyMode.MAJOR,1/12,"[85.91666666666667, 86.0]"
6,6,ChordType.MAJOR,0,6,6,KeyMode.MAJOR,1/4,"[86.0, 86.25]"
6,6,ChordType.MAJOR,0,6,6,KeyMode.MAJOR,1/12,"[86.25, 86.33333333333333]"
6,6,ChordType.MAJOR,0,6,6,KeyMode.MAJOR,1/12,"[86.33333333333333, 86.41666666666667]"
6,6,ChordType.MAJOR,0,6,6,KeyMode.MAJOR,1/12,"[86.41666666666667, 86.5]"
6,6,ChordType.MAJOR,0,6,6,KeyMode.MAJOR,1/12,"[86.5, 86.58333333333333]"
6,6,ChordType.MAJOR,0,6,6,KeyMode.MAJOR,1/12,"[86.58333333333333, 86.66666666666667]"
6,6,ChordType.MAJOR,0,6,6,KeyMode.MAJOR,1/12,"[86.66666666666667, 86.75]"
6,6,ChordType.MAJOR,0,6,6,KeyMode.MAJOR,1/12,"[86.75, 86.83333333333333]"
6,6,ChordType.MAJOR,0,6,6,KeyMode.MAJOR,1/12,"[86.83333333333333, 86.91666666666667]"
6,6,ChordType.MAJOR,0,6,6,KeyMode.MAJOR,1/12,"[86.91666666666667, 87.0]"
6,6,ChordType.MAJOR,0,6,6,KeyMode.MAJOR,1/12,"[87.0, 87.08333333333333]"
6,6,ChordType.MAJOR,0,6,6,KeyMode.MAJOR,1/12,"[87.08333333333333, 87.16666666666667]"
6,6,ChordType.MAJOR,0,6,6,KeyMode.MAJOR,1/12,"[87.16666666666667, 87.25]"
6,6,ChordType.MAJOR,0,6,6,KeyMode.MAJOR,1/12,"[87.25, 87.33333333333333]"
6,6,ChordType.MAJOR,0,6,6,KeyMode.MAJOR,1/12,"[87.33333333333333, 87.41666666666667]"
6,6,ChordType.MAJOR,0,6,6,KeyMode.MAJOR,1/12,"[87.41666666666667, 87.5]"
9,3,ChordType.MAJ_MIN7,0,8,8,KeyMode.MINOR,1/4,"[87.5, 87.75]"
8,8,ChordType.MINOR,0,6,6,KeyMode.MAJOR,1/4,"[87.75, 88.0]"
7,1,ChordType.MAJ_MIN7,0,6,6,KeyMode.MAJOR,1/2,"[88.0, 88.5]"
7,1,ChordType.MAJ_MIN7,0,6,6,KeyMode.MAJOR,1/16,"[88.5, 88.5625]"
7,1,ChordType.MAJ_MIN7,0,6,6,KeyMode.MAJOR,1/16,"[88.5625, 88.625]"
7,1,ChordType.MAJ_MIN7,0,6,6,KeyMode.MAJOR,1/16,"[88.625, 88.6875]"
7,1,ChordType.MAJ_MIN7,0,6,6,KeyMode.MAJOR,1/16,"[88.6875, 88.75]"
7,1,ChordType.MAJ_MIN7,0,6,6,KeyMode.MAJOR,1/16,"[88.75, 88.8125]"
7,1,ChordType.MAJ_MIN7,0,6,6,KeyMode.MAJOR,1/16,"[88.8125, 88.875]"
7,1,ChordType.MAJ_MIN7,0,6,6,KeyMode.MAJOR,1/16,"[88.875, 88.9375]"
7,1,ChordType.MAJ_MIN7,0,6,6,KeyMode.MAJOR,1/16,"[88.9375, 89.0]"
6,6,ChordType.MAJOR,0,6,6,KeyMode.MAJOR,1/16,"[89.0, 89.0625]"
6,6,ChordType.MAJOR,0,6,6,KeyMode.MAJOR,1/16,"[89.0625, 89.125]"
6,6,ChordType.MAJOR,0,6,6,KeyMode.MAJOR,1/16,"[89.125, 89.1875]"
6,6,ChordType.MAJOR,0,6,6,KeyMode.MAJOR,1/16,"[89.1875, 89.25]"
6,6,ChordType.MAJOR,0,6,6,KeyMode.MAJOR,1/16,"[89.25, 89.3125]"
6,6,ChordType.MAJOR,0,6,6,KeyMode.MAJOR,1/16,"[89.3125, 89.375]"
6,6,ChordType.MAJOR,0,6,6,KeyMode.MAJOR,1/16,"[89.375, 89.4375]"
6,6,ChordType.MAJOR,0,6,6,KeyMode.MAJOR,1/16,"[89.4375, 89.5]"
9,3,ChordType.MAJOR,0,8,8,KeyMode.MINOR,1/4,"[89.5, 89.75]"
8,8,ChordType.MINOR,0,6,6,KeyMode.MAJOR,1/4,"[89.75, 90.0]"
7,1,ChordType.MAJ_MIN7,0,6,6,KeyMode.MAJOR,1/2,"[90.0, 90.5]"
7,1,ChordType.MAJ_MIN7,0,6,6,KeyMode.MAJOR,1/16,"[90.5, 90.5625]"
7,1,ChordType.MAJ_MIN7,0,6,6,KeyMode.MAJOR,1/16,"[90.5625, 90.625]"
7,1,ChordType.MAJ_MIN7,0,6,6,KeyMode.MAJOR,1/16,"[90.625, 90.6875]"
7,1,ChordType.MAJ_MIN7,0,6,6,KeyMode.MAJOR,1/16,"[90.6875, 90.75]"
7,1,ChordType.MAJ_MIN7,0,6,6,KeyMode.MAJOR,1/16,"[90.75, 90.8125]"
7,1,ChordType.MAJ_MIN7,0,6,6,KeyMode.MAJOR,1/16,"[90.8125, 90.875]"
7,1,ChordType.MAJ_MIN7,0,6,6,KeyMode.MAJOR,1/16,"[90.875, 90.9375]"
7,1,ChordType.MAJ_MIN7,0,6,6,KeyMode.MAJOR,1/16,"[90.9375, 91.0]"
6,6,ChordType.MAJOR,0,6,6,KeyMode.MAJOR,1/16,"[91.0, 91.0625]"
6,6,ChordType.MAJOR,0,6,6,KeyMode.MAJOR,1/16,"[91.0625, 91.125]"
6,6,ChordType.MAJOR,0,6,6,KeyMode.MAJOR,1/16,"[91.125, 91.1875]"
6,6,ChordType.MAJOR,0,6,6,KeyMode.MAJOR,1/16,"[91.1875, 91.25]"
6,6,ChordType.MAJOR,1,6,6,KeyMode.MAJOR,1/16,"[91.25, 91.3125]"
6,6,ChordType.MAJOR,1,6,6,KeyMode.MAJOR,1/16,"[91.3125, 91.375]"
6,6,ChordType.MAJOR,1,6,6,KeyMode.MAJOR,1/16,"[91.375, 91.4375]"
6,6,ChordType.MAJOR,1,6,6,KeyMode.MAJOR,1/16,"[91.4375, 91.5]"
7,1,ChordType.MAJ_MIN7,0,6,6,KeyMode.MAJOR,1/16,"[91.5, 91.5625]"
7,1,ChordType.MAJ_MIN7,0,6,6,KeyMode.MAJOR,1/16,"[91.5625, 91.625]"
7,1,ChordType.MAJ_MIN7,0,6,6,KeyMode.MAJOR,1/16,"[91.625, 91.6875]"
7,1,ChordType.MAJ_MIN7,0,6,6,KeyMode.MAJOR,1/16,"[91.6875, 91.75]"
7,1,ChordType.MAJ_MIN7,0,6,6,KeyMode.MAJOR,1/16,"[91.75, 91.8125]"
7,1,ChordType.MAJ_MIN7,0,6,6,KeyMode.MAJOR,1/16,"[91.8125, 91.875]"
7,1,ChordType.MAJ_MIN7,0,6,6,KeyMode.MAJOR,1/16,"[91.875, 91.9375]"
7,1,ChordType.MAJ_MIN7,0,6,6,KeyMode.MAJOR,1/16,"[91.9375, 92.0]"
6,6,ChordType.MAJOR,0,6,6,KeyMode.MAJOR,1/16,"[92.0, 92.0625]"
6,6,ChordType.MAJOR,0,6,6,KeyMode.MAJOR,1/16,"[92.0625, 92.125]"
6,6,ChordType.MAJOR,0,6,6,KeyMode.MAJOR,1/16,"[92.125, 92.1875]"
6,6,ChordType.MAJOR,0,6,6,KeyMode.MAJOR,1/16,"[92.1875, 92.25]"
6,6,ChordType.MAJOR,1,6,6,KeyMode.MAJOR,1/16,"[92.25, 92.3125]"
6,6,ChordType.MAJOR,1,6,6,KeyMode.MAJOR,1/16,"[92.3125, 92.375]"
6,6,ChordType.MAJOR,1,6,6,KeyMode.MAJOR,1/16,"[92.375, 92.4375]"
6,6,ChordType.MAJOR,1,6,6,KeyMode.MAJOR,1/16,"[92.4375, 92.5]"
7,1,ChordType.MAJ_MIN7,3,6,6,KeyMode.MAJOR,1/16,"[92.5, 92.5625]"
7,1,ChordType.MAJ_MIN7,3,6,6,KeyMode.MAJOR,1/16,"[92.5625, 92.625]"
7,1,ChordType.MAJ_MIN7,3,6,6,KeyMode.MAJOR,1/16,"[92.625, 92.6875]"
7,1,ChordType.MAJ_MIN7,3,6,6,KeyMode.MAJOR,1/16,"[92.6875, 92.75]"
7,1,ChordType.MAJ_MIN7,3,6,6,KeyMode.MAJOR,1/16,"[92.75, 92.8125]"
7,1,ChordType.MAJ_MIN7,3,6,6,KeyMode.MAJOR,1/16,"[92.8125, 92.875]"
7,1,ChordType.MAJ_MIN7,3,6,6,KeyMode.MAJOR,1/16,"[92.875, 92.9375]"
7,1,ChordType.MAJ_MIN7,3,6,6,KeyMode.MAJOR,1/16,"[92.9375, 93.0]"
7,1,ChordType.MAJ_MIN7,3,6,6,KeyMode.MAJOR,1/16,"[93.0, 93.0625]"
7,1,ChordType.MAJ_MIN7,3,6,6,KeyMode.MAJOR,1/16,"[93.0625, 93.125]"
7,1,ChordType.MAJ_MIN7,3,6,6,KeyMode.MAJOR,1/16,"[93.125, 93.1875]"
7,1,ChordType.MAJ_MIN7,3,6,6,KeyMode.MAJOR,1/16,"[93.1875, 93.25]"
7,1,ChordType.MAJ_MIN7,0,6,6,KeyMode.MAJOR,1/16,"[93.25, 93.3125]"
7,1,ChordType.MAJ_MIN7,0,6,6,KeyMode.MAJOR,1/16,"[93.3125, 93.375]"
7,1,ChordType.MAJ_MIN7,0,6,6,KeyMode.MAJOR,1/16,"[93.375, 93.4375]"
7,1,ChordType.MAJ_MIN7,0,6,6,KeyMode.MAJOR,1/16,"[93.4375, 93.5]"
7,1,ChordType.MAJ_MIN7,0,6,6,KeyMode.MAJOR,1/16,"[93.5, 93.5625]"
7,1,ChordType.MAJ_MIN7,0,6,6,KeyMode.MAJOR,1/16,"[93.5625, 93.625]"
7,1,ChordType.MAJ_MIN7,0,6,6,KeyMode.MAJOR,1/16,"[93.625, 93.6875]"
7,1,ChordType.MAJ_MIN7,0,6,6,KeyMode.MAJOR,1/16,"[93.6875, 93.75]"
7,1,ChordType.MAJ_MIN7,0,6,6,KeyMode.MAJOR,1/16,"[93.75, 93.8125]"
7,1,ChordType.MAJ_MIN7,0,6,6,KeyMode.MAJOR,1/16,"[93.8125, 93.875]"
7,1,ChordType.MAJ_MIN7,0,6,6,KeyMode.MAJOR,1/16,"[93.875, 93.9375]"
7,1,ChordType.MAJ_MIN7,0,6,6,KeyMode.MAJOR,1/16,"[93.9375, 94.0]"
7,1,ChordType.MAJ_MIN7,0,6,6,KeyMode.MAJOR,1/16,"[94.0, 94.0625]"
7,1,ChordType.MAJ_MIN7,0,6,6,KeyMode.MAJOR,1/16,"[94.0625, 94.125]"
7,1,ChordType.MAJ_MIN7,0,6,6,KeyMode.MAJOR,1/16,"[94.125, 94.1875]"
7,1,ChordType.MAJ_MIN7,0,6,6,KeyMode.MAJOR,1/16,"[94.1875, 94.25]"
7,1,ChordType.MAJOR,0,6,6,KeyMode.MAJOR,1/16,"[94.25, 94.3125]"
7,1,ChordType.MAJOR,0,6,6,KeyMode.MAJOR,1/16,"[94.3125, 94.375]"
7,1,ChordType.MAJOR,0,6,6,KeyMode.MAJOR,1/16,"[94.375, 94.4375]"
7,1,ChordType.MAJOR,0,6,6,KeyMode.MAJOR,1/16,"[94.4375, 94.5]"
6,6,ChordType.MAJOR,1,6,6,KeyMode.MAJOR,1/16,"[94.5, 94.5625]"
6,6,ChordType.MAJOR,1,6,6,KeyMode.MAJOR,1/16,"[94.5625, 94.625]"
6,6,ChordType.MAJOR,1,6,6,KeyMode.MAJOR,1/16,"[94.625, 94.6875]"
6,6,ChordType.MAJOR,1,6,6,KeyMode.MAJOR,1/16,"[94.6875, 94.75]"
6,6,ChordType.MAJOR,1,6,6,KeyMode.MAJOR,1/16,"[94.75, 94.8125]"
6,6,ChordType.MAJOR,1,6,6,KeyMode.MAJOR,1/16,"[94.8125, 94.875]"
6,6,ChordType.MAJOR,1,6,6,KeyMode.MAJOR,1/16,"[94.875, 94.9375]"
11,5,ChordType.DIMINISHED,1,6,6,KeyMode.MAJOR,1/16,"[94.9375, 95.0]"
6,6,ChordType.MAJOR,0,6,6,KeyMode.MAJOR,1/16,"[95.0, 95.0625]"
6,6,ChordType.MAJOR,0,6,6,KeyMode.MAJOR,1/16,"[95.0625, 95.125]"
6,6,ChordType.MAJOR,0,6,6,KeyMode.MAJOR,1/16,"[95.125, 95.1875]"
6,6,ChordType.MAJOR,0,6,6,KeyMode.MAJOR,1/16,"[95.1875, 95.25]"
6,6,ChordType.MAJ_MIN7,1,5,11,KeyMode.MAJOR,1/16,"[95.25, 95.3125]"
6,6,ChordType.MAJ_MIN7,1,5,11,KeyMode.MAJOR,1/16,"[95.3125, 95.375]"
6,6,ChordType.MAJ_MIN7,1,5,11,KeyMode.MAJOR,1/16,"[95.375, 95.4375]"
6,6,ChordType.MAJ_MIN7,1,5,11,KeyMode.MAJOR,1/16,"[95.4375, 95.5]"
6,6,ChordType.MAJOR,0,5,11,KeyMode.MAJOR,1/16,"[95.5, 95.5625]"
6,6,ChordType.MAJOR,0,5,11,KeyMode.MAJOR,1/16,"[95.5625, 95.625]"
6,6,ChordType.MAJOR,0,5,11,KeyMode.MAJOR,1/16,"[95.625, 95.6875]"
6,6,ChordType.MAJOR,0,5,11,KeyMode.MAJOR,1/16,"[95.6875, 95.75]"
10,10,ChordType.DIMINISHED,1,5,11,KeyMode.MAJOR,1/16,"[95.75, 95.8125]"
10,10,ChordType.DIMINISHED,1,5,11,KeyMode.MAJOR,1/16,"[95.8125, 95.875]"
10,10,ChordType.DIMINISHED,1,5,11,KeyMode.MAJOR,1/16,"[95.875, 95.9375]"
5,11,ChordType.MAJOR,0,6,6,KeyMode.MAJOR,1/16,"[95.9375, 96.0]"
10,10,ChordType.DIMINISHED,0,5,11,KeyMode.MAJOR,1/16,"[96.0, 96.0625]"
10,10,ChordType.DIMINISHED,0,5,11,KeyMode.MAJOR,1/16,"[96.0625, 96.125]"
10,10,ChordType.DIMINISHED,0,5,11,KeyMode.MAJOR,1/16,"[96.125, 96.1875]"
10,10,ChordType.DIMINISHED,0,5,11,KeyMode.MAJOR,1/16,"[96.1875, 96.25]"
6,6,ChordType.MAJ_MIN7,1,5,11,KeyMode.MAJOR,1/16,"[96.25, 96.3125]"
6,6,ChordType.MAJ_MIN7,1,5,11,KeyMode.MAJOR,1/16,"[96.3125, 96.375]"
6,6,ChordType.MAJ_MIN7,1,5,11,KeyMode.MAJOR,1/16,"[96.375, 96.4375]"
6,6,ChordType.MAJ_MIN7,1,5,11,KeyMode.MAJOR,1/16,"[96.4375, 96.5]"
7,1,ChordType.DIMINISHED,0,5,11,KeyMode.MINOR,1/16,"[96.5, 96.5625]"
7,1,ChordType.DIMINISHED,0,5,11,KeyMode.MINOR,1/16,"[96.5625, 96.625]"
7,1,ChordType.DIMINISHED,0,5,11,KeyMode.MINOR,1/16,"[96.625, 96.6875]"
7,1,ChordType.DIMINISHED,0,5,11,KeyMode.MINOR,1/16,"[96.6875, 96.75]"
6,6,ChordType.MAJ_MIN7,1,5,11,KeyMode.MINOR,1/16,"[96.75, 96.8125]"
6,6,ChordType.MAJ_MIN7,1,5,11,KeyMode.MINOR,1/16,"[96.8125, 96.875]"
6,6,ChordType.MAJ_MIN7,1,5,11,KeyMode.MINOR,1/16,"[96.875, 96.9375]"
6,6,ChordType.MAJ_MIN7,1,5,11,KeyMode.MINOR,1/16,"[96.9375, 97.0]"
7,1,ChordType.DIMINISHED,0,5,11,KeyMode.MINOR,1/16,"[97.0, 97.0625]"
7,1,ChordType.DIMINISHED,0,5,11,KeyMode.MINOR,1/16,"[97.0625, 97.125]"
7,1,ChordType.DIMINISHED,0,5,11,KeyMode.MINOR,1/16,"[97.125, 97.1875]"
7,1,ChordType.DIMINISHED,0,5,11,KeyMode.MINOR,1/16,"[97.1875, 97.25]"
6,6,ChordType.MAJ_MIN7,1,5,11,KeyMode.MINOR,1/16,"[97.25, 97.3125]"
6,6,ChordType.MAJ_MIN7,1,5,11,KeyMode.MINOR,1/16,"[97.3125, 97.375]"
6,6,ChordType.MAJ_MIN7,1,5,11,KeyMode.MINOR,1/16,"[97.375, 97.4375]"
6,6,ChordType.MAJ_MIN7,1,5,11,KeyMode.MINOR,1/16,"[97.4375, 97.5]"
5,11,ChordType.MINOR,0,6,6,KeyMode.MAJOR,1/16,"[97.5, 97.5625]"
5,11,ChordType.MINOR,0,6,6,KeyMode.MAJOR,1/16,"[97.5625, 97.625]"
5,11,ChordType.MINOR,0,6,6,KeyMode.MAJOR,1/16,"[97.625, 97.6875]"
5,11,ChordType.MINOR,0,6,6,KeyMode.MAJOR,1/16,"[97.6875, 97.75]"
5,11,ChordType.MINOR,1,6,6,KeyMode.MAJOR,1/16,"[97.75, 97.8125]"
5,11,ChordType.MINOR,1,6,6,KeyMode.MAJOR,1/16,"[97.8125, 97.875]"
5,11,ChordType.MINOR,1,6,6,KeyMode.MAJOR,1/16,"[97.875, 97.9375]"
5,11,ChordType.MINOR,1,6,6,KeyMode.MAJOR,1/16,"[97.9375, 98.0]"
11,5,ChordType.DIM7,0,6,6,KeyMode.MAJOR,1/16,"[98.0, 98.0625]"
11,5,ChordType.DIM7,0,6,6,KeyMode.MAJOR,1/16,"[98.0625, 98.125]"
11,5,ChordType.DIM7,0,6,6,KeyMode.MAJOR,1/16,"[98.125, 98.1875]"
11,5,ChordType.DIM7,0,6,6,KeyMode.MAJOR,1/16,"[98.1875, 98.25]"
11,5,ChordType.DIM7,0,6,6,KeyMode.MAJOR,1/16,"[98.25, 98.3125]"
11,5,ChordType.DIM7,0,6,6,KeyMode.MAJOR,1/16,"[98.3125, 98.375]"
11,5,ChordType.DIM7,0,6,6,KeyMode.MAJOR,1/16,"[98.375, 98.4375]"
11,5,ChordType.DIM7,0,6,6,KeyMode.MAJOR,1/16,"[98.4375, 98.5]"
11,5,ChordType.DIM7,0,6,6,KeyMode.MAJOR,1/16,"[98.5, 98.5625]"
11,5,ChordType.DIM7,0,6,6,KeyMode.MAJOR,1/16,"[98.5625, 98.625]"
11,5,ChordType.DIM7,0,6,6,KeyMode.MAJOR,1/16,"[98.625, 98.6875]"
11,5,ChordType.DIM7,0,6,6,KeyMode.MAJOR,1/16,"[98.6875, 98.75]"
7,1,ChordType.MAJ_MIN7,1,6,6,KeyMode.MAJOR,1/16,"[98.75, 98.8125]"
7,1,ChordType.MAJ_MIN7,1,6,6,KeyMode.MAJOR,1/16,"[98.8125, 98.875]"
7,1,ChordType.MAJ_MIN7,1,6,6,KeyMode.MAJOR,1/16,"[98.875, 98.9375]"
7,1,ChordType.MAJ_MIN7,1,6,6,KeyMode.MAJOR,1/16,"[98.9375, 99.0]"
11,5,ChordType.DIMINISHED,0,6,6,KeyMode.MAJOR,1/16,"[99.0, 99.0625]"
11,5,ChordType.DIMINISHED,0,6,6,KeyMode.MAJOR,1/16,"[99.0625, 99.125]"
11,5,ChordType.DIMINISHED,0,6,6,KeyMode.MAJOR,1/16,"[99.125, 99.1875]"
11,5,ChordType.DIMINISHED,0,6,6,KeyMode.MAJOR,1/16,"[99.1875, 99.25]"
7,1,ChordType.MAJ_MIN7,2,6,6,KeyMode.MAJOR,1/16,"[99.25, 99.3125]"
7,1,ChordType.MAJ_MIN7,2,6,6,KeyMode.MAJOR,1/16,"[99.3125, 99.375]"
7,1,ChordType.MAJ_MIN7,2,6,6,KeyMode.MAJOR,1/16,"[99.375, 99.4375]"
7,1,ChordType.MAJ_MIN7,2,6,6,KeyMode.MAJOR,1/16,"[99.4375, 99.5]"
6,6,ChordType.MAJOR,0,6,6,KeyMode.MAJOR,1/16,"[99.5, 99.5625]"
6,6,ChordType.MAJOR,0,6,6,KeyMode.MAJOR,1/16,"[99.5625, 99.625]"
6,6,ChordType.MAJOR,0,6,6,KeyMode.MAJOR,1/16,"[99.625, 99.6875]"
6,6,ChordType.MAJOR,0,6,6,KeyMode.MAJOR,1/16,"[99.6875, 99.75]"
6,6,ChordType.MAJOR,2,6,6,KeyMode.MAJOR,1/16,"[99.75, 99.8125]"
6,6,ChordType.MAJOR,2,6,6,KeyMode.MAJOR,1/16,"[99.8125, 99.875]"
6,6,ChordType.MAJOR,2,6,6,KeyMode.MAJOR,1/16,"[99.875, 99.9375]"
6,6,ChordType.MAJOR,2,6,6,KeyMode.MAJOR,1/16,"[99.9375, 100.0]"
6,6,ChordType.MAJOR,1,6,6,KeyMode.MAJOR,1/16,"[100.0, 100.0625]"
6,6,ChordType.MAJOR,1,6,6,KeyMode.MAJOR,1/16,"[100.0625, 100.125]"
6,6,ChordType.MAJOR,1,6,6,KeyMode.MAJOR,1/16,"[100.125, 100.1875]"
6,6,ChordType.MAJOR,1,6,6,KeyMode.MAJOR,1/16,"[100.1875, 100.25]"
6,6,ChordType.MAJOR,0,6,6,KeyMode.MAJOR,1/16,"[100.25, 100.3125]"
6,6,ChordType.MAJOR,0,6,6,KeyMode.MAJOR,1/16,"[100.3125, 100.375]"
6,6,ChordType.MAJOR,0,6,6,KeyMode.MAJOR,1/16,"[100.375, 100.4375]"
6,6,ChordType.MAJOR,0,6,6,KeyMode.MAJOR,1/16,"[100.4375, 100.5]"
6,6,ChordType.MAJOR,0,6,6,KeyMode.MAJOR,1/16,"[100.5, 100.5625]"
6,6,ChordType.MAJOR,0,6,6,KeyMode.MAJOR,1/16,"[100.5625, 100.625]"
6,6,ChordType.MAJOR,0,6,6,KeyMode.MAJOR,1/16,"[100.625, 100.6875]"
6,6,ChordType.MAJOR,0,6,6,KeyMode.MAJOR,1/16,"[100.6875, 100.75]"
6,6,ChordType.MAJOR,2,6,6,KeyMode.MAJOR,1/16,"[100.75, 100.8125]"
6,6,ChordType.MAJOR,2,6,6,KeyMode.MAJOR,1/16,"[100.8125, 100.875]"
6,6,ChordType.MAJOR,2,6,6,KeyMode.MAJOR,1/16,"[100.875, 100.9375]"
6,6,ChordType.MAJOR,2,6,6,KeyMode.MAJOR,1/16,"[100.9375, 101.0]"
6,6,ChordType.MAJOR,1,6,6,KeyMode.MAJOR,1/16,"[101.0, 101.0625]"
6,6,ChordType.MAJOR,1,6,6,KeyMode.MAJOR,1/16,"[101.0625, 101.125]"
6,6,ChordType.MAJOR,1,6,6,KeyMode.MAJOR,1/16,"[101.125, 101.1875]"
6,6,ChordType.MAJOR,1,6,6,KeyMode.MAJOR,1/16,"[101.1875, 101.25]"
6,6,ChordType.MAJOR,0,6,6,KeyMode.MAJOR,1/16,"[101.25, 101.3125]"
6,6,ChordType.MAJOR,0,6,6,KeyMode.MAJOR,1/16,"[101.3125, 101.375]"
6,6,ChordType.MAJOR,0,6,6,KeyMode.MAJOR,1/16,"[101.375, 101.4375]"
6,6,ChordType.MAJOR,0,6,6,KeyMode.MAJOR,1/16,"[101.4375, 101.5]"
6,6,ChordType.MAJOR,2,6,6,KeyMode.MAJOR,1/16,"[101.5, 101.5625]"
6,6,ChordType.MAJOR,2,6,6,KeyMode.MAJOR,1/16,"[101.5625, 101.625]"
6,6,ChordType.MAJOR,2,6,6,KeyMode.MAJOR,1/16,"[101.625, 101.6875]"
6,6,ChordType.MAJOR,2,6,6,KeyMode.MAJOR,1/16,"[101.6875, 101.75]"
6,6,ChordType.MAJOR,1,6,6,KeyMode.MAJOR,1/16,"[101.75, 101.8125]"
6,6,ChordType.MAJOR,1,6,6,KeyMode.MAJOR,1/16,"[101.8125, 101.875]"
6,6,ChordType.MAJOR,1,6,6,KeyMode.MAJOR,1/16,"[101.875, 101.9375]"
6,6,ChordType.MAJOR,1,6,6,KeyMode.MAJOR,1/16,"[101.9375, 102.0]"
6,6,ChordType.MAJOR,0,6,6,KeyMode.MAJOR,1,"[102.0, 103.0]"
